date,metal,price
1985-01-01,gold,3825.85
1985-01-02,gold,3787.05
1985-01-03,gold,3718.88
1985-01-04,gold,3759.64
1985-01-07,gold,3741.23
1985-01-08,gold,3820.70
1985-01-09,gold,3742.23
1985-01-10,gold,3853.39
1985-01-11,gold,3845.57
1985-01-14,gold,3790.08
1985-01-15,gold,3804.07
1985-01-16,gold,3818.67
1985-01-17,gold,3859.89
1985-01-18,gold,3883.32
1985-01-21,gold,3891.13
1985-01-22,gold,3864.48
1985-01-23,gold,3842.37
1985-01-24,gold,3815.78
1985-01-25,gold,3805.49
1985-01-28,gold,3789.62
1985-01-29,gold,3830.10
1985-01-30,gold,3793.73
1985-01-31,gold,3834.78
1985-02-01,gold,3861.16
1985-02-04,gold,3839.36
1985-02-05,gold,3844.69
1985-02-06,gold,3863.15
1985-02-07,gold,3843.06
1985-02-08,gold,3861.46
1985-02-11,gold,3871.41
1985-02-12,gold,3933.16
1985-02-13,gold,3919.84
1985-02-14,gold,3918.76
1985-02-15,gold,3908.11
1985-02-18,gold,3917.56
1985-02-19,gold,3923.52
1985-02-20,gold,3943.74
1985-02-21,gold,3942.27
1985-02-22,gold,3918.61
1985-02-25,gold,3855.67
1985-02-26,gold,3740.12
1985-02-27,gold,3702.36
1985-02-28,gold,3783.14
1985-03-01,gold,3751.75
1985-03-04,gold,3790.93
1985-03-05,gold,3784.45
1985-03-06,gold,3687.17
1985-03-07,gold,3783.28
1985-03-08,gold,3758.38
1985-03-11,gold,3730.76
1985-03-12,gold,3697.43
1985-03-13,gold,3767.67
1985-03-14,gold,3782.81
1985-03-15,gold,3756.10
1985-03-18,gold,3742.59
1985-03-19,gold,3878.10
1985-03-20,gold,4181.54
1985-03-21,gold,3828.91
1985-03-22,gold,4042.68
1985-03-25,gold,3936.96
1985-03-26,gold,3988.52
1985-03-27,gold,4016.05
1985-03-28,gold,4080.35
1985-03-29,gold,4001.58
1985-04-01,gold,4022.65
1985-04-02,gold,3965.64
1985-04-03,gold,4009.19
1985-04-04,gold,3960.84
1985-04-05,gold,3960.84
1985-04-08,gold,3960.84
1985-04-09,gold,4084.00
1985-04-10,gold,4046.75
1985-04-11,gold,4012.51
1985-04-12,gold,4053.60
1985-04-15,gold,3989.50
1985-04-16,gold,4049.84
1985-04-17,gold,3983.93
1985-04-18,gold,3883.40
1985-04-19,gold,3932.40
1985-04-22,gold,4024.53
1985-04-23,gold,4062.14
1985-04-24,gold,4045.28
1985-04-25,gold,4049.37
1985-04-26,gold,3962.71
1985-04-29,gold,3978.42
1985-04-30,gold,3994.61
1985-05-01,gold,3938.15
1985-05-02,gold,3933.10
1985-05-03,gold,3934.24
1985-05-06,gold,3934.24
1985-05-07,gold,3880.04
1985-05-08,gold,3941.57
1985-05-09,gold,3875.67
1985-05-10,gold,3890.53
1985-05-13,gold,3864.04
1985-05-14,gold,3983.86
1985-05-15,gold,3985.66
1985-05-16,gold,3977.95
1985-05-17,gold,3943.93
1985-05-20,gold,3961.42
1985-05-21,gold,3893.93
1985-05-22,gold,3935.86
1985-05-23,gold,3903.64
1985-05-24,gold,3917.34
1985-05-27,gold,3917.34
1985-05-28,gold,3919.05
1985-05-29,gold,3836.29
1985-05-30,gold,3898.39
1985-05-31,gold,3856.98
1985-06-03,gold,3927.43
1985-06-04,gold,3966.56
1985-06-05,gold,3937.00
1985-06-06,gold,3892.80
1985-06-07,gold,3903.47
1985-06-10,gold,3891.60
1985-06-11,gold,3921.49
1985-06-12,gold,3907.49
1985-06-13,gold,3907.42
1985-06-14,gold,3912.42
1985-06-17,gold,3936.72
1985-06-18,gold,3948.26
1985-06-19,gold,3996.27
1985-06-20,gold,3944.61
1985-06-21,gold,3851.55
1985-06-24,gold,3875.95
1985-06-25,gold,3901.92
1985-06-26,gold,3871.99
1985-06-27,gold,3886.99
1985-06-28,gold,3874.71
1985-07-01,gold,3847.11
1985-07-02,gold,3774.71
1985-07-03,gold,3790.20
1985-07-04,gold,3801.18
1985-07-05,gold,3804.34
1985-07-08,gold,3777.68
1985-07-09,gold,3779.30
1985-07-10,gold,3803.12
1985-07-11,gold,3755.71
1985-07-12,gold,3757.52
1985-07-15,gold,3798.24
1985-07-16,gold,3850.64
1985-07-17,gold,3816.45
1985-07-18,gold,3790.99
1985-07-19,gold,3799.15
1985-07-22,gold,3791.46
1985-07-23,gold,3809.43
1985-07-24,gold,3790.94
1985-07-25,gold,3755.26
1985-07-26,gold,3755.99
1985-07-29,gold,3831.63
1985-07-30,gold,3828.58
1985-07-31,gold,3901.28
1985-08-01,gold,3868.77
1985-08-02,gold,3843.53
1985-08-05,gold,3860.86
1985-08-06,gold,3861.87
1985-08-07,gold,3856.85
1985-08-08,gold,3840.78
1985-08-09,gold,3843.05
1985-08-12,gold,3836.11
1985-08-13,gold,3871.12
1985-08-14,gold,3877.75
1985-08-15,gold,3913.83
1985-08-16,gold,3983.59
1985-08-19,gold,4019.18
1985-08-20,gold,3980.90
1985-08-21,gold,3985.68
1985-08-22,gold,3939.92
1985-08-23,gold,3925.49
1985-08-26,gold,3925.49
1985-08-27,gold,3972.32
1985-08-28,gold,4019.04
1985-08-29,gold,4011.91
1985-08-30,gold,3973.95
1985-09-02,gold,3986.90
1985-09-03,gold,3963.19
1985-09-04,gold,3981.69
1985-09-05,gold,3944.53
1985-09-06,gold,4121.54
1985-09-09,gold,3914.79
1985-09-10,gold,3937.87
1985-09-11,gold,3978.50
1985-09-12,gold,3894.63
1985-09-13,gold,3854.85
1985-09-16,gold,3875.35
1985-09-17,gold,3886.93
1985-09-18,gold,3867.89
1985-09-19,gold,3880.87
1985-09-20,gold,3849.90
1985-09-23,gold,3785.64
1985-09-24,gold,3867.91
1985-09-25,gold,3853.46
1985-09-26,gold,3859.77
1985-09-27,gold,3906.85
1985-09-30,gold,3826.23
1985-10-01,gold,3835.66
1985-10-02,gold,3823.18
1985-10-03,gold,3829.24
1985-10-04,gold,3936.04
1985-10-07,gold,3871.66
1985-10-08,gold,3947.47
1985-10-09,gold,3902.89
1985-10-10,gold,3909.97
1985-10-11,gold,3908.40
1985-10-14,gold,3904.87
1985-10-15,gold,3949.18
1985-10-16,gold,3921.99
1985-10-17,gold,3877.53
1985-10-18,gold,3900.10
1985-10-21,gold,3890.43
1985-10-22,gold,3909.67
1985-10-23,gold,3898.23
1985-10-24,gold,3943.49
1985-10-25,gold,3933.96
1985-10-28,gold,3911.13
1985-10-29,gold,3913.71
1985-10-30,gold,3904.14
1985-10-31,gold,3899.86
1985-11-01,gold,3865.32
1985-11-04,gold,3860.25
1985-11-05,gold,3912.23
1985-11-06,gold,3907.02
1985-11-07,gold,3939.53
1985-11-08,gold,3889.86
1985-11-11,gold,3886.30
1985-11-12,gold,3910.14
1985-11-13,gold,3908.74
1985-11-14,gold,3922.21
1985-11-15,gold,3894.86
1985-11-18,gold,3912.40
1985-11-19,gold,3889.72
1985-11-20,gold,3909.40
1985-11-21,gold,3902.19
1985-11-22,gold,3932.61
1985-11-25,gold,3926.44
1985-11-26,gold,3958.93
1985-11-27,gold,3898.26
1985-11-28,gold,3882.61
1985-11-29,gold,3861.15
1985-12-02,gold,3825.58
1985-12-03,gold,3878.63
1985-12-04,gold,3881.31
1985-12-05,gold,3880.92
1985-12-06,gold,3881.47
1985-12-09,gold,3819.24
1985-12-10,gold,3875.56
1985-12-11,gold,3877.71
1985-12-12,gold,3796.26
1985-12-13,gold,3845.57
1985-12-16,gold,3855.10
1985-12-17,gold,3849.16
1985-12-18,gold,3895.25
1985-12-19,gold,3865.66
1985-12-20,gold,3933.49
1985-12-23,gold,3915.72
1985-12-24,gold,3981.46
1985-12-25,gold,3981.46
1985-12-26,gold,3981.46
1985-12-27,gold,3916.78
1985-12-30,gold,3931.14
1985-12-31,gold,3920.61
1986-01-01,gold,3920.61
1986-01-02,gold,3932.81
1986-01-03,gold,3955.88
1986-01-06,gold,3940.11
1986-01-07,gold,4013.41
1986-01-08,gold,3993.27
1986-01-09,gold,4009.16
1986-01-10,gold,4134.84
1986-01-13,gold,4106.66
1986-01-14,gold,4167.66
1986-01-15,gold,4233.52
1986-01-16,gold,4442.70
1986-01-17,gold,4147.10
1986-01-20,gold,4302.26
1986-01-21,gold,4421.92
1986-01-22,gold,4417.75
1986-01-23,gold,4354.82
1986-01-24,gold,4368.60
1986-01-27,gold,4365.71
1986-01-28,gold,4353.99
1986-01-29,gold,4350.13
1986-01-30,gold,4376.52
1986-01-31,gold,4329.04
1986-02-03,gold,4255.77
1986-02-04,gold,4254.26
1986-02-05,gold,4164.94
1986-02-06,gold,4190.57
1986-02-07,gold,4190.94
1986-02-10,gold,4206.28
1986-02-11,gold,4186.93
1986-02-12,gold,4175.62
1986-02-13,gold,4154.20
1986-02-14,gold,4187.23
1986-02-17,gold,4152.41
1986-02-18,gold,4136.06
1986-02-19,gold,4165.79
1986-02-20,gold,4116.36
1986-02-21,gold,4088.49
1986-02-24,gold,4161.85
1986-02-25,gold,4269.69
1986-02-26,gold,4185.23
1986-02-27,gold,4078.53
1986-02-28,gold,4172.41
1986-03-03,gold,4072.82
1986-03-04,gold,4094.91
1986-03-05,gold,4211.15
1986-03-06,gold,4219.32
1986-03-07,gold,4133.89
1986-03-10,gold,4122.10
1986-03-11,gold,4153.59
1986-03-12,gold,4219.28
1986-03-13,gold,4306.22
1986-03-14,gold,4221.32
1986-03-17,gold,4263.28
1986-03-18,gold,4266.26
1986-03-19,gold,4236.72
1986-03-20,gold,4284.99
1986-03-21,gold,4260.53
1986-03-24,gold,4234.05
1986-03-25,gold,4319.47
1986-03-26,gold,4205.82
1986-03-27,gold,4172.51
1986-03-28,gold,4172.51
1986-03-31,gold,4172.51
1986-04-01,gold,4123.26
1986-04-02,gold,4145.42
1986-04-03,gold,4189.71
1986-04-04,gold,4200.14
1986-04-07,gold,4169.33
1986-04-08,gold,4252.02
1986-04-09,gold,4219.22
1986-04-10,gold,4231.64
1986-04-11,gold,4184.13
1986-04-14,gold,4219.56
1986-04-15,gold,4264.30
1986-04-16,gold,4177.63
1986-04-17,gold,4167.44
1986-04-18,gold,4192.86
1986-04-21,gold,4194.37
1986-04-22,gold,4260.13
1986-04-23,gold,4254.65
1986-04-24,gold,4226.24
1986-04-25,gold,4217.09
1986-04-28,gold,4102.64
1986-04-29,gold,4192.83
1986-04-30,gold,4206.07
1986-05-01,gold,4249.05
1986-05-02,gold,4194.81
1986-05-05,gold,4194.81
1986-05-06,gold,4186.85
1986-05-07,gold,4212.18
1986-05-08,gold,4224.47
1986-05-09,gold,4268.09
1986-05-12,gold,4220.71
1986-05-13,gold,4266.94
1986-05-14,gold,4204.35
1986-05-15,gold,4235.76
1986-05-16,gold,4258.42
1986-05-19,gold,4247.45
1986-05-20,gold,4231.09
1986-05-21,gold,4227.09
1986-05-22,gold,4302.46
1986-05-23,gold,4218.15
1986-05-26,gold,4218.15
1986-05-27,gold,4294.69
1986-05-28,gold,4342.72
1986-05-29,gold,4319.59
1986-05-30,gold,4364.66
1986-06-02,gold,4322.47
1986-06-03,gold,4331.94
1986-06-04,gold,4325.68
1986-06-05,gold,4302.12
1986-06-06,gold,4282.58
1986-06-09,gold,4278.21
1986-06-10,gold,4314.21
1986-06-11,gold,4318.39
1986-06-12,gold,4347.78
1986-06-13,gold,4284.39
1986-06-16,gold,4189.71
1986-06-17,gold,4239.62
1986-06-18,gold,4280.13
1986-06-19,gold,4280.17
1986-06-20,gold,4371.84
1986-06-23,gold,4273.86
1986-06-24,gold,4261.72
1986-06-25,gold,4304.16
1986-06-26,gold,4298.91
1986-06-27,gold,4295.20
1986-06-30,gold,4276.39
1986-07-01,gold,4240.85
1986-07-02,gold,4242.02
1986-07-03,gold,4217.32
1986-07-04,gold,4242.02
1986-07-07,gold,4246.80
1986-07-08,gold,4312.06
1986-07-09,gold,4328.51
1986-07-10,gold,4347.61
1986-07-11,gold,4372.32
1986-07-14,gold,4322.16
1986-07-15,gold,4308.40
1986-07-16,gold,4292.83
1986-07-17,gold,4343.29
1986-07-18,gold,4368.41
1986-07-21,gold,4408.70
1986-07-22,gold,4441.36
1986-07-23,gold,4342.18
1986-07-24,gold,4336.37
1986-07-25,gold,4395.58
1986-07-28,gold,4386.88
1986-07-29,gold,4402.88
1986-07-30,gold,4438.08
1986-07-31,gold,4468.86
1986-08-01,gold,4542.36
1986-08-04,gold,4512.54
1986-08-05,gold,4500.96
1986-08-06,gold,4544.48
1986-08-07,gold,4562.19
1986-08-08,gold,4511.88
1986-08-11,gold,4801.04
1986-08-12,gold,4808.05
1986-08-13,gold,4880.45
1986-08-14,gold,4794.64
1986-08-15,gold,4603.94
1986-08-18,gold,4737.74
1986-08-19,gold,4694.31
1986-08-20,gold,4749.46
1986-08-21,gold,4854.20
1986-08-22,gold,4868.70
1986-08-25,gold,4868.70
1986-08-26,gold,4774.96
1986-08-27,gold,4732.83
1986-08-28,gold,4818.10
1986-08-29,gold,4778.81
1986-09-01,gold,4875.52
1986-09-02,gold,4934.86
1986-09-03,gold,5053.14
1986-09-04,gold,5047.28
1986-09-05,gold,5277.36
1986-09-08,gold,5252.91
1986-09-09,gold,5166.06
1986-09-10,gold,5250.64
1986-09-11,gold,5110.27
1986-09-12,gold,5259.66
1986-09-15,gold,5172.95
1986-09-16,gold,5293.81
1986-09-17,gold,5220.40
1986-09-18,gold,5293.55
1986-09-19,gold,5435.21
1986-09-22,gold,5531.59
1986-09-23,gold,5518.53
1986-09-24,gold,5517.78
1986-09-25,gold,5510.75
1986-09-26,gold,5432.29
1986-09-29,gold,5442.13
1986-09-30,gold,5376.88
1986-10-01,gold,5416.53
1986-10-02,gold,5520.58
1986-10-03,gold,5535.77
1986-10-06,gold,5571.31
1986-10-07,gold,5584.63
1986-10-08,gold,5609.47
1986-10-09,gold,5583.64
1986-10-10,gold,5540.08
1986-10-13,gold,5479.50
1986-10-14,gold,5413.70
1986-10-15,gold,5357.49
1986-10-16,gold,5443.09
1986-10-17,gold,5511.13
1986-10-20,gold,5401.26
1986-10-21,gold,5419.91
1986-10-22,gold,5457.58
1986-10-23,gold,5462.56
1986-10-24,gold,5320.82
1986-10-27,gold,5300.25
1986-10-28,gold,5275.99
1986-10-29,gold,5238.85
1986-10-30,gold,5284.73
1986-10-31,gold,5187.41
1986-11-03,gold,5238.22
1986-11-04,gold,5261.67
1986-11-05,gold,5242.83
1986-11-06,gold,5276.62
1986-11-07,gold,5291.88
1986-11-10,gold,5307.85
1986-11-11,gold,5269.26
1986-11-12,gold,5331.10
1986-11-13,gold,5323.36
1986-11-14,gold,5338.12
1986-11-17,gold,5110.61
1986-11-18,gold,5105.50
1986-11-19,gold,5175.98
1986-11-20,gold,5099.89
1986-11-21,gold,5063.73
1986-11-24,gold,4962.34
1986-11-25,gold,5111.93
1986-11-26,gold,4997.70
1986-11-27,gold,5008.19
1986-11-28,gold,5069.26
1986-12-01,gold,5129.39
1986-12-02,gold,5103.82
1986-12-03,gold,5096.85
1986-12-04,gold,5100.99
1986-12-05,gold,5100.71
1986-12-08,gold,5073.99
1986-12-09,gold,5071.26
1986-12-10,gold,5133.47
1986-12-11,gold,5109.53
1986-12-12,gold,5135.87
1986-12-15,gold,5155.49
1986-12-16,gold,5176.94
1986-12-17,gold,5143.07
1986-12-18,gold,5103.94
1986-12-19,gold,5178.68
1986-12-22,gold,5138.06
1986-12-23,gold,5043.35
1986-12-24,gold,5092.20
1986-12-25,gold,5092.20
1986-12-26,gold,5092.20
1986-12-29,gold,5033.98
1986-12-30,gold,5069.65
1986-12-31,gold,5060.97
1987-01-01,gold,5060.97
1987-01-02,gold,5423.66
1987-01-05,gold,5145.35
1987-01-06,gold,5212.57
1987-01-07,gold,5224.49
1987-01-08,gold,5220.69
1987-01-09,gold,5212.28
1987-01-12,gold,5283.80
1987-01-13,gold,5317.90
1987-01-14,gold,5341.66
1987-01-15,gold,5391.39
1987-01-16,gold,5158.99
1987-01-19,gold,5411.63
1987-01-20,gold,5405.51
1987-01-21,gold,5284.59
1987-01-22,gold,5317.99
1987-01-23,gold,5340.56
1987-01-26,gold,5327.92
1987-01-27,gold,5262.37
1987-01-28,gold,5290.43
1987-01-29,gold,5293.04
1987-01-30,gold,5264.70
1987-02-02,gold,5241.85
1987-02-03,gold,5256.41
1987-02-04,gold,5233.73
1987-02-05,gold,5219.03
1987-02-06,gold,5284.91
1987-02-09,gold,5264.15
1987-02-10,gold,5194.55
1987-02-11,gold,5248.47
1987-02-12,gold,5237.54
1987-02-13,gold,5222.52
1987-02-16,gold,5235.52
1987-02-17,gold,5148.31
1987-02-18,gold,5066.05
1987-02-19,gold,5113.75
1987-02-20,gold,5172.70
1987-02-23,gold,5223.30
1987-02-24,gold,5190.89
1987-02-25,gold,5289.28
1987-02-26,gold,5248.05
1987-02-27,gold,5202.44
1987-03-02,gold,5143.59
1987-03-03,gold,5239.80
1987-03-04,gold,5323.74
1987-03-05,gold,5276.20
1987-03-06,gold,5220.32
1987-03-09,gold,5202.77
1987-03-10,gold,5234.76
1987-03-11,gold,5250.68
1987-03-12,gold,5284.25
1987-03-13,gold,5264.66
1987-03-16,gold,5245.36
1987-03-17,gold,5218.83
1987-03-18,gold,5179.90
1987-03-19,gold,5189.26
1987-03-20,gold,5246.78
1987-03-23,gold,5212.61
1987-03-24,gold,5243.82
1987-03-25,gold,5297.68
1987-03-26,gold,5265.74
1987-03-27,gold,5196.22
1987-03-30,gold,5358.90
1987-03-31,gold,5419.54
1987-04-01,gold,5401.74
1987-04-02,gold,5386.17
1987-04-03,gold,5318.16
1987-04-06,gold,5416.32
1987-04-07,gold,5359.02
1987-04-08,gold,5399.07
1987-04-09,gold,5381.55
1987-04-10,gold,5358.07
1987-04-13,gold,5479.28
1987-04-14,gold,5645.73
1987-04-15,gold,5665.69
1987-04-16,gold,5480.60
1987-04-17,gold,5480.60
1987-04-20,gold,5480.60
1987-04-21,gold,5743.03
1987-04-22,gold,5702.76
1987-04-23,gold,5735.05
1987-04-24,gold,5823.96
1987-04-27,gold,5871.41
1987-04-28,gold,5773.73
1987-04-29,gold,5670.49
1987-04-30,gold,5734.45
1987-05-01,gold,5763.42
1987-05-04,gold,5763.42
1987-05-05,gold,5750.24
1987-05-06,gold,5676.56
1987-05-07,gold,5712.97
1987-05-08,gold,5752.87
1987-05-11,gold,5749.56
1987-05-12,gold,5820.62
1987-05-13,gold,5818.39
1987-05-14,gold,5796.01
1987-05-15,gold,5891.56
1987-05-18,gold,6070.19
1987-05-19,gold,5927.30
1987-05-20,gold,5993.60
1987-05-21,gold,5923.84
1987-05-22,gold,5881.77
1987-05-25,gold,5881.77
1987-05-26,gold,5771.79
1987-05-27,gold,5814.20
1987-05-28,gold,5811.47
1987-05-29,gold,5758.33
1987-06-01,gold,5640.13
1987-06-02,gold,5775.45
1987-06-03,gold,5778.45
1987-06-04,gold,5808.05
1987-06-05,gold,5790.94
1987-06-08,gold,5793.29
1987-06-09,gold,5722.77
1987-06-10,gold,5793.72
1987-06-11,gold,5802.78
1987-06-12,gold,5828.02
1987-06-15,gold,5787.22
1987-06-16,gold,5829.71
1987-06-17,gold,5779.23
1987-06-18,gold,5809.47
1987-06-19,gold,5889.37
1987-06-22,gold,5631.23
1987-06-23,gold,5680.94
1987-06-24,gold,5611.38
1987-06-25,gold,5667.61
1987-06-26,gold,5806.43
1987-06-29,gold,5758.82
1987-06-30,gold,5727.76
1987-07-01,gold,5726.88
1987-07-02,gold,5744.60
1987-07-03,gold,5734.68
1987-07-06,gold,5665.09
1987-07-07,gold,5710.36
1987-07-08,gold,5747.83
1987-07-09,gold,5771.89
1987-07-10,gold,5764.81
1987-07-13,gold,5741.70
1987-07-14,gold,5818.75
1987-07-15,gold,5815.95
1987-07-16,gold,5863.09
1987-07-17,gold,5910.04
1987-07-20,gold,5910.68
1987-07-21,gold,5923.88
1987-07-22,gold,5956.01
1987-07-23,gold,5893.57
1987-07-24,gold,5852.55
1987-07-27,gold,5881.66
1987-07-28,gold,5936.34
1987-07-29,gold,5958.42
1987-07-30,gold,5966.14
1987-07-31,gold,5938.18
1987-08-03,gold,6089.64
1987-08-04,gold,6271.79
1987-08-05,gold,6141.02
1987-08-06,gold,6137.01
1987-08-07,gold,6089.90
1987-08-10,gold,6015.63
1987-08-11,gold,6032.62
1987-08-12,gold,6041.00
1987-08-13,gold,6054.21
1987-08-14,gold,5971.27
1987-08-17,gold,5826.51
1987-08-18,gold,5888.28
1987-08-19,gold,5922.13
1987-08-20,gold,5919.91
1987-08-21,gold,5957.40
1987-08-24,gold,5962.51
1987-08-25,gold,5982.61
1987-08-26,gold,5957.74
1987-08-27,gold,5941.21
1987-08-28,gold,5870.47
1987-08-31,gold,5870.47
1987-09-01,gold,5855.59
1987-09-02,gold,5958.95
1987-09-03,gold,5932.22
1987-09-04,gold,5991.17
1987-09-07,gold,5919.40
1987-09-08,gold,5857.96
1987-09-09,gold,5931.39
1987-09-10,gold,5933.97
1987-09-11,gold,5991.10
1987-09-14,gold,5871.14
1987-09-15,gold,5943.20
1987-09-16,gold,5939.84
1987-09-17,gold,5950.73
1987-09-18,gold,5921.99
1987-09-21,gold,5933.75
1987-09-22,gold,5980.00
1987-09-23,gold,6000.78
1987-09-24,gold,6041.77
1987-09-25,gold,5988.21
1987-09-28,gold,5931.36
1987-09-29,gold,6003.44
1987-09-30,gold,5954.31
1987-10-01,gold,5972.89
1987-10-02,gold,6011.57
1987-10-05,gold,5903.02
1987-10-06,gold,5964.66
1987-10-07,gold,5976.41
1987-10-08,gold,5959.48
1987-10-09,gold,5879.62
1987-10-12,gold,5976.08
1987-10-13,gold,5996.57
1987-10-14,gold,5980.28
1987-10-15,gold,6061.07
1987-10-16,gold,6047.16
1987-10-19,gold,6211.07
1987-10-20,gold,6059.27
1987-10-21,gold,6064.42
1987-10-22,gold,6126.85
1987-10-23,gold,5966.24
1987-10-26,gold,5979.00
1987-10-27,gold,6108.87
1987-10-28,gold,6148.85
1987-10-29,gold,6142.54
1987-10-30,gold,6078.50
1987-11-02,gold,6031.54
1987-11-03,gold,6017.62
1987-11-04,gold,6034.47
1987-11-05,gold,5850.03
1987-11-06,gold,6030.45
1987-11-09,gold,5861.54
1987-11-10,gold,5898.24
1987-11-11,gold,5981.07
1987-11-12,gold,6076.31
1987-11-13,gold,5979.35
1987-11-16,gold,5988.97
1987-11-17,gold,6025.26
1987-11-18,gold,6007.61
1987-11-19,gold,6005.03
1987-11-20,gold,6021.36
1987-11-23,gold,6057.61
1987-11-24,gold,6174.74
1987-11-25,gold,6159.17
1987-11-26,gold,6175.11
1987-11-27,gold,5984.20
1987-11-30,gold,6230.42
1987-12-01,gold,6278.58
1987-12-02,gold,6315.06
1987-12-03,gold,6336.86
1987-12-04,gold,6383.48
1987-12-07,gold,6166.23
1987-12-08,gold,6298.60
1987-12-09,gold,6306.45
1987-12-10,gold,6228.83
1987-12-11,gold,6362.53
1987-12-14,gold,6449.27
1987-12-15,gold,6358.85
1987-12-16,gold,6245.82
1987-12-17,gold,6135.54
1987-12-18,gold,6227.37
1987-12-21,gold,6175.75
1987-12-22,gold,6223.17
1987-12-23,gold,6255.05
1987-12-24,gold,6259.54
1987-12-25,gold,6259.54
1987-12-28,gold,6394.21
1987-12-29,gold,6214.65
1987-12-30,gold,6192.84
1987-12-31,gold,6116.85
1988-01-01,gold,6116.85
1988-01-04,gold,6095.90
1988-01-05,gold,6231.07
1988-01-06,gold,6335.01
1988-01-07,gold,6279.35
1988-01-08,gold,6256.83
1988-01-11,gold,6216.44
1988-01-12,gold,6221.96
1988-01-13,gold,6257.22
1988-01-14,gold,6256.53
1988-01-15,gold,6404.91
1988-01-18,gold,6161.85
1988-01-19,gold,6202.54
1988-01-20,gold,6181.99
1988-01-21,gold,6325.12
1988-01-22,gold,6222.94
1988-01-25,gold,6235.33
1988-01-26,gold,6071.62
1988-01-27,gold,6033.17
1988-01-28,gold,6053.81
1988-01-29,gold,6056.53
1988-02-01,gold,5921.67
1988-02-02,gold,5907.58
1988-02-03,gold,5786.32
1988-02-04,gold,5754.90
1988-02-05,gold,5771.51
1988-02-08,gold,5746.79
1988-02-09,gold,5714.01
1988-02-10,gold,5710.63
1988-02-11,gold,5720.43
1988-02-12,gold,5605.78
1988-02-15,gold,5809.87
1988-02-16,gold,5772.71
1988-02-17,gold,5788.67
1988-02-18,gold,5831.70
1988-02-19,gold,5757.67
1988-02-22,gold,5830.62
1988-02-23,gold,5730.79
1988-02-24,gold,5657.47
1988-02-25,gold,5597.36
1988-02-26,gold,5734.38
1988-02-29,gold,5501.94
1988-03-01,gold,5563.39
1988-03-02,gold,5572.19
1988-03-03,gold,5572.98
1988-03-04,gold,5577.37
1988-03-07,gold,5752.87
1988-03-08,gold,5545.61
1988-03-09,gold,5559.18
1988-03-10,gold,5689.78
1988-03-11,gold,5521.98
1988-03-14,gold,5704.14
1988-03-15,gold,5664.47
1988-03-16,gold,5751.00
1988-03-17,gold,5802.15
1988-03-18,gold,5765.02
1988-03-21,gold,5903.09
1988-03-22,gold,5815.23
1988-03-23,gold,5796.20
1988-03-24,gold,5767.53
1988-03-25,gold,5768.19
1988-03-28,gold,5811.09
1988-03-29,gold,5853.12
1988-03-30,gold,5868.12
1988-03-31,gold,6171.05
1988-04-01,gold,6171.05
1988-04-04,gold,6171.05
1988-04-05,gold,5928.16
1988-04-06,gold,5876.60
1988-04-07,gold,5841.46
1988-04-08,gold,5885.80
1988-04-11,gold,6051.78
1988-04-12,gold,5925.64
1988-04-13,gold,5950.08
1988-04-14,gold,5841.75
1988-04-15,gold,5933.46
1988-04-18,gold,5914.33
1988-04-19,gold,5987.57
1988-04-20,gold,5994.15
1988-04-21,gold,5922.36
1988-04-22,gold,6005.77
1988-04-25,gold,5921.69
1988-04-26,gold,5878.94
1988-04-27,gold,5930.88
1988-04-28,gold,5969.91
1988-04-29,gold,5900.67
1988-05-02,gold,5900.67
1988-05-03,gold,5882.92
1988-05-04,gold,5869.92
1988-05-05,gold,5882.55
1988-05-06,gold,5955.64
1988-05-09,gold,5816.57
1988-05-10,gold,5895.66
1988-05-11,gold,5905.63
1988-05-12,gold,5936.91
1988-05-13,gold,5824.91
1988-05-16,gold,5998.54
1988-05-17,gold,6087.18
1988-05-18,gold,5997.45
1988-05-19,gold,6070.79
1988-05-20,gold,5975.43
1988-05-23,gold,6041.23
1988-05-24,gold,6090.70
1988-05-25,gold,6045.64
1988-05-26,gold,6036.98
1988-05-27,gold,5990.94
1988-05-30,gold,6055.63
1988-05-31,gold,6119.11
1988-06-01,gold,6167.75
1988-06-02,gold,6170.95
1988-06-03,gold,6141.72
1988-06-06,gold,6249.17
1988-06-07,gold,6281.65
1988-06-08,gold,6202.33
1988-06-09,gold,6164.83
1988-06-10,gold,6315.53
1988-06-13,gold,6080.59
1988-06-14,gold,6176.30
1988-06-15,gold,6201.19
1988-06-16,gold,6242.55
1988-06-17,gold,6189.31
1988-06-20,gold,6491.11
1988-06-21,gold,6214.39
1988-06-22,gold,6231.07
1988-06-23,gold,6231.45
1988-06-24,gold,6236.80
1988-06-27,gold,6247.33
1988-06-28,gold,6221.04
1988-06-29,gold,6113.82
1988-06-30,gold,6143.33
1988-07-01,gold,6096.88
1988-07-04,gold,6238.86
1988-07-05,gold,6104.11
1988-07-06,gold,6102.03
1988-07-07,gold,6148.75
1988-07-08,gold,6125.02
1988-07-11,gold,6101.49
1988-07-12,gold,6077.29
1988-07-13,gold,6103.06
1988-07-14,gold,6174.56
1988-07-15,gold,6229.76
1988-07-18,gold,6262.00
1988-07-19,gold,6102.53
1988-07-20,gold,6224.70
1988-07-21,gold,6170.11
1988-07-22,gold,6138.29
1988-07-25,gold,6133.66
1988-07-26,gold,6079.18
1988-07-27,gold,6056.84
1988-07-28,gold,6103.53
1988-07-29,gold,6290.75
1988-08-01,gold,6467.64
1988-08-02,gold,6142.47
1988-08-03,gold,6102.41
1988-08-04,gold,6117.75
1988-08-05,gold,6216.95
1988-08-08,gold,6045.97
1988-08-09,gold,6080.14
1988-08-10,gold,6015.73
1988-08-11,gold,6045.30
1988-08-12,gold,6088.35
1988-08-15,gold,6077.51
1988-08-16,gold,6071.37
1988-08-17,gold,6109.42
1988-08-18,gold,6092.77
1988-08-19,gold,6119.08
1988-08-22,gold,6170.00
1988-08-23,gold,6176.89
1988-08-24,gold,6171.48
1988-08-25,gold,6142.24
1988-08-26,gold,6150.53
1988-08-29,gold,6150.53
1988-08-30,gold,6082.51
1988-08-31,gold,6120.69
1988-09-01,gold,6197.25
1988-09-02,gold,6154.57
1988-09-05,gold,6109.33
1988-09-06,gold,6096.53
1988-09-07,gold,6116.05
1988-09-08,gold,6149.35
1988-09-09,gold,6147.24
1988-09-12,gold,5972.00
1988-09-13,gold,6042.22
1988-09-14,gold,6107.80
1988-09-15,gold,6014.14
1988-09-16,gold,5998.72
1988-09-19,gold,5848.08
1988-09-20,gold,5902.39
1988-09-21,gold,5817.34
1988-09-22,gold,5782.56
1988-09-23,gold,5798.69
1988-09-26,gold,5738.61
1988-09-27,gold,5742.23
1988-09-28,gold,5718.28
1988-09-29,gold,5783.88
1988-09-30,gold,5773.74
1988-10-03,gold,5733.73
1988-10-04,gold,5792.41
1988-10-05,gold,5728.17
1988-10-06,gold,5872.19
1988-10-07,gold,5753.40
1988-10-10,gold,5854.82
1988-10-11,gold,5929.68
1988-10-12,gold,5893.82
1988-10-13,gold,5919.49
1988-10-14,gold,5851.05
1988-10-17,gold,6143.03
1988-10-18,gold,6022.67
1988-10-19,gold,6037.70
1988-10-20,gold,6026.61
1988-10-21,gold,5975.82
1988-10-24,gold,5969.70
1988-10-25,gold,5998.70
1988-10-26,gold,6012.39
1988-10-27,gold,5976.51
1988-10-28,gold,6072.67
1988-10-31,gold,6296.19
1988-11-01,gold,6103.44
1988-11-02,gold,6117.93
1988-11-03,gold,6378.96
1988-11-04,gold,6291.80
1988-11-07,gold,6230.23
1988-11-08,gold,6266.87
1988-11-09,gold,6351.83
1988-11-10,gold,6239.36
1988-11-11,gold,6216.91
1988-11-14,gold,6213.57
1988-11-15,gold,6324.62
1988-11-16,gold,6271.30
1988-11-17,gold,6312.74
1988-11-18,gold,6296.02
1988-11-21,gold,6166.13
1988-11-22,gold,6236.60
1988-11-23,gold,6233.97
1988-11-24,gold,6267.57
1988-11-25,gold,6301.08
1988-11-28,gold,6304.86
1988-11-29,gold,6265.94
1988-11-30,gold,6256.74
1988-12-01,gold,6314.68
1988-12-02,gold,6295.35
1988-12-05,gold,6377.64
1988-12-06,gold,6387.06
1988-12-07,gold,6362.15
1988-12-08,gold,6307.87
1988-12-09,gold,6355.90
1988-12-12,gold,6384.37
1988-12-13,gold,6323.93
1988-12-14,gold,6270.71
1988-12-15,gold,6251.95
1988-12-16,gold,6212.03
1988-12-19,gold,6129.85
1988-12-20,gold,6218.02
1988-12-21,gold,6199.38
1988-12-22,gold,6234.79
1988-12-23,gold,6264.24
1988-12-26,gold,6264.24
1988-12-27,gold,6264.24
1988-12-28,gold,6186.16
1988-12-29,gold,6111.74
1988-12-30,gold,6123.14
1989-01-02,gold,6123.14
1989-01-03,gold,6152.09
1989-01-04,gold,6161.77
1989-01-05,gold,6121.66
1989-01-06,gold,6185.04
1989-01-09,gold,6046.84
1989-01-10,gold,6114.90
1989-01-11,gold,6006.01
1989-01-12,gold,6054.82
1989-01-13,gold,6046.59
1989-01-16,gold,6159.38
1989-01-17,gold,6149.10
1989-01-18,gold,6075.37
1989-01-19,gold,6113.97
1989-01-20,gold,6081.97
1989-01-23,gold,6202.32
1989-01-24,gold,6177.87
1989-01-25,gold,6070.76
1989-01-26,gold,6095.65
1989-01-27,gold,6131.07
1989-01-30,gold,5879.26
1989-01-31,gold,5970.25
1989-02-01,gold,5930.64
1989-02-02,gold,5908.94
1989-02-03,gold,5916.64
1989-02-06,gold,5846.48
1989-02-07,gold,5897.25
1989-02-08,gold,5894.07
1989-02-09,gold,5944.05
1989-02-10,gold,5961.10
1989-02-13,gold,6047.33
1989-02-14,gold,5786.82
1989-02-15,gold,5774.98
1989-02-16,gold,5801.28
1989-02-17,gold,5881.23
1989-02-20,gold,5789.67
1989-02-21,gold,5842.15
1989-02-22,gold,5888.30
1989-02-23,gold,5924.58
1989-02-24,gold,5940.04
1989-02-27,gold,5998.90
1989-02-28,gold,5884.35
1989-03-01,gold,5890.82
1989-03-02,gold,5858.30
1989-03-03,gold,5899.35
1989-03-06,gold,5985.38
1989-03-07,gold,5954.14
1989-03-08,gold,6013.52
1989-03-09,gold,5965.48
1989-03-10,gold,5927.42
1989-03-13,gold,6039.34
1989-03-14,gold,5999.68
1989-03-15,gold,6056.43
1989-03-16,gold,5996.26
1989-03-17,gold,6075.31
1989-03-20,gold,6242.91
1989-03-21,gold,6069.41
1989-03-22,gold,6056.52
1989-03-23,gold,6195.41
1989-03-24,gold,6195.41
1989-03-27,gold,6195.41
1989-03-28,gold,6138.42
1989-03-29,gold,5944.91
1989-03-30,gold,5977.55
1989-03-31,gold,5942.82
1989-04-03,gold,5943.30
1989-04-04,gold,5977.45
1989-04-05,gold,5960.15
1989-04-06,gold,5970.93
1989-04-07,gold,5988.68
1989-04-10,gold,6068.05
1989-04-11,gold,6034.73
1989-04-12,gold,6053.95
1989-04-13,gold,6083.71
1989-04-14,gold,6059.53
1989-04-17,gold,5977.47
1989-04-18,gold,5975.25
1989-04-19,gold,6009.04
1989-04-20,gold,5987.85
1989-04-21,gold,6029.96
1989-04-24,gold,6012.29
1989-04-25,gold,6074.08
1989-04-26,gold,6069.49
1989-04-27,gold,6067.62
1989-04-28,gold,5922.89
1989-05-01,gold,5922.89
1989-05-02,gold,5966.95
1989-05-03,gold,5990.83
1989-05-04,gold,5991.50
1989-05-05,gold,6013.55
1989-05-08,gold,6003.97
1989-05-09,gold,6007.90
1989-05-10,gold,6000.73
1989-05-11,gold,6057.04
1989-05-12,gold,6005.93
1989-05-15,gold,6155.90
1989-05-16,gold,5995.36
1989-05-17,gold,6019.96
1989-05-18,gold,5914.74
1989-05-19,gold,6037.50
1989-05-22,gold,6031.87
1989-05-23,gold,5947.11
1989-05-24,gold,5834.70
1989-05-25,gold,5885.57
1989-05-26,gold,6215.60
1989-05-29,gold,5820.70
1989-05-30,gold,5919.46
1989-05-31,gold,5869.37
1989-06-01,gold,5883.53
1989-06-02,gold,5891.63
1989-06-05,gold,5912.36
1989-06-06,gold,5908.37
1989-06-07,gold,6034.88
1989-06-08,gold,6081.23
1989-06-09,gold,5938.09
1989-06-12,gold,5874.47
1989-06-13,gold,5923.47
1989-06-14,gold,5952.98
1989-06-15,gold,5899.97
1989-06-16,gold,6046.82
1989-06-19,gold,5881.21
1989-06-20,gold,6020.16
1989-06-21,gold,5948.12
1989-06-22,gold,6073.66
1989-06-23,gold,5924.29
1989-06-26,gold,6148.81
1989-06-27,gold,6099.96
1989-06-28,gold,6143.19
1989-06-29,gold,6199.04
1989-06-30,gold,6142.86
1989-07-03,gold,6265.93
1989-07-04,gold,6132.15
1989-07-05,gold,5982.29
1989-07-06,gold,6035.77
1989-07-07,gold,6196.13
1989-07-10,gold,6066.67
1989-07-11,gold,6158.47
1989-07-12,gold,6180.43
1989-07-13,gold,6211.35
1989-07-14,gold,6077.27
1989-07-17,gold,6050.80
1989-07-18,gold,6029.74
1989-07-19,gold,6103.93
1989-07-20,gold,6057.32
1989-07-21,gold,6152.11
1989-07-24,gold,6068.90
1989-07-25,gold,6102.97
1989-07-26,gold,6065.10
1989-07-27,gold,6108.10
1989-07-28,gold,6090.49
1989-07-31,gold,6011.26
1989-08-01,gold,6060.55
1989-08-02,gold,6048.23
1989-08-03,gold,6082.31
1989-08-04,gold,6388.22
1989-08-07,gold,6035.25
1989-08-08,gold,5992.84
1989-08-09,gold,6036.93
1989-08-10,gold,6020.40
1989-08-11,gold,6104.47
1989-08-14,gold,5981.31
1989-08-15,gold,6108.68
1989-08-16,gold,6078.48
1989-08-17,gold,6113.21
1989-08-18,gold,6060.92
1989-08-21,gold,6026.86
1989-08-22,gold,6021.87
1989-08-23,gold,6104.06
1989-08-24,gold,5976.72
1989-08-25,gold,5938.71
1989-08-28,gold,5938.71
1989-08-29,gold,5915.28
1989-08-30,gold,5967.52
1989-08-31,gold,5962.50
1989-09-01,gold,6027.30
1989-09-04,gold,5911.55
1989-09-05,gold,5985.29
1989-09-06,gold,5979.71
1989-09-07,gold,5965.11
1989-09-08,gold,5992.91
1989-09-11,gold,5912.60
1989-09-12,gold,5973.57
1989-09-13,gold,5948.84
1989-09-14,gold,6006.07
1989-09-15,gold,5991.21
1989-09-18,gold,5956.82
1989-09-19,gold,6017.74
1989-09-20,gold,6018.32
1989-09-21,gold,6046.78
1989-09-22,gold,6112.16
1989-09-25,gold,6120.59
1989-09-26,gold,6082.59
1989-09-27,gold,6156.48
1989-09-28,gold,6094.18
1989-09-29,gold,6115.90
1989-10-02,gold,6229.15
1989-10-03,gold,6128.26
1989-10-04,gold,6148.48
1989-10-05,gold,6081.64
1989-10-06,gold,6072.96
1989-10-09,gold,6145.62
1989-10-10,gold,6088.18
1989-10-11,gold,6103.60
1989-10-12,gold,6096.98
1989-10-13,gold,6078.35
1989-10-16,gold,6151.69
1989-10-17,gold,6129.37
1989-10-18,gold,6145.18
1989-10-19,gold,6174.69
1989-10-20,gold,6130.13
1989-10-23,gold,6072.58
1989-10-24,gold,6075.12
1989-10-25,gold,6148.90
1989-10-26,gold,6128.41
1989-10-27,gold,6219.64
1989-10-30,gold,6329.11
1989-10-31,gold,6309.71
1989-11-01,gold,6246.60
1989-11-02,gold,6338.80
1989-11-03,gold,6407.47
1989-11-06,gold,6337.58
1989-11-07,gold,6461.38
1989-11-08,gold,6449.62
1989-11-09,gold,6506.58
1989-11-10,gold,6509.56
1989-11-13,gold,6522.74
1989-11-14,gold,6529.13
1989-11-15,gold,6615.20
1989-11-16,gold,6596.70
1989-11-17,gold,6653.56
1989-11-20,gold,6636.55
1989-11-21,gold,6702.84
1989-11-22,gold,6910.73
1989-11-23,gold,6933.59
1989-11-24,gold,7002.95
1989-11-27,gold,6920.14
1989-11-28,gold,6919.25
1989-11-29,gold,6931.62
1989-11-30,gold,6881.84
1989-12-01,gold,6972.86
1989-12-04,gold,6925.43
1989-12-05,gold,6801.15
1989-12-06,gold,6771.25
1989-12-07,gold,6837.55
1989-12-08,gold,6883.41
1989-12-11,gold,6874.90
1989-12-12,gold,6965.69
1989-12-13,gold,6991.23
1989-12-14,gold,6914.07
1989-12-15,gold,6989.35
1989-12-18,gold,6863.69
1989-12-19,gold,7000.89
1989-12-20,gold,6974.52
1989-12-21,gold,6985.78
1989-12-22,gold,6908.75
1989-12-25,gold,6908.75
1989-12-26,gold,6908.75
1989-12-27,gold,6846.17
1989-12-28,gold,6720.74
1989-12-29,gold,6624.80
1990-01-01,gold,6624.80
1990-01-02,gold,6764.68
1990-01-03,gold,6700.28
1990-01-04,gold,6713.74
1990-01-05,gold,6851.37
1990-01-08,gold,6729.06
1990-01-09,gold,6827.43
1990-01-10,gold,6914.71
1990-01-11,gold,6973.61
1990-01-12,gold,7051.70
1990-01-15,gold,6997.48
1990-01-16,gold,7001.30
1990-01-17,gold,6956.90
1990-01-18,gold,7016.49
1990-01-19,gold,6929.93
1990-01-22,gold,6884.29
1990-01-23,gold,6940.37
1990-01-24,gold,7139.16
1990-01-25,gold,7006.85
1990-01-26,gold,7068.27
1990-01-29,gold,7035.31
1990-01-30,gold,7056.12
1990-01-31,gold,7041.03
1990-02-01,gold,7058.09
1990-02-02,gold,7086.38
1990-02-05,gold,7040.93
1990-02-06,gold,7133.48
1990-02-07,gold,7175.96
1990-02-08,gold,7083.95
1990-02-09,gold,7087.06
1990-02-12,gold,7137.24
1990-02-13,gold,7092.75
1990-02-14,gold,7030.97
1990-02-15,gold,7055.59
1990-02-16,gold,7019.58
1990-02-19,gold,6979.79
1990-02-20,gold,7134.71
1990-02-21,gold,7139.17
1990-02-22,gold,7101.98
1990-02-23,gold,7067.87
1990-02-26,gold,6923.83
1990-02-27,gold,6950.62
1990-02-28,gold,6957.44
1990-03-01,gold,6927.35
1990-03-02,gold,6917.63
1990-03-05,gold,6789.69
1990-03-06,gold,6913.06
1990-03-07,gold,6827.31
1990-03-08,gold,6835.68
1990-03-09,gold,6816.59
1990-03-12,gold,6749.77
1990-03-13,gold,6795.82
1990-03-14,gold,6776.42
1990-03-15,gold,6819.65
1990-03-16,gold,6834.11
1990-03-19,gold,6809.75
1990-03-20,gold,6832.01
1990-03-21,gold,6721.41
1990-03-22,gold,6718.95
1990-03-23,gold,6749.22
1990-03-26,gold,6274.06
1990-03-27,gold,6330.24
1990-03-28,gold,6347.25
1990-03-29,gold,6376.70
1990-03-30,gold,6334.40
1990-04-02,gold,6459.98
1990-04-03,gold,6536.07
1990-04-04,gold,6442.64
1990-04-05,gold,6493.77
1990-04-06,gold,6503.79
1990-04-09,gold,6410.44
1990-04-10,gold,6428.02
1990-04-11,gold,6457.77
1990-04-12,gold,6403.17
1990-04-13,gold,6403.17
1990-04-16,gold,6403.17
1990-04-17,gold,6457.19
1990-04-18,gold,6476.59
1990-04-19,gold,6488.78
1990-04-20,gold,6517.63
1990-04-23,gold,6535.07
1990-04-24,gold,6535.50
1990-04-25,gold,6440.64
1990-04-26,gold,6458.65
1990-04-27,gold,6457.87
1990-04-30,gold,6379.27
1990-05-01,gold,6412.48
1990-05-02,gold,6438.39
1990-05-03,gold,6405.64
1990-05-04,gold,6307.62
1990-05-07,gold,6307.62
1990-05-08,gold,6429.48
1990-05-09,gold,6400.65
1990-05-10,gold,6419.75
1990-05-11,gold,6369.35
1990-05-14,gold,6308.08
1990-05-15,gold,6361.91
1990-05-16,gold,6392.60
1990-05-17,gold,6371.09
1990-05-18,gold,6371.09
1990-05-21,gold,6398.52
1990-05-22,gold,6481.92
1990-05-23,gold,6296.69
1990-05-24,gold,6347.61
1990-05-25,gold,6267.36
1990-05-28,gold,6267.36
1990-05-29,gold,6394.51
1990-05-30,gold,6366.52
1990-05-31,gold,6295.47
1990-06-01,gold,6311.02
1990-06-04,gold,6137.29
1990-06-05,gold,6230.60
1990-06-06,gold,6251.07
1990-06-07,gold,6143.19
1990-06-08,gold,6155.03
1990-06-11,gold,6101.01
1990-06-12,gold,6191.69
1990-06-13,gold,6088.61
1990-06-14,gold,6024.74
1990-06-15,gold,6032.38
1990-06-18,gold,6012.77
1990-06-19,gold,6069.81
1990-06-20,gold,6038.55
1990-06-21,gold,6086.93
1990-06-22,gold,6063.32
1990-06-25,gold,6091.89
1990-06-26,gold,6077.14
1990-06-27,gold,6107.45
1990-06-28,gold,6144.75
1990-06-29,gold,6140.54
1990-07-02,gold,6282.62
1990-07-03,gold,6299.15
1990-07-04,gold,6283.33
1990-07-05,gold,6266.72
1990-07-06,gold,6291.06
1990-07-09,gold,6225.32
1990-07-10,gold,6142.12
1990-07-11,gold,6153.92
1990-07-12,gold,6189.51
1990-07-13,gold,6341.60
1990-07-16,gold,6242.10
1990-07-17,gold,6278.41
1990-07-18,gold,6224.60
1990-07-19,gold,6310.07
1990-07-20,gold,6278.95
1990-07-23,gold,6311.02
1990-07-24,gold,6418.67
1990-07-25,gold,6476.62
1990-07-26,gold,6421.36
1990-07-27,gold,6381.40
1990-07-30,gold,6312.50
1990-07-31,gold,6457.20
1990-08-01,gold,6431.92
1990-08-02,gold,6608.75
1990-08-03,gold,6570.28
1990-08-06,gold,6532.45
1990-08-07,gold,6622.92
1990-08-08,gold,6671.27
1990-08-09,gold,6648.45
1990-08-10,gold,6768.09
1990-08-13,gold,6995.84
1990-08-14,gold,7121.66
1990-08-15,gold,6877.93
1990-08-16,gold,6949.57
1990-08-17,gold,7080.71
1990-08-20,gold,6965.73
1990-08-21,gold,7160.76
1990-08-22,gold,7074.69
1990-08-23,gold,7121.64
1990-08-24,gold,7095.63
1990-08-27,gold,7095.63
1990-08-28,gold,6738.57
1990-08-29,gold,6675.15
1990-08-30,gold,6805.67
1990-08-31,gold,6783.83
1990-09-03,gold,6814.07
1990-09-04,gold,6717.68
1990-09-05,gold,6701.75
1990-09-06,gold,6797.75
1990-09-07,gold,6788.61
1990-09-10,gold,6872.36
1990-09-11,gold,6725.03
1990-09-12,gold,6763.09
1990-09-13,gold,6792.58
1990-09-14,gold,6881.60
1990-09-17,gold,6895.84
1990-09-18,gold,6879.21
1990-09-19,gold,6913.94
1990-09-20,gold,6964.69
1990-09-21,gold,7058.23
1990-09-24,gold,7060.62
1990-09-25,gold,7296.12
1990-09-26,gold,7280.58
1990-09-27,gold,7276.28
1990-09-28,gold,7333.11
1990-10-01,gold,7340.83
1990-10-02,gold,6999.17
1990-10-03,gold,7005.10
1990-10-04,gold,7140.68
1990-10-05,gold,7136.23
1990-10-08,gold,6909.27
1990-10-09,gold,7162.32
1990-10-10,gold,7055.58
1990-10-11,gold,6978.08
1990-10-12,gold,6982.21
1990-10-15,gold,6820.83
1990-10-16,gold,6573.70
1990-10-17,gold,6619.67
1990-10-18,gold,6630.61
1990-10-19,gold,6734.73
1990-10-22,gold,6788.10
1990-10-23,gold,6713.00
1990-10-24,gold,6709.37
1990-10-25,gold,6794.48
1990-10-26,gold,6761.38
1990-10-29,gold,6677.50
1990-10-30,gold,6776.61
1990-10-31,gold,6895.03
1990-11-01,gold,6873.12
1990-11-02,gold,6874.82
1990-11-05,gold,6751.87
1990-11-06,gold,6865.32
1990-11-07,gold,6950.06
1990-11-08,gold,6981.23
1990-11-09,gold,6977.00
1990-11-12,gold,6847.75
1990-11-13,gold,6946.73
1990-11-14,gold,6943.08
1990-11-15,gold,6831.97
1990-11-16,gold,6803.45
1990-11-19,gold,6710.48
1990-11-20,gold,6864.11
1990-11-21,gold,6801.37
1990-11-22,gold,6841.54
1990-11-23,gold,6921.37
1990-11-26,gold,6968.33
1990-11-27,gold,6945.32
1990-11-28,gold,6983.68
1990-11-29,gold,7016.25
1990-11-30,gold,6999.61
1990-12-03,gold,6958.41
1990-12-04,gold,6836.59
1990-12-05,gold,6799.85
1990-12-06,gold,6697.01
1990-12-07,gold,6712.97
1990-12-10,gold,6733.66
1990-12-11,gold,6735.97
1990-12-12,gold,6695.85
1990-12-13,gold,6729.11
1990-12-14,gold,6752.04
1990-12-17,gold,6795.66
1990-12-18,gold,6845.86
1990-12-19,gold,6883.57
1990-12-20,gold,6979.53
1990-12-21,gold,7014.24
1990-12-24,gold,6939.16
1990-12-25,gold,6939.16
1990-12-26,gold,6939.16
1990-12-27,gold,6955.85
1990-12-28,gold,6977.52
1990-12-31,gold,6948.86
1991-01-01,gold,6948.86
1991-01-02,gold,7097.34
1991-01-03,gold,6997.65
1991-01-04,gold,7019.49
1991-01-07,gold,7179.96
1991-01-08,gold,7101.91
1991-01-09,gold,7044.76
1991-01-10,gold,7122.52
1991-01-11,gold,7136.08
1991-01-14,gold,7260.59
1991-01-15,gold,7323.45
1991-01-16,gold,7395.39
1991-01-17,gold,6954.41
1991-01-18,gold,6938.81
1991-01-21,gold,6872.84
1991-01-22,gold,7009.93
1991-01-23,gold,6972.91
1991-01-24,gold,6893.84
1991-01-25,gold,6897.10
1991-01-28,gold,6899.19
1991-01-29,gold,6963.00
1991-01-30,gold,6815.03
1991-01-31,gold,6810.58
1991-02-01,gold,6777.32
1991-02-04,gold,6758.15
1991-02-05,gold,6815.41
1991-02-06,gold,6703.63
1991-02-07,gold,6775.06
1991-02-08,gold,6915.98
1991-02-11,gold,6795.22
1991-02-12,gold,6816.95
1991-02-13,gold,6886.47
1991-02-14,gold,6923.48
1991-02-15,gold,6908.32
1991-02-18,gold,6875.99
1991-02-19,gold,6924.34
1991-02-20,gold,6957.84
1991-02-21,gold,6906.34
1991-02-22,gold,6825.32
1991-02-25,gold,6820.09
1991-02-26,gold,6825.84
1991-02-27,gold,6862.91
1991-02-28,gold,6917.02
1991-03-01,gold,7010.34
1991-03-04,gold,7031.59
1991-03-05,gold,6932.59
1991-03-06,gold,6962.65
1991-03-07,gold,6975.45
1991-03-08,gold,7036.34
1991-03-11,gold,7214.22
1991-03-12,gold,6949.85
1991-03-13,gold,6994.80
1991-03-14,gold,6970.90
1991-03-15,gold,7010.26
1991-03-18,gold,7086.06
1991-03-19,gold,7043.29
1991-03-20,gold,7063.35
1991-03-21,gold,6982.26
1991-03-22,gold,6964.89
1991-03-25,gold,7024.16
1991-03-26,gold,6954.10
1991-03-27,gold,6922.24
1991-03-28,gold,6942.23
1991-03-29,gold,6942.23
1991-04-01,gold,6942.23
1991-04-02,gold,7034.74
1991-04-03,gold,7025.68
1991-04-04,gold,7049.50
1991-04-05,gold,7055.10
1991-04-08,gold,7081.24
1991-04-09,gold,7177.33
1991-04-10,gold,7168.99
1991-04-11,gold,7163.27
1991-04-12,gold,7183.00
1991-04-15,gold,7346.92
1991-04-16,gold,7123.02
1991-04-17,gold,7119.90
1991-04-18,gold,7147.54
1991-04-19,gold,7155.72
1991-04-22,gold,7245.96
1991-04-23,gold,7193.09
1991-04-24,gold,7181.09
1991-04-25,gold,7162.39
1991-04-26,gold,7134.14
1991-04-29,gold,7076.44
1991-04-30,gold,7226.59
1991-05-01,gold,7202.35
1991-05-02,gold,7154.18
1991-05-03,gold,7089.03
1991-05-06,gold,7089.03
1991-05-07,gold,7255.44
1991-05-08,gold,7275.11
1991-05-09,gold,7300.34
1991-05-10,gold,7297.93
1991-05-13,gold,7324.49
1991-05-14,gold,7311.36
1991-05-15,gold,7384.19
1991-05-16,gold,7287.29
1991-05-17,gold,7278.88
1991-05-20,gold,7186.73
1991-05-21,gold,7349.64
1991-05-22,gold,7360.23
1991-05-23,gold,7342.44
1991-05-24,gold,7442.91
1991-05-27,gold,7442.91
1991-05-28,gold,7345.34
1991-05-29,gold,7471.97
1991-05-30,gold,7491.29
1991-05-31,gold,7527.25
1991-06-03,gold,7527.31
1991-06-04,gold,7609.76
1991-06-05,gold,7608.37
1991-06-06,gold,7655.80
1991-06-07,gold,7724.24
1991-06-10,gold,7756.03
1991-06-11,gold,7804.74
1991-06-12,gold,7783.63
1991-06-13,gold,7739.69
1991-06-14,gold,7713.78
1991-06-17,gold,7667.51
1991-06-18,gold,7820.61
1991-06-19,gold,7771.10
1991-06-20,gold,7764.45
1991-06-21,gold,7704.50
1991-06-24,gold,7470.68
1991-06-25,gold,7675.56
1991-06-26,gold,7719.47
1991-06-27,gold,7684.70
1991-06-28,gold,7785.63
1991-07-01,gold,7786.87
1991-07-02,gold,8487.76
1991-07-03,gold,9685.62
1991-07-04,gold,9605.10
1991-07-05,gold,9652.66
1991-07-08,gold,9324.49
1991-07-09,gold,9550.28
1991-07-10,gold,9620.76
1991-07-11,gold,9506.87
1991-07-12,gold,9502.32
1991-07-15,gold,9348.02
1991-07-16,gold,9574.33
1991-07-17,gold,9570.20
1991-07-18,gold,9544.21
1991-07-19,gold,9560.25
1991-07-22,gold,9458.21
1991-07-23,gold,9454.90
1991-07-24,gold,9419.15
1991-07-25,gold,9381.44
1991-07-26,gold,9377.68
1991-07-29,gold,9310.10
1991-07-30,gold,9300.92
1991-07-31,gold,9347.97
1991-08-01,gold,9345.50
1991-08-02,gold,9262.07
1991-08-05,gold,9045.97
1991-08-06,gold,9129.36
1991-08-07,gold,9132.33
1991-08-08,gold,9152.11
1991-08-09,gold,9227.46
1991-08-12,gold,9260.88
1991-08-13,gold,9211.88
1991-08-14,gold,9253.15
1991-08-15,gold,9300.54
1991-08-16,gold,9281.70
1991-08-19,gold,9337.36
1991-08-20,gold,9205.06
1991-08-21,gold,9223.01
1991-08-22,gold,9227.82
1991-08-23,gold,9191.54
1991-08-26,gold,9138.66
1991-08-27,gold,9173.96
1991-08-28,gold,9158.27
1991-08-29,gold,9035.58
1991-08-30,gold,8953.66
1991-09-02,gold,8931.07
1991-09-03,gold,8976.29
1991-09-04,gold,8973.78
1991-09-05,gold,8955.86
1991-09-06,gold,8978.98
1991-09-09,gold,9017.03
1991-09-10,gold,9053.73
1991-09-11,gold,8903.88
1991-09-12,gold,8919.53
1991-09-13,gold,8891.47
1991-09-16,gold,8798.32
1991-09-17,gold,8980.04
1991-09-18,gold,9018.78
1991-09-19,gold,9026.09
1991-09-20,gold,9017.18
1991-09-23,gold,9035.65
1991-09-24,gold,9105.64
1991-09-25,gold,9106.18
1991-09-26,gold,9065.53
1991-09-27,gold,9003.55
1991-09-30,gold,9120.51
1991-10-01,gold,9118.07
1991-10-02,gold,9158.06
1991-10-03,gold,9188.54
1991-10-04,gold,9167.71
1991-10-07,gold,9264.01
1991-10-08,gold,9244.00
1991-10-09,gold,9229.75
1991-10-10,gold,9267.78
1991-10-11,gold,9219.94
1991-10-14,gold,9233.98
1991-10-15,gold,9233.90
1991-10-16,gold,9213.83
1991-10-17,gold,9242.90
1991-10-18,gold,9247.45
1991-10-21,gold,9398.69
1991-10-22,gold,9365.73
1991-10-23,gold,9347.85
1991-10-24,gold,9306.95
1991-10-25,gold,9337.13
1991-10-28,gold,9249.24
1991-10-29,gold,9213.55
1991-10-30,gold,9287.85
1991-10-31,gold,9241.39
1991-11-01,gold,9244.86
1991-11-04,gold,9183.24
1991-11-05,gold,9197.78
1991-11-06,gold,9137.15
1991-11-07,gold,9137.15
1991-11-08,gold,9123.48
1991-11-11,gold,9149.78
1991-11-12,gold,9148.86
1991-11-13,gold,9200.64
1991-11-14,gold,9175.34
1991-11-15,gold,9165.84
1991-11-18,gold,9349.06
1991-11-19,gold,9358.39
1991-11-20,gold,9348.65
1991-11-21,gold,9386.67
1991-11-22,gold,9487.30
1991-11-25,gold,9529.52
1991-11-26,gold,9450.76
1991-11-27,gold,9490.17
1991-11-28,gold,9452.49
1991-11-29,gold,9466.73
1991-12-02,gold,9537.91
1991-12-03,gold,9310.26
1991-12-04,gold,9405.68
1991-12-05,gold,9399.91
1991-12-06,gold,9504.02
1991-12-09,gold,9597.37
1991-12-10,gold,9506.60
1991-12-11,gold,9466.24
1991-12-12,gold,9290.57
1991-12-13,gold,9287.48
1991-12-16,gold,9280.01
1991-12-17,gold,9223.10
1991-12-18,gold,9248.52
1991-12-19,gold,9258.77
1991-12-20,gold,9232.00
1991-12-23,gold,9204.44
1991-12-24,gold,9289.61
1991-12-25,gold,9289.61
1991-12-26,gold,9289.61
1991-12-27,gold,9103.94
1991-12-30,gold,9079.38
1991-12-31,gold,9080.55
1992-01-01,gold,9080.55
1992-01-02,gold,9063.28
1992-01-03,gold,9110.33
1992-01-06,gold,9098.96
1992-01-07,gold,9018.43
1992-01-08,gold,9030.94
1992-01-09,gold,9106.45
1992-01-10,gold,9261.71
1992-01-13,gold,9029.07
1992-01-14,gold,9117.81
1992-01-15,gold,9199.55
1992-01-16,gold,9190.80
1992-01-17,gold,9252.60
1992-01-20,gold,9294.25
1992-01-21,gold,9259.43
1992-01-22,gold,9208.97
1992-01-23,gold,9194.46
1992-01-24,gold,9169.24
1992-01-27,gold,9289.34
1992-01-28,gold,9237.40
1992-01-29,gold,9208.62
1992-01-30,gold,9252.59
1992-01-31,gold,9182.86
1992-02-03,gold,9127.80
1992-02-04,gold,9188.18
1992-02-05,gold,9126.53
1992-02-06,gold,9170.63
1992-02-07,gold,9170.51
1992-02-10,gold,9128.46
1992-02-11,gold,9225.58
1992-02-12,gold,9246.06
1992-02-13,gold,9250.12
1992-02-14,gold,9162.35
1992-02-17,gold,9148.38
1992-02-18,gold,9142.38
1992-02-19,gold,9397.16
1992-02-20,gold,9321.04
1992-02-21,gold,9264.97
1992-02-24,gold,9007.73
1992-02-25,gold,9124.57
1992-02-26,gold,9081.68
1992-02-27,gold,9215.65
1992-02-28,gold,9210.34
1992-03-02,gold,9172.99
1992-03-03,gold,9692.41
1992-03-04,gold,9678.65
1992-03-05,gold,9733.61
1992-03-06,gold,9671.78
1992-03-09,gold,9514.56
1992-03-10,gold,9611.85
1992-03-11,gold,9644.55
1992-03-12,gold,9727.10
1992-03-13,gold,9740.24
1992-03-16,gold,9677.18
1992-03-17,gold,9634.53
1992-03-18,gold,9689.47
1992-03-19,gold,9600.12
1992-03-20,gold,9670.64
1992-03-23,gold,9877.56
1992-03-24,gold,9858.85
1992-03-25,gold,9856.14
1992-03-26,gold,9855.29
1992-03-27,gold,9843.85
1992-03-30,gold,9896.22
1992-03-31,gold,9913.34
1992-04-01,gold,9946.86
1992-04-02,gold,9829.23
1992-04-03,gold,9836.07
1992-04-06,gold,9887.77
1992-04-07,gold,9758.67
1992-04-08,gold,9765.12
1992-04-09,gold,9786.60
1992-04-10,gold,9892.61
1992-04-13,gold,9843.55
1992-04-14,gold,9769.09
1992-04-15,gold,9840.35
1992-04-16,gold,9691.57
1992-04-17,gold,9691.57
1992-04-20,gold,9691.57
1992-04-21,gold,9672.91
1992-04-22,gold,9720.13
1992-04-23,gold,9705.27
1992-04-24,gold,9646.37
1992-04-27,gold,9577.43
1992-04-28,gold,9628.21
1992-04-29,gold,9618.79
1992-04-30,gold,9615.68
1992-05-01,gold,9764.97
1992-05-04,gold,9764.97
1992-05-05,gold,9629.26
1992-05-06,gold,9625.37
1992-05-07,gold,9605.44
1992-05-08,gold,9646.04
1992-05-11,gold,9544.63
1992-05-12,gold,9490.58
1992-05-13,gold,9496.88
1992-05-14,gold,9509.75
1992-05-15,gold,9610.12
1992-05-18,gold,9527.23
1992-05-19,gold,9546.24
1992-05-20,gold,9495.36
1992-05-21,gold,9587.74
1992-05-22,gold,9627.57
1992-05-25,gold,9627.57
1992-05-26,gold,9681.77
1992-05-27,gold,9740.62
1992-05-28,gold,9637.97
1992-05-29,gold,9669.22
1992-06-01,gold,9608.44
1992-06-02,gold,9681.47
1992-06-03,gold,9720.78
1992-06-04,gold,9672.80
1992-06-05,gold,9677.62
1992-06-08,gold,9972.63
1992-06-09,gold,9571.92
1992-06-10,gold,9572.43
1992-06-11,gold,9599.63
1992-06-12,gold,9620.48
1992-06-15,gold,9598.92
1992-06-16,gold,9687.95
1992-06-17,gold,9702.77
1992-06-18,gold,9677.75
1992-06-19,gold,9715.28
1992-06-22,gold,9585.95
1992-06-23,gold,9703.33
1992-06-24,gold,9650.20
1992-06-25,gold,9716.50
1992-06-26,gold,9727.66
1992-06-29,gold,9756.05
1992-06-30,gold,9838.49
1992-07-01,gold,9826.50
1992-07-02,gold,9730.44
1992-07-03,gold,9808.72
1992-07-06,gold,9980.62
1992-07-07,gold,9844.93
1992-07-08,gold,9934.68
1992-07-09,gold,9905.73
1992-07-10,gold,9947.44
1992-07-13,gold,9936.77
1992-07-14,gold,9986.00
1992-07-15,gold,10017.64
1992-07-16,gold,10047.70
1992-07-17,gold,10144.78
1992-07-20,gold,10490.51
1992-07-21,gold,10191.50
1992-07-22,gold,10186.73
1992-07-23,gold,10197.89
1992-07-24,gold,10159.60
1992-07-27,gold,10171.03
1992-07-28,gold,10197.84
1992-07-29,gold,10174.22
1992-07-30,gold,10129.91
1992-07-31,gold,10174.50
1992-08-03,gold,10003.19
1992-08-04,gold,10001.12
1992-08-05,gold,9935.93
1992-08-06,gold,9882.48
1992-08-07,gold,9901.29
1992-08-10,gold,9908.71
1992-08-11,gold,9860.18
1992-08-12,gold,9810.41
1992-08-13,gold,9564.55
1992-08-14,gold,9527.13
1992-08-17,gold,9459.81
1992-08-18,gold,9524.71
1992-08-19,gold,9582.79
1992-08-20,gold,9559.19
1992-08-21,gold,9564.67
1992-08-24,gold,9573.93
1992-08-25,gold,9674.43
1992-08-26,gold,9599.63
1992-08-27,gold,9618.14
1992-08-28,gold,9699.96
1992-08-31,gold,9699.96
1992-09-01,gold,9697.47
1992-09-02,gold,9647.78
1992-09-03,gold,9609.58
1992-09-04,gold,9688.13
1992-09-07,gold,9712.07
1992-09-08,gold,9707.90
1992-09-09,gold,9743.23
1992-09-10,gold,9702.28
1992-09-11,gold,9641.58
1992-09-14,gold,9775.99
1992-09-15,gold,9817.91
1992-09-16,gold,9817.67
1992-09-17,gold,9900.35
1992-09-18,gold,9871.25
1992-09-21,gold,9849.02
1992-09-22,gold,9908.59
1992-09-23,gold,9875.75
1992-09-24,gold,9888.31
1992-09-25,gold,9915.99
1992-09-28,gold,9818.43
1992-09-29,gold,9854.50
1992-09-30,gold,9903.84
1992-10-01,gold,9925.59
1992-10-02,gold,9883.52
1992-10-05,gold,9888.79
1992-10-06,gold,9921.75
1992-10-07,gold,9925.34
1992-10-08,gold,9955.03
1992-10-09,gold,9954.34
1992-10-12,gold,9775.16
1992-10-13,gold,9741.93
1992-10-14,gold,9770.59
1992-10-15,gold,9671.85
1992-10-16,gold,9680.17
1992-10-19,gold,9845.54
1992-10-20,gold,9746.06
1992-10-21,gold,9764.25
1992-10-22,gold,9721.63
1992-10-23,gold,9771.76
1992-10-26,gold,9681.95
1992-10-27,gold,9599.10
1992-10-28,gold,9598.24
1992-10-29,gold,9628.17
1992-10-30,gold,9632.52
1992-11-02,gold,9665.16
1992-11-03,gold,9621.01
1992-11-04,gold,9585.86
1992-11-05,gold,9581.02
1992-11-06,gold,9557.01
1992-11-09,gold,9541.29
1992-11-10,gold,9353.00
1992-11-11,gold,9407.18
1992-11-12,gold,9437.84
1992-11-13,gold,9479.52
1992-11-16,gold,9513.48
1992-11-17,gold,9468.16
1992-11-18,gold,9531.95
1992-11-19,gold,9498.60
1992-11-20,gold,9538.12
1992-11-23,gold,9395.09
1992-11-24,gold,9477.52
1992-11-25,gold,9510.71
1992-11-26,gold,9515.43
1992-11-27,gold,9478.94
1992-11-30,gold,9425.57
1992-12-01,gold,9513.50
1992-12-02,gold,9618.65
1992-12-03,gold,9580.25
1992-12-04,gold,9718.93
1992-12-07,gold,9505.79
1992-12-08,gold,9721.63
1992-12-09,gold,9645.89
1992-12-10,gold,9708.81
1992-12-11,gold,9754.13
1992-12-14,gold,9651.19
1992-12-15,gold,9681.77
1992-12-16,gold,9751.11
1992-12-17,gold,9824.83
1992-12-18,gold,9751.59
1992-12-21,gold,9628.99
1992-12-22,gold,9612.76
1992-12-23,gold,9672.60
1992-12-24,gold,9605.21
1992-12-25,gold,9605.21
1992-12-28,gold,9605.21
1992-12-29,gold,9541.12
1992-12-30,gold,9627.13
1992-12-31,gold,9639.30
1993-01-01,gold,9639.30
1993-01-04,gold,9483.75
1993-01-05,gold,9276.49
1993-01-06,gold,9519.28
1993-01-07,gold,9540.21
1993-01-08,gold,9480.30
1993-01-11,gold,9447.19
1993-01-12,gold,9526.49
1993-01-13,gold,9478.63
1993-01-14,gold,9477.88
1993-01-15,gold,9507.58
1993-01-18,gold,9426.76
1993-01-19,gold,9524.76
1993-01-20,gold,9518.80
1993-01-21,gold,9542.76
1993-01-22,gold,9435.10
1993-01-25,gold,9413.95
1993-01-26,gold,9589.22
1993-01-27,gold,9620.03
1993-01-28,gold,9590.63
1993-01-29,gold,9642.39
1993-02-01,gold,9625.36
1993-02-02,gold,9642.16
1993-02-03,gold,9666.34
1993-02-04,gold,9666.35
1993-02-05,gold,9791.73
1993-02-08,gold,9677.88
1993-02-09,gold,9842.65
1993-02-10,gold,9939.40
1993-02-11,gold,10092.24
1993-02-12,gold,9998.60
1993-02-15,gold,9801.40
1993-02-16,gold,9916.51
1993-02-17,gold,9898.54
1993-02-18,gold,9893.94
1993-02-19,gold,9979.78
1993-02-22,gold,9887.62
1993-02-23,gold,9920.75
1993-02-24,gold,9916.52
1993-02-25,gold,9997.49
1993-02-26,gold,9885.56
1993-03-01,gold,10493.75
1993-03-02,gold,10642.55
1993-03-03,gold,10562.64
1993-03-04,gold,10517.22
1993-03-05,gold,10524.19
1993-03-08,gold,10304.87
1993-03-09,gold,10332.53
1993-03-10,gold,10281.53
1993-03-11,gold,10338.36
1993-03-12,gold,10313.97
1993-03-15,gold,10244.94
1993-03-16,gold,10409.60
1993-03-17,gold,10364.36
1993-03-18,gold,10387.77
1993-03-19,gold,10486.11
1993-03-22,gold,10392.85
1993-03-23,gold,10451.44
1993-03-24,gold,10436.84
1993-03-25,gold,10483.43
1993-03-26,gold,10486.42
1993-03-29,gold,10380.82
1993-03-30,gold,10455.87
1993-03-31,gold,10539.89
1993-04-01,gold,10501.71
1993-04-02,gold,10694.93
1993-04-05,gold,10550.91
1993-04-06,gold,10601.26
1993-04-07,gold,10536.92
1993-04-08,gold,10597.50
1993-04-09,gold,10597.50
1993-04-12,gold,10597.50
1993-04-13,gold,10558.87
1993-04-14,gold,10638.81
1993-04-15,gold,10615.99
1993-04-16,gold,10584.78
1993-04-19,gold,10546.47
1993-04-20,gold,10663.20
1993-04-21,gold,10631.12
1993-04-22,gold,10630.53
1993-04-23,gold,10812.34
1993-04-26,gold,10948.67
1993-04-27,gold,11065.32
1993-04-28,gold,10969.43
1993-04-29,gold,11198.80
1993-04-30,gold,11114.50
1993-05-03,gold,11114.50
1993-05-04,gold,11178.88
1993-05-05,gold,11088.24
1993-05-06,gold,11151.83
1993-05-07,gold,11220.96
1993-05-10,gold,11259.07
1993-05-11,gold,11154.81
1993-05-12,gold,11210.95
1993-05-13,gold,11501.99
1993-05-14,gold,11528.24
1993-05-17,gold,11580.67
1993-05-18,gold,11533.52
1993-05-19,gold,11957.46
1993-05-20,gold,11688.45
1993-05-21,gold,11707.20
1993-05-24,gold,11814.56
1993-05-25,gold,11846.28
1993-05-26,gold,11743.87
1993-05-27,gold,11767.88
1993-05-28,gold,11780.25
1993-05-31,gold,11780.25
1993-06-01,gold,11935.24
1993-06-02,gold,11619.56
1993-06-03,gold,11791.07
1993-06-04,gold,11918.77
1993-06-07,gold,11616.52
1993-06-08,gold,11804.88
1993-06-09,gold,11636.32
1993-06-10,gold,11647.43
1993-06-11,gold,11623.97
1993-06-14,gold,11361.92
1993-06-15,gold,11479.00
1993-06-16,gold,11562.39
1993-06-17,gold,11611.30
1993-06-18,gold,11676.17
1993-06-21,gold,11675.43
1993-06-22,gold,11600.47
1993-06-23,gold,11532.79
1993-06-24,gold,11726.23
1993-06-25,gold,11814.83
1993-06-28,gold,11728.70
1993-06-29,gold,11814.54
1993-06-30,gold,11869.92
1993-07-01,gold,11886.32
1993-07-02,gold,12170.76
1993-07-05,gold,12145.24
1993-07-06,gold,12286.41
1993-07-07,gold,12456.10
1993-07-08,gold,12367.34
1993-07-09,gold,12319.69
1993-07-12,gold,12333.00
1993-07-13,gold,12305.61
1993-07-14,gold,12371.43
1993-07-15,gold,12343.13
1993-07-16,gold,12296.73
1993-07-19,gold,12316.69
1993-07-20,gold,12312.70
1993-07-21,gold,12334.24
1993-07-22,gold,12246.67
1993-07-23,gold,12287.91
1993-07-26,gold,12283.84
1993-07-27,gold,12315.57
1993-07-28,gold,12341.09
1993-07-29,gold,12375.28
1993-07-30,gold,12585.46
1993-08-02,gold,12691.38
1993-08-03,gold,12697.54
1993-08-04,gold,12660.27
1993-08-05,gold,12212.44
1993-08-06,gold,11865.75
1993-08-09,gold,12046.23
1993-08-10,gold,11979.92
1993-08-11,gold,11836.47
1993-08-12,gold,11808.57
1993-08-13,gold,11568.26
1993-08-16,gold,11515.70
1993-08-17,gold,11747.35
1993-08-18,gold,11744.68
1993-08-19,gold,11751.37
1993-08-20,gold,11758.24
1993-08-23,gold,11744.27
1993-08-24,gold,11771.29
1993-08-25,gold,11671.52
1993-08-26,gold,11599.25
1993-08-27,gold,11630.43
1993-08-30,gold,11630.43
1993-08-31,gold,11702.27
1993-09-01,gold,11613.75
1993-09-02,gold,11606.41
1993-09-03,gold,11417.55
1993-09-06,gold,11450.98
1993-09-07,gold,11162.68
1993-09-08,gold,11069.68
1993-09-09,gold,11133.16
1993-09-10,gold,11051.03
1993-09-13,gold,10853.74
1993-09-14,gold,10823.28
1993-09-15,gold,10983.93
1993-09-16,gold,11086.26
1993-09-17,gold,11055.37
1993-09-20,gold,11091.39
1993-09-21,gold,11212.01
1993-09-22,gold,11143.62
1993-09-23,gold,11210.18
1993-09-24,gold,11250.77
1993-09-27,gold,11202.05
1993-09-28,gold,11102.97
1993-09-29,gold,11101.57
1993-09-30,gold,11158.97
1993-10-01,gold,11119.66
1993-10-04,gold,11058.66
1993-10-05,gold,11101.44
1993-10-06,gold,11180.10
1993-10-07,gold,11222.39
1993-10-08,gold,11264.99
1993-10-11,gold,11388.50
1993-10-12,gold,11360.55
1993-10-13,gold,11519.04
1993-10-14,gold,11576.99
1993-10-15,gold,11455.06
1993-10-18,gold,11464.93
1993-10-19,gold,11488.06
1993-10-20,gold,11670.00
1993-10-21,gold,11766.40
1993-10-22,gold,11590.22
1993-10-25,gold,11666.26
1993-10-26,gold,11544.06
1993-10-27,gold,11651.14
1993-10-28,gold,11460.37
1993-10-29,gold,11602.67
1993-11-01,gold,11403.25
1993-11-02,gold,11395.64
1993-11-03,gold,11416.04
1993-11-04,gold,11674.18
1993-11-05,gold,11798.81
1993-11-08,gold,11805.01
1993-11-09,gold,11772.90
1993-11-10,gold,11737.21
1993-11-11,gold,11823.61
1993-11-12,gold,11795.34
1993-11-15,gold,11795.70
1993-11-16,gold,11801.59
1993-11-17,gold,11687.66
1993-11-18,gold,11845.83
1993-11-19,gold,11869.39
1993-11-22,gold,11892.20
1993-11-23,gold,11769.03
1993-11-24,gold,11805.19
1993-11-25,gold,11834.08
1993-11-26,gold,11789.29
1993-11-29,gold,11598.44
1993-11-30,gold,11630.44
1993-12-01,gold,11718.45
1993-12-02,gold,11738.62
1993-12-03,gold,11829.53
1993-12-06,gold,11858.23
1993-12-07,gold,11860.22
1993-12-08,gold,12006.00
1993-12-09,gold,11982.69
1993-12-10,gold,11980.43
1993-12-13,gold,12127.82
1993-12-14,gold,12141.69
1993-12-15,gold,12099.54
1993-12-16,gold,12083.45
1993-12-17,gold,12105.68
1993-12-20,gold,12239.55
1993-12-21,gold,12146.79
1993-12-22,gold,12085.41
1993-12-23,gold,12029.69
1993-12-24,gold,12111.77
1993-12-27,gold,12111.77
1993-12-28,gold,12111.77
1993-12-29,gold,12111.47
1993-12-30,gold,12290.90
1993-12-31,gold,12252.64
1994-01-03,gold,12263.85
1994-01-04,gold,12366.79
1994-01-05,gold,12398.57
1994-01-06,gold,12097.85
1994-01-07,gold,12248.53
1994-01-10,gold,12019.02
1994-01-11,gold,12092.96
1994-01-12,gold,12111.00
1994-01-13,gold,12195.02
1994-01-14,gold,12237.37
1994-01-17,gold,12307.37
1994-01-18,gold,12315.20
1994-01-19,gold,12287.58
1994-01-20,gold,12291.18
1994-01-21,gold,12108.76
1994-01-24,gold,11883.44
1994-01-25,gold,11982.89
1994-01-26,gold,12014.64
1994-01-27,gold,12032.09
1994-01-28,gold,11866.19
1994-01-31,gold,11853.70
1994-02-01,gold,11970.46
1994-02-02,gold,12068.05
1994-02-03,gold,12096.88
1994-02-04,gold,12186.77
1994-02-07,gold,12029.36
1994-02-08,gold,11938.28
1994-02-09,gold,11944.53
1994-02-10,gold,11998.58
1994-02-11,gold,11977.70
1994-02-14,gold,12021.61
1994-02-15,gold,12075.96
1994-02-16,gold,12030.32
1994-02-17,gold,12060.80
1994-02-18,gold,11917.60
1994-02-21,gold,11919.59
1994-02-22,gold,11902.20
1994-02-23,gold,11786.74
1994-02-24,gold,11817.54
1994-02-25,gold,11888.07
1994-02-28,gold,11967.32
1994-03-01,gold,11961.38
1994-03-02,gold,11835.72
1994-03-03,gold,11871.51
1994-03-04,gold,11804.31
1994-03-07,gold,11842.65
1994-03-08,gold,11797.72
1994-03-09,gold,11773.10
1994-03-10,gold,11936.31
1994-03-11,gold,12129.23
1994-03-14,gold,12124.52
1994-03-15,gold,12142.34
1994-03-16,gold,12087.36
1994-03-17,gold,12027.27
1994-03-18,gold,12126.48
1994-03-21,gold,12123.43
1994-03-22,gold,12207.17
1994-03-23,gold,12179.83
1994-03-24,gold,12246.38
1994-03-25,gold,12274.03
1994-03-28,gold,12210.30
1994-03-29,gold,12133.85
1994-03-30,gold,12144.89
1994-03-31,gold,12209.60
1994-04-01,gold,12207.26
1994-04-04,gold,12208.71
1994-04-05,gold,12069.08
1994-04-06,gold,12043.36
1994-04-07,gold,12055.02
1994-04-08,gold,12089.64
1994-04-11,gold,11971.70
1994-04-12,gold,11857.31
1994-04-13,gold,11873.95
1994-04-14,gold,11846.35
1994-04-15,gold,11825.09
1994-04-18,gold,11861.41
1994-04-19,gold,11704.55
1994-04-20,gold,11649.26
1994-04-21,gold,11710.35
1994-04-22,gold,11596.31
1994-04-25,gold,11700.47
1994-04-26,gold,11741.33
1994-04-27,gold,11738.76
1994-04-28,gold,11711.08
1994-04-29,gold,11808.30
1994-05-02,gold,11809.73
1994-05-03,gold,11766.35
1994-05-04,gold,11767.55
1994-05-05,gold,11748.00
1994-05-06,gold,11713.57
1994-05-09,gold,11951.42
1994-05-10,gold,11924.84
1994-05-11,gold,11936.71
1994-05-12,gold,11897.09
1994-05-13,gold,11972.29
1994-05-16,gold,11899.05
1994-05-17,gold,12000.52
1994-05-18,gold,11908.93
1994-05-19,gold,12023.57
1994-05-20,gold,12019.41
1994-05-23,gold,12123.34
1994-05-24,gold,12171.56
1994-05-25,gold,12150.01
1994-05-26,gold,12074.72
1994-05-27,gold,12090.89
1994-05-30,gold,12090.89
1994-05-31,gold,12159.41
1994-06-01,gold,12120.64
1994-06-02,gold,12022.55
1994-06-03,gold,12012.66
1994-06-06,gold,11869.47
1994-06-07,gold,11936.29
1994-06-08,gold,11965.60
1994-06-09,gold,12001.01
1994-06-10,gold,12015.33
1994-06-13,gold,12002.16
1994-06-14,gold,12040.67
1994-06-15,gold,12049.14
1994-06-16,gold,12135.41
1994-06-17,gold,12166.78
1994-06-20,gold,12211.75
1994-06-21,gold,12243.22
1994-06-22,gold,12310.16
1994-06-23,gold,12202.84
1994-06-24,gold,12231.09
1994-06-27,gold,12209.81
1994-06-28,gold,12125.62
1994-06-29,gold,12093.14
1994-06-30,gold,12085.70
1994-07-01,gold,12064.44
1994-07-04,gold,12127.07
1994-07-05,gold,12149.12
1994-07-06,gold,12096.52
1994-07-07,gold,12016.06
1994-07-08,gold,12019.82
1994-07-11,gold,12101.85
1994-07-12,gold,12117.76
1994-07-13,gold,12065.91
1994-07-14,gold,12052.27
1994-07-15,gold,12072.86
1994-07-18,gold,12123.94
1994-07-19,gold,12066.96
1994-07-20,gold,12154.20
1994-07-21,gold,12107.15
1994-07-22,gold,12038.81
1994-07-25,gold,12077.37
1994-07-26,gold,12115.01
1994-07-27,gold,12188.25
1994-07-28,gold,12143.24
1994-07-29,gold,12046.48
1994-08-01,gold,12041.28
1994-08-02,gold,11921.00
1994-08-03,gold,11872.45
1994-08-04,gold,11843.05
1994-08-05,gold,11867.65
1994-08-08,gold,11844.37
1994-08-09,gold,11878.65
1994-08-10,gold,11868.16
1994-08-11,gold,11844.74
1994-08-12,gold,11865.01
1994-08-15,gold,11813.96
1994-08-16,gold,11804.06
1994-08-17,gold,11832.23
1994-08-18,gold,11941.38
1994-08-19,gold,11977.45
1994-08-22,gold,11999.70
1994-08-23,gold,11960.96
1994-08-24,gold,12044.86
1994-08-25,gold,12024.04
1994-08-26,gold,12024.51
1994-08-29,gold,12025.09
1994-08-30,gold,12127.67
1994-08-31,gold,12100.50
1994-09-01,gold,12109.33
1994-09-02,gold,12131.17
1994-09-05,gold,12137.44
1994-09-06,gold,12159.02
1994-09-07,gold,12226.25
1994-09-08,gold,12282.24
1994-09-09,gold,12258.80
1994-09-12,gold,12269.20
1994-09-13,gold,12222.17
1994-09-14,gold,12244.11
1994-09-15,gold,12172.54
1994-09-16,gold,12233.81
1994-09-19,gold,12230.67
1994-09-20,gold,12356.06
1994-09-21,gold,12389.00
1994-09-22,gold,12350.78
1994-09-23,gold,12413.04
1994-09-26,gold,12415.26
1994-09-27,gold,12415.74
1994-09-28,gold,12428.40
1994-09-29,gold,12410.56
1994-09-30,gold,12383.17
1994-10-03,gold,12332.63
1994-10-04,gold,12311.26
1994-10-05,gold,12349.01
1994-10-06,gold,12297.56
1994-10-07,gold,12296.18
1994-10-10,gold,12271.08
1994-10-11,gold,12160.11
1994-10-12,gold,12167.56
1994-10-13,gold,12147.16
1994-10-14,gold,12155.27
1994-10-17,gold,12201.59
1994-10-18,gold,12225.99
1994-10-19,gold,12268.34
1994-10-20,gold,12282.55
1994-10-21,gold,12263.62
1994-10-24,gold,12211.49
1994-10-25,gold,12209.20
1994-10-26,gold,12199.42
1994-10-27,gold,12213.12
1994-10-28,gold,12162.15
1994-10-31,gold,12044.15
1994-11-01,gold,12067.17
1994-11-02,gold,12060.58
1994-11-03,gold,12051.32
1994-11-04,gold,12052.88
1994-11-07,gold,12027.91
1994-11-08,gold,12084.75
1994-11-09,gold,12052.34
1994-11-10,gold,12076.48
1994-11-11,gold,12101.41
1994-11-14,gold,12085.39
1994-11-15,gold,12131.37
1994-11-16,gold,12116.67
1994-11-17,gold,12131.86
1994-11-18,gold,12045.23
1994-11-21,gold,12026.30
1994-11-22,gold,12038.37
1994-11-23,gold,12067.56
1994-11-24,gold,12055.13
1994-11-25,gold,12074.28
1994-11-28,gold,12047.04
1994-11-29,gold,12026.36
1994-11-30,gold,12027.80
1994-12-01,gold,11941.78
1994-12-02,gold,11894.56
1994-12-05,gold,11822.43
1994-12-06,gold,11792.55
1994-12-07,gold,11827.44
1994-12-08,gold,11801.02
1994-12-09,gold,11810.45
1994-12-12,gold,11830.82
1994-12-13,gold,11892.00
1994-12-14,gold,11935.82
1994-12-15,gold,11895.13
1994-12-16,gold,11932.52
1994-12-19,gold,11908.42
1994-12-20,gold,11995.10
1994-12-21,gold,11996.02
1994-12-22,gold,11981.74
1994-12-23,gold,11976.46
1994-12-26,gold,11976.46
1994-12-27,gold,11983.54
1994-12-28,gold,11988.96
1994-12-29,gold,12029.25
1994-12-30,gold,12022.09
1995-01-02,gold,12022.09
1995-01-03,gold,11948.83
1995-01-04,gold,11781.62
1995-01-05,gold,11771.27
1995-01-06,gold,11769.08
1995-01-09,gold,11682.18
1995-01-10,gold,11734.57
1995-01-11,gold,11780.23
1995-01-12,gold,11934.87
1995-01-13,gold,11873.83
1995-01-16,gold,11843.28
1995-01-17,gold,11915.27
1995-01-18,gold,12001.19
1995-01-19,gold,11980.20
1995-01-20,gold,12041.37
1995-01-23,gold,11995.27
1995-01-24,gold,11963.28
1995-01-25,gold,11972.76
1995-01-26,gold,11963.90
1995-01-27,gold,11872.79
1995-01-30,gold,11794.79
1995-01-31,gold,11762.48
1995-02-01,gold,11802.96
1995-02-02,gold,11792.92
1995-02-03,gold,11786.95
1995-02-06,gold,11747.12
1995-02-07,gold,11748.06
1995-02-08,gold,11749.32
1995-02-09,gold,11814.42
1995-02-10,gold,11809.09
1995-02-13,gold,11748.06
1995-02-14,gold,11794.66
1995-02-15,gold,11814.42
1995-02-16,gold,11816.30
1995-02-17,gold,11864.75
1995-02-20,gold,11895.50
1995-02-21,gold,11882.97
1995-02-22,gold,11896.94
1995-02-23,gold,11908.25
1995-02-24,gold,11857.57
1995-02-27,gold,11791.95
1995-02-28,gold,11828.84
1995-03-01,gold,11804.49
1995-03-02,gold,11799.94
1995-03-03,gold,11951.27
1995-03-06,gold,12051.21
1995-03-07,gold,12176.25
1995-03-08,gold,12082.10
1995-03-09,gold,12076.43
1995-03-10,gold,12111.35
1995-03-13,gold,12266.14
1995-03-14,gold,12256.30
1995-03-15,gold,12129.81
1995-03-16,gold,12086.55
1995-03-17,gold,12035.30
1995-03-20,gold,12033.56
1995-03-21,gold,12061.35
1995-03-22,gold,12059.98
1995-03-23,gold,12108.39
1995-03-24,gold,12076.26
1995-03-27,gold,12080.38
1995-03-28,gold,12038.81
1995-03-29,gold,12056.84
1995-03-30,gold,12061.75
1995-03-31,gold,12314.67
1995-04-03,gold,12339.79
1995-04-04,gold,12297.42
1995-04-05,gold,12322.12
1995-04-06,gold,12360.62
1995-04-07,gold,12345.30
1995-04-10,gold,12222.06
1995-04-11,gold,12241.12
1995-04-12,gold,12239.76
1995-04-13,gold,12203.36
1995-04-14,gold,12203.36
1995-04-17,gold,12222.82
1995-04-18,gold,12331.94
1995-04-19,gold,12418.28
1995-04-20,gold,12363.38
1995-04-21,gold,12264.79
1995-04-24,gold,12261.91
1995-04-25,gold,12228.41
1995-04-26,gold,12201.73
1995-04-27,gold,12123.65
1995-04-28,gold,12250.82
1995-05-01,gold,12169.69
1995-05-02,gold,12209.01
1995-05-03,gold,12215.67
1995-05-04,gold,12256.94
1995-05-05,gold,12283.26
1995-05-08,gold,12273.49
1995-05-09,gold,12179.93
1995-05-10,gold,12042.05
1995-05-11,gold,12037.02
1995-05-12,gold,12087.96
1995-05-15,gold,12065.10
1995-05-16,gold,12068.23
1995-05-17,gold,12034.54
1995-05-18,gold,12037.11
1995-05-19,gold,12029.45
1995-05-22,gold,11981.99
1995-05-23,gold,11987.92
1995-05-24,gold,12025.50
1995-05-25,gold,12115.46
1995-05-26,gold,12101.62
1995-05-29,gold,12099.68
1995-05-30,gold,12120.26
1995-05-31,gold,12076.62
1995-06-01,gold,12045.73
1995-06-02,gold,12069.99
1995-06-05,gold,12032.13
1995-06-06,gold,12061.95
1995-06-07,gold,12119.56
1995-06-08,gold,12093.83
1995-06-09,gold,12138.74
1995-06-12,gold,12172.15
1995-06-13,gold,12149.86
1995-06-14,gold,12174.37
1995-06-15,gold,12197.34
1995-06-16,gold,12284.85
1995-06-19,gold,12260.52
1995-06-20,gold,12267.59
1995-06-21,gold,12260.16
1995-06-22,gold,12224.09
1995-06-23,gold,12209.00
1995-06-26,gold,12203.70
1995-06-27,gold,12215.47
1995-06-28,gold,12189.50
1995-06-29,gold,12147.65
1995-06-30,gold,12153.36
1995-07-03,gold,12067.52
1995-07-04,gold,12069.03
1995-07-05,gold,12053.35
1995-07-06,gold,12050.21
1995-07-07,gold,12105.60
1995-07-10,gold,12102.34
1995-07-11,gold,12074.22
1995-07-12,gold,12129.80
1995-07-13,gold,12209.00
1995-07-14,gold,12183.13
1995-07-17,gold,12183.52
1995-07-18,gold,12223.70
1995-07-19,gold,12248.21
1995-07-20,gold,12135.28
1995-07-21,gold,12107.05
1995-07-24,gold,12131.14
1995-07-25,gold,12132.52
1995-07-26,gold,12114.03
1995-07-27,gold,12104.03
1995-07-28,gold,12022.37
1995-07-31,gold,12042.93
1995-08-01,gold,12027.22
1995-08-02,gold,12019.03
1995-08-03,gold,12062.20
1995-08-04,gold,12064.70
1995-08-07,gold,12072.25
1995-08-08,gold,12091.36
1995-08-09,gold,12091.29
1995-08-10,gold,12068.76
1995-08-11,gold,12063.41
1995-08-14,gold,12071.61
1995-08-15,gold,12156.50
1995-08-16,gold,12075.01
1995-08-17,gold,12139.68
1995-08-18,gold,12144.42
1995-08-21,gold,12160.36
1995-08-22,gold,12145.58
1995-08-23,gold,12117.86
1995-08-24,gold,12211.20
1995-08-25,gold,12146.18
1995-08-28,gold,12194.06
1995-08-29,gold,12188.97
1995-08-30,gold,12140.28
1995-08-31,gold,12179.75
1995-09-01,gold,12173.66
1995-09-04,gold,12131.41
1995-09-05,gold,12281.17
1995-09-06,gold,12262.31
1995-09-07,gold,12280.77
1995-09-08,gold,12330.48
1995-09-11,gold,12399.14
1995-09-12,gold,12525.44
1995-09-13,gold,12653.58
1995-09-14,gold,13112.65
1995-09-15,gold,12993.75
1995-09-18,gold,13009.17
1995-09-19,gold,13002.15
1995-09-20,gold,13001.86
1995-09-21,gold,12945.50
1995-09-22,gold,12960.38
1995-09-25,gold,13003.92
1995-09-26,gold,13008.89
1995-09-27,gold,13001.45
1995-09-28,gold,13029.40
1995-09-29,gold,13027.20
1995-10-02,gold,12974.93
1995-10-03,gold,12927.91
1995-10-04,gold,12930.40
1995-10-05,gold,12990.25
1995-10-06,gold,12985.38
1995-10-09,gold,13017.25
1995-10-10,gold,13045.26
1995-10-11,gold,13019.16
1995-10-12,gold,13053.99
1995-10-13,gold,13145.14
1995-10-16,gold,13262.01
1995-10-17,gold,13332.72
1995-10-18,gold,13383.62
1995-10-19,gold,13386.06
1995-10-20,gold,13580.76
1995-10-23,gold,13599.64
1995-10-24,gold,13597.87
1995-10-25,gold,13603.20
1995-10-26,gold,13612.09
1995-10-27,gold,13563.16
1995-10-30,gold,13298.81
1995-10-31,gold,13086.63
1995-11-01,gold,13177.27
1995-11-02,gold,13152.06
1995-11-03,gold,13255.34
1995-11-06,gold,13275.71
1995-11-07,gold,13294.83
1995-11-08,gold,13198.63
1995-11-09,gold,13284.42
1995-11-10,gold,13444.02
1995-11-13,gold,13413.82
1995-11-14,gold,13338.82
1995-11-15,gold,13314.03
1995-11-16,gold,13397.25
1995-11-17,gold,13402.47
1995-11-20,gold,13441.30
1995-11-21,gold,13443.23
1995-11-22,gold,13381.14
1995-11-23,gold,13329.08
1995-11-24,gold,13365.15
1995-11-27,gold,13428.30
1995-11-28,gold,13574.55
1995-11-29,gold,13560.59
1995-11-30,gold,13532.27
1995-12-01,gold,13480.31
1995-12-04,gold,13469.84
1995-12-05,gold,13475.12
1995-12-06,gold,13527.96
1995-12-07,gold,13507.06
1995-12-08,gold,13571.06
1995-12-11,gold,13568.79
1995-12-12,gold,13551.62
1995-12-13,gold,13546.61
1995-12-14,gold,13486.00
1995-12-15,gold,13499.61
1995-12-18,gold,13544.25
1995-12-19,gold,13571.85
1995-12-20,gold,13554.36
1995-12-21,gold,13573.98
1995-12-22,gold,13573.00
1995-12-25,gold,13573.00
1995-12-26,gold,13582.71
1995-12-27,gold,13568.02
1995-12-28,gold,13591.44
1995-12-29,gold,13608.85
1996-01-01,gold,13608.85
1996-01-02,gold,13698.08
1996-01-03,gold,13851.60
1996-01-04,gold,13917.02
1996-01-05,gold,14022.77
1996-01-08,gold,14198.27
1996-01-09,gold,14146.58
1996-01-10,gold,14300.00
1996-01-11,gold,14282.20
1996-01-12,gold,14275.70
1996-01-15,gold,14170.57
1996-01-16,gold,14271.84
1996-01-17,gold,14247.60
1996-01-18,gold,14264.28
1996-01-19,gold,14325.68
1996-01-22,gold,14410.82
1996-01-23,gold,14428.46
1996-01-24,gold,14419.56
1996-01-25,gold,14641.65
1996-01-26,gold,14621.80
1996-01-29,gold,14539.74
1996-01-30,gold,14670.34
1996-01-31,gold,14776.21
1996-02-01,gold,14966.91
1996-02-02,gold,15232.88
1996-02-05,gold,15720.90
1996-02-06,gold,15543.70
1996-02-07,gold,15428.95
1996-02-08,gold,15145.32
1996-02-09,gold,15055.19
1996-02-12,gold,14944.24
1996-02-13,gold,14811.54
1996-02-14,gold,14711.13
1996-02-15,gold,14769.91
1996-02-16,gold,14777.02
1996-02-19,gold,14795.27
1996-02-20,gold,14698.40
1996-02-21,gold,14514.93
1996-02-22,gold,14613.19
1996-02-23,gold,14438.55
1996-02-26,gold,14322.10
1996-02-27,gold,14200.23
1996-02-28,gold,13979.83
1996-02-29,gold,13892.53
1996-03-01,gold,13762.98
1996-03-04,gold,13505.87
1996-03-05,gold,13309.57
1996-03-06,gold,13409.94
1996-03-07,gold,13392.60
1996-03-08,gold,13513.01
1996-03-11,gold,13460.45
1996-03-12,gold,13434.86
1996-03-13,gold,13447.49
1996-03-14,gold,13466.77
1996-03-15,gold,13584.37
1996-03-18,gold,13715.14
1996-03-19,gold,13887.75
1996-03-20,gold,13920.22
1996-03-21,gold,13754.04
1996-03-22,gold,13740.53
1996-03-25,gold,13578.33
1996-03-26,gold,13576.60
1996-03-27,gold,13732.00
1996-03-28,gold,13575.73
1996-03-29,gold,13515.52
1996-04-01,gold,13422.50
1996-04-02,gold,13388.18
1996-04-03,gold,13477.29
1996-04-04,gold,13426.87
1996-04-05,gold,13436.72
1996-04-08,gold,13426.87
1996-04-09,gold,13513.81
1996-04-10,gold,13454.14
1996-04-11,gold,13485.05
1996-04-12,gold,13480.70
1996-04-15,gold,13435.64
1996-04-16,gold,13465.56
1996-04-17,gold,13375.61
1996-04-18,gold,13282.86
1996-04-19,gold,13368.78
1996-04-22,gold,13372.20
1996-04-23,gold,13388.05
1996-04-24,gold,13345.81
1996-04-25,gold,13470.52
1996-04-26,gold,13402.98
1996-04-29,gold,13359.24
1996-04-30,gold,13597.67
1996-05-01,gold,13593.18
1996-05-02,gold,13577.03
1996-05-03,gold,13612.70
1996-05-06,gold,13593.00
1996-05-07,gold,13582.65
1996-05-08,gold,13640.33
1996-05-09,gold,13705.22
1996-05-10,gold,13801.31
1996-05-13,gold,13743.64
1996-05-14,gold,13615.88
1996-05-15,gold,13589.72
1996-05-16,gold,13598.93
1996-05-17,gold,13659.45
1996-05-20,gold,13601.57
1996-05-21,gold,13645.89
1996-05-22,gold,13638.90
1996-05-23,gold,13679.43
1996-05-24,gold,13718.82
1996-05-27,gold,13718.82
1996-05-28,gold,13784.67
1996-05-29,gold,13724.09
1996-05-30,gold,13711.14
1996-05-31,gold,13680.96
1996-06-03,gold,13645.19
1996-06-04,gold,13600.52
1996-06-05,gold,13509.59
1996-06-06,gold,13396.62
1996-06-07,gold,13453.67
1996-06-10,gold,13420.61
1996-06-11,gold,13413.75
1996-06-12,gold,13410.26
1996-06-13,gold,13426.02
1996-06-14,gold,13405.08
1996-06-17,gold,13436.49
1996-06-18,gold,13450.50
1996-06-19,gold,13481.85
1996-06-20,gold,13415.55
1996-06-21,gold,13354.51
1996-06-24,gold,13408.57
1996-06-25,gold,13439.98
1996-06-26,gold,13394.61
1996-06-27,gold,13479.84
1996-06-28,gold,13457.86
1996-07-01,gold,13316.08
1996-07-02,gold,13349.15
1996-07-03,gold,13349.15
1996-07-04,gold,13369.29
1996-07-05,gold,13352.50
1996-07-08,gold,13461.97
1996-07-09,gold,13478.08
1996-07-10,gold,13500.75
1996-07-11,gold,13547.57
1996-07-12,gold,13579.43
1996-07-15,gold,13606.76
1996-07-16,gold,13736.94
1996-07-17,gold,13725.71
1996-07-18,gold,13747.20
1996-07-19,gold,13688.19
1996-07-22,gold,13681.41
1996-07-23,gold,13709.55
1996-07-24,gold,13665.41
1996-07-25,gold,13718.10
1996-07-26,gold,13713.11
1996-07-29,gold,13707.42
1996-07-30,gold,13698.86
1996-07-31,gold,13697.40
1996-08-01,gold,13711.88
1996-08-02,gold,13696.10
1996-08-05,gold,13875.09
1996-08-06,gold,13830.59
1996-08-07,gold,13754.60
1996-08-08,gold,13856.69
1996-08-09,gold,13833.75
1996-08-12,gold,13782.53
1996-08-13,gold,13798.55
1996-08-14,gold,13766.51
1996-08-15,gold,13748.71
1996-08-16,gold,13748.71
1996-08-19,gold,13755.83
1996-08-20,gold,13780.75
1996-08-21,gold,13750.73
1996-08-22,gold,13777.19
1996-08-23,gold,13777.19
1996-08-26,gold,13796.54
1996-08-27,gold,13880.15
1996-08-28,gold,13869.45
1996-08-29,gold,13832.19
1996-08-30,gold,13784.67
1996-09-02,gold,13782.43
1996-09-03,gold,13804.69
1996-09-04,gold,13785.19
1996-09-05,gold,13799.50
1996-09-06,gold,13739.50
1996-09-09,gold,13710.98
1996-09-10,gold,13657.50
1996-09-11,gold,13671.77
1996-09-12,gold,13660.07
1996-09-13,gold,13665.95
1996-09-16,gold,13665.95
1996-09-17,gold,13689.16
1996-09-18,gold,13673.10
1996-09-19,gold,13664.17
1996-09-20,gold,13628.47
1996-09-23,gold,13582.64
1996-09-24,gold,13628.98
1996-09-25,gold,13632.55
1996-09-26,gold,13563.03
1996-09-27,gold,13571.95
1996-09-30,gold,13511.34
1996-10-01,gold,13498.86
1996-10-02,gold,13538.66
1996-10-03,gold,13487.05
1996-10-04,gold,13571.95
1996-10-07,gold,13560.06
1996-10-08,gold,13573.49
1996-10-09,gold,13595.11
1996-10-10,gold,13662.82
1996-10-11,gold,13573.73
1996-10-14,gold,13582.89
1996-10-15,gold,13582.64
1996-10-16,gold,13610.01
1996-10-17,gold,13568.38
1996-10-18,gold,13558.39
1996-10-21,gold,13632.94
1996-10-22,gold,13666.41
1996-10-23,gold,13652.59
1996-10-24,gold,13636.71
1996-10-25,gold,13618.76
1996-10-28,gold,13650.37
1996-10-29,gold,13607.60
1996-10-30,gold,13548.44
1996-10-31,gold,13510.19
1996-11-01,gold,13461.43
1996-11-04,gold,13510.12
1996-11-05,gold,13537.21
1996-11-06,gold,13475.69
1996-11-07,gold,13497.08
1996-11-08,gold,13581.25
1996-11-11,gold,13603.64
1996-11-12,gold,13633.83
1996-11-13,gold,13713.69
1996-11-14,gold,13711.40
1996-11-15,gold,13558.19
1996-11-18,gold,13552.82
1996-11-19,gold,13482.82
1996-11-20,gold,13514.90
1996-11-21,gold,13458.90
1996-11-22,gold,13458.90
1996-11-25,gold,13401.78
1996-11-26,gold,13352.63
1996-11-27,gold,13323.55
1996-11-28,gold,13311.79
1996-11-29,gold,13262.82
1996-12-02,gold,13241.33
1996-12-03,gold,13116.18
1996-12-04,gold,13280.06
1996-12-05,gold,13212.04
1996-12-06,gold,13255.69
1996-12-09,gold,13243.41
1996-12-10,gold,13212.81
1996-12-11,gold,13264.36
1996-12-12,gold,13227.20
1996-12-13,gold,13228.64
1996-12-16,gold,13198.08
1996-12-17,gold,13181.55
1996-12-18,gold,13227.11
1996-12-19,gold,13228.64
1996-12-20,gold,13224.96
1996-12-23,gold,13212.31
1996-12-24,gold,13192.02
1996-12-25,gold,13192.02
1996-12-26,gold,13192.02
1996-12-27,gold,13224.51
1996-12-30,gold,13263.46
1996-12-31,gold,13228.38
1997-01-01,gold,13228.38
1997-01-02,gold,13168.30
1997-01-03,gold,13063.96
1997-01-06,gold,12862.98
1997-01-07,gold,12886.30
1997-01-08,gold,12793.02
1997-01-09,gold,12788.90
1997-01-10,gold,12843.25
1997-01-13,gold,12895.25
1997-01-14,gold,12812.25
1997-01-15,gold,12706.50
1997-01-16,gold,12659.48
1997-01-17,gold,12752.56
1997-01-20,gold,12658.62
1997-01-21,gold,12718.12
1997-01-22,gold,12592.62
1997-01-23,gold,12468.84
1997-01-24,gold,12635.36
1997-01-27,gold,12674.78
1997-01-28,gold,12684.56
1997-01-29,gold,12590.44
1997-01-30,gold,12531.09
1997-01-31,gold,12394.81
1997-02-03,gold,12350.03
1997-02-04,gold,12391.61
1997-02-05,gold,12319.47
1997-02-06,gold,12296.23
1997-02-07,gold,12181.73
1997-02-10,gold,12208.43
1997-02-11,gold,12172.57
1997-02-12,gold,12111.60
1997-02-13,gold,12313.81
1997-02-14,gold,12297.97
1997-02-17,gold,12352.15
1997-02-18,gold,12382.05
1997-02-19,gold,12421.72
1997-02-20,gold,12369.97
1997-02-21,gold,12674.63
1997-02-24,gold,12665.66
1997-02-25,gold,12666.39
1997-02-26,gold,12716.01
1997-02-27,gold,12911.39
1997-02-28,gold,12866.56
1997-03-03,gold,12977.63
1997-03-04,gold,12891.67
1997-03-05,gold,12710.60
1997-03-06,gold,12660.39
1997-03-07,gold,12558.95
1997-03-10,gold,12558.21
1997-03-11,gold,12615.64
1997-03-12,gold,12593.11
1997-03-13,gold,12647.93
1997-03-14,gold,12651.40
1997-03-17,gold,12606.47
1997-03-18,gold,12420.03
1997-03-19,gold,12523.96
1997-03-20,gold,12631.51
1997-03-21,gold,12656.69
1997-03-24,gold,12560.79
1997-03-25,gold,12541.89
1997-03-26,gold,12404.15
1997-03-27,gold,12489.88
1997-03-28,gold,12493.35
1997-03-31,gold,12489.88
1997-04-01,gold,12556.25
1997-04-02,gold,12590.39
1997-04-03,gold,12500.94
1997-04-04,gold,12456.02
1997-04-07,gold,12513.39
1997-04-08,gold,12516.97
1997-04-09,gold,12463.40
1997-04-10,gold,12452.76
1997-04-11,gold,12475.74
1997-04-14,gold,12429.25
1997-04-15,gold,12283.51
1997-04-16,gold,12168.41
1997-04-17,gold,12184.61
1997-04-18,gold,12238.62
1997-04-21,gold,12237.15
1997-04-22,gold,12217.32
1997-04-23,gold,12185.63
1997-04-24,gold,12185.47
1997-04-25,gold,12237.83
1997-04-28,gold,12160.45
1997-04-29,gold,12126.49
1997-04-30,gold,12162.06
1997-05-01,gold,12129.88
1997-05-02,gold,12137.38
1997-05-05,gold,12150.97
1997-05-06,gold,12271.69
1997-05-07,gold,12234.22
1997-05-08,gold,12325.84
1997-05-09,gold,12395.26
1997-05-12,gold,12477.74
1997-05-13,gold,12502.82
1997-05-14,gold,12508.24
1997-05-15,gold,12406.31
1997-05-16,gold,12338.26
1997-05-19,gold,12195.35
1997-05-20,gold,12273.39
1997-05-21,gold,12263.51
1997-05-22,gold,12258.45
1997-05-23,gold,12241.01
1997-05-26,gold,12258.14
1997-05-27,gold,12310.39
1997-05-28,gold,12270.52
1997-05-29,gold,12309.90
1997-05-30,gold,12363.83
1997-06-02,gold,12313.33
1997-06-03,gold,12297.36
1997-06-04,gold,12225.08
1997-06-05,gold,12190.41
1997-06-06,gold,12306.59
1997-06-09,gold,12314.51
1997-06-10,gold,12295.93
1997-06-11,gold,12308.72
1997-06-12,gold,12259.31
1997-06-13,gold,12223.82
1997-06-16,gold,12227.40
1997-06-17,gold,12247.26
1997-06-18,gold,12230.98
1997-06-19,gold,12185.95
1997-06-20,gold,12109.24
1997-06-23,gold,12102.08
1997-06-24,gold,12118.00
1997-06-25,gold,12114.82
1997-06-26,gold,12062.80
1997-06-27,gold,12050.16
1997-06-30,gold,11976.88
1997-07-01,gold,11948.12
1997-07-02,gold,11882.66
1997-07-03,gold,11893.64
1997-07-04,gold,11603.14
1997-07-07,gold,11382.81
1997-07-08,gold,11476.61
1997-07-09,gold,11345.05
1997-07-10,gold,11431.24
1997-07-11,gold,11407.74
1997-07-14,gold,11492.72
1997-07-15,gold,11416.67
1997-07-16,gold,11407.74
1997-07-17,gold,11400.97
1997-07-18,gold,11569.07
1997-07-21,gold,11643.70
1997-07-22,gold,11716.88
1997-07-23,gold,11597.29
1997-07-24,gold,11490.39
1997-07-25,gold,11567.12
1997-07-28,gold,11627.64
1997-07-29,gold,11660.11
1997-07-30,gold,11691.88
1997-07-31,gold,11649.05
1997-08-01,gold,11596.29
1997-08-04,gold,11562.37
1997-08-05,gold,11467.11
1997-08-06,gold,11405.58
1997-08-07,gold,11460.34
1997-08-08,gold,11560.94
1997-08-11,gold,11700.52
1997-08-12,gold,11643.55
1997-08-13,gold,11646.81
1997-08-14,gold,11648.44
1997-08-15,gold,11591.62
1997-08-18,gold,11521.65
1997-08-19,gold,11548.78
1997-08-20,gold,11584.13
1997-08-21,gold,11700.67
1997-08-22,gold,11719.08
1997-08-25,gold,11777.39
1997-08-26,gold,11840.06
1997-08-27,gold,11809.53
1997-08-28,gold,11856.04
1997-08-29,gold,11819.96
1997-09-01,gold,11828.02
1997-09-02,gold,11770.01
1997-09-03,gold,11748.48
1997-09-04,gold,11754.91
1997-09-05,gold,11757.74
1997-09-08,gold,11797.44
1997-09-09,gold,11780.65
1997-09-10,gold,11730.04
1997-09-11,gold,11751.48
1997-09-12,gold,11800.65
1997-09-15,gold,11758.13
1997-09-16,gold,11716.50
1997-09-17,gold,11667.58
1997-09-18,gold,11666.52
1997-09-19,gold,11714.56
1997-09-22,gold,11659.68
1997-09-23,gold,11651.87
1997-09-24,gold,11689.80
1997-09-25,gold,11752.13
1997-09-26,gold,11823.09
1997-09-29,gold,11836.76
1997-09-30,gold,12012.05
1997-10-01,gold,12198.08
1997-10-02,gold,12048.93
1997-10-03,gold,11997.59
1997-10-06,gold,12029.01
1997-10-07,gold,12008.29
1997-10-08,gold,12043.43
1997-10-09,gold,12074.08
1997-10-10,gold,11914.39
1997-10-13,gold,11887.40
1997-10-14,gold,11879.13
1997-10-15,gold,11820.93
1997-10-16,gold,11853.33
1997-10-17,gold,11741.92
1997-10-20,gold,11731.65
1997-10-21,gold,11705.07
1997-10-22,gold,11667.85
1997-10-23,gold,11749.38
1997-10-24,gold,11472.22
1997-10-27,gold,11312.72
1997-10-28,gold,11327.37
1997-10-29,gold,11386.31
1997-10-30,gold,11498.65
1997-10-31,gold,11324.05
1997-11-03,gold,11415.56
1997-11-04,gold,11464.54
1997-11-05,gold,11400.42
1997-11-06,gold,11375.77
1997-11-07,gold,11283.75
1997-11-10,gold,11367.23
1997-11-11,gold,11457.05
1997-11-12,gold,11304.48
1997-11-13,gold,11322.97
1997-11-14,gold,11087.65
1997-11-17,gold,11208.37
1997-11-18,gold,11363.44
1997-11-19,gold,11462.41
1997-11-20,gold,11339.13
1997-11-21,gold,11472.22
1997-11-24,gold,11617.45
1997-11-25,gold,11520.57
1997-11-26,gold,11455.28
1997-11-27,gold,11415.83
1997-11-28,gold,11452.01
1997-12-01,gold,11559.12
1997-12-02,gold,11587.10
1997-12-03,gold,11506.11
1997-12-04,gold,11263.66
1997-12-05,gold,11169.79
1997-12-08,gold,11190.93
1997-12-09,gold,11035.41
1997-12-10,gold,11165.69
1997-12-11,gold,11242.47
1997-12-12,gold,11192.65
1997-12-15,gold,11239.06
1997-12-16,gold,11238.70
1997-12-17,gold,11339.84
1997-12-18,gold,11378.15
1997-12-19,gold,11321.98
1997-12-22,gold,11372.57
1997-12-23,gold,11444.06
1997-12-24,gold,11460.53
1997-12-25,gold,11460.53
1997-12-26,gold,11450.64
1997-12-29,gold,11490.48
1997-12-30,gold,11404.85
1997-12-31,gold,11378.73
1998-01-01,gold,11378.73
1998-01-02,gold,11321.28
1998-01-05,gold,11206.78
1998-01-06,gold,11157.86
1998-01-07,gold,11147.12
1998-01-08,gold,11166.01
1998-01-09,gold,11061.60
1998-01-12,gold,11090.45
1998-01-13,gold,11147.85
1998-01-14,gold,11348.02
1998-01-15,gold,11377.68
1998-01-16,gold,11556.49
1998-01-19,gold,11197.00
1998-01-20,gold,11250.47
1998-01-21,gold,11276.25
1998-01-22,gold,11384.74
1998-01-23,gold,11250.06
1998-01-26,gold,11671.01
1998-01-27,gold,11358.20
1998-01-28,gold,11626.50
1998-01-29,gold,11714.31
1998-01-30,gold,11834.26
1998-02-02,gold,11722.32
1998-02-03,gold,11559.56
1998-02-04,gold,11539.89
1998-02-05,gold,11572.84
1998-02-06,gold,11560.20
1998-02-09,gold,11645.23
1998-02-10,gold,11620.60
1998-02-11,gold,11557.47
1998-02-12,gold,11617.16
1998-02-13,gold,11598.78
1998-02-16,gold,11588.05
1998-02-17,gold,11636.02
1998-02-18,gold,11577.16
1998-02-19,gold,11584.75
1998-02-20,gold,11551.27
1998-02-23,gold,11475.30
1998-02-24,gold,11433.07
1998-02-25,gold,11463.50
1998-02-26,gold,11510.50
1998-02-27,gold,11702.68
1998-03-02,gold,11784.82
1998-03-03,gold,11724.07
1998-03-04,gold,11717.17
1998-03-05,gold,11606.28
1998-03-06,gold,11661.82
1998-03-09,gold,11606.33
1998-03-10,gold,11631.73
1998-03-11,gold,11614.00
1998-03-12,gold,11607.07
1998-03-13,gold,11634.57
1998-03-16,gold,11628.25
1998-03-17,gold,11616.84
1998-03-18,gold,11480.96
1998-03-19,gold,11523.37
1998-03-20,gold,11554.56
1998-03-23,gold,11584.48
1998-03-24,gold,11869.34
1998-03-25,gold,11821.87
1998-03-26,gold,11837.57
1998-03-27,gold,11927.77
1998-03-30,gold,11923.46
1998-03-31,gold,11884.23
1998-04-01,gold,11886.48
1998-04-02,gold,11865.60
1998-04-03,gold,12085.47
1998-04-06,gold,12284.22
1998-04-07,gold,12244.31
1998-04-08,gold,12222.29
1998-04-09,gold,12176.78
1998-04-10,gold,12176.78
1998-04-13,gold,12186.78
1998-04-14,gold,12260.07
1998-04-15,gold,12197.37
1998-04-16,gold,12162.79
1998-04-17,gold,12240.06
1998-04-20,gold,12193.46
1998-04-21,gold,12204.98
1998-04-22,gold,12419.71
1998-04-23,gold,12420.87
1998-04-24,gold,12430.48
1998-04-27,gold,12308.58
1998-04-28,gold,12259.34
1998-04-29,gold,12251.39
1998-04-30,gold,12339.45
1998-05-01,gold,12191.59
1998-05-04,gold,12194.66
1998-05-05,gold,12081.35
1998-05-06,gold,11972.27
1998-05-07,gold,11856.92
1998-05-08,gold,11949.91
1998-05-11,gold,11885.75
1998-05-12,gold,11904.39
1998-05-13,gold,11898.19
1998-05-14,gold,12002.96
1998-05-15,gold,12202.99
1998-05-18,gold,12169.64
1998-05-19,gold,12140.84
1998-05-20,gold,12141.28
1998-05-21,gold,12190.07
1998-05-22,gold,12189.86
1998-05-25,gold,12278.30
1998-05-26,gold,12268.09
1998-05-27,gold,12099.35
1998-05-28,gold,12170.13
1998-05-29,gold,12235.77
1998-06-01,gold,12048.09
1998-06-02,gold,12172.41
1998-06-03,gold,12217.93
1998-06-04,gold,12237.57
1998-06-05,gold,12150.53
1998-06-08,gold,12192.71
1998-06-09,gold,12566.15
1998-06-10,gold,12402.69
1998-06-11,gold,12284.03
1998-06-12,gold,12102.30
1998-06-15,gold,12074.29
1998-06-16,gold,12132.92
1998-06-17,gold,12264.34
1998-06-18,gold,12341.39
1998-06-19,gold,12559.09
1998-06-22,gold,12610.27
1998-06-23,gold,12630.43
1998-06-24,gold,12542.24
1998-06-25,gold,12495.51
1998-06-26,gold,12522.70
1998-06-29,gold,12493.33
1998-06-30,gold,12555.70
1998-07-01,gold,12523.46
1998-07-02,gold,12492.70
1998-07-03,gold,12508.70
1998-07-06,gold,12455.79
1998-07-07,gold,12475.56
1998-07-08,gold,12427.52
1998-07-09,gold,12430.66
1998-07-10,gold,12356.30
1998-07-13,gold,12417.17
1998-07-14,gold,12506.96
1998-07-15,gold,12485.99
1998-07-16,gold,12553.07
1998-07-17,gold,12493.83
1998-07-20,gold,12530.38
1998-07-21,gold,12511.12
1998-07-22,gold,12472.29
1998-07-23,gold,12463.77
1998-07-24,gold,12527.85
1998-07-27,gold,12368.60
1998-07-28,gold,12361.38
1998-07-29,gold,12349.60
1998-07-30,gold,12336.59
1998-07-31,gold,12287.67
1998-08-03,gold,12171.38
1998-08-04,gold,12162.10
1998-08-05,gold,12227.83
1998-08-06,gold,12229.33
1998-08-07,gold,12170.81
1998-08-10,gold,12186.55
1998-08-11,gold,12216.48
1998-08-12,gold,12242.89
1998-08-13,gold,12213.11
1998-08-14,gold,12259.06
1998-08-17,gold,12273.85
1998-08-18,gold,12315.13
1998-08-19,gold,12426.38
1998-08-20,gold,12207.97
1998-08-21,gold,12068.59
1998-08-24,gold,12081.29
1998-08-25,gold,12029.62
1998-08-26,gold,12031.03
1998-08-27,gold,11834.86
1998-08-28,gold,11629.06
1998-08-31,gold,11624.96
1998-09-01,gold,11864.83
1998-09-02,gold,11912.67
1998-09-03,gold,11867.36
1998-09-04,gold,12130.31
1998-09-07,gold,12265.03
1998-09-08,gold,12148.04
1998-09-09,gold,12056.54
1998-09-10,gold,12337.53
1998-09-11,gold,12469.56
1998-09-14,gold,12338.57
1998-09-15,gold,12349.71
1998-09-16,gold,12240.54
1998-09-17,gold,12350.61
1998-09-18,gold,12335.04
1998-09-21,gold,12448.91
1998-09-22,gold,12280.41
1998-09-23,gold,12289.07
1998-09-24,gold,12447.80
1998-09-25,gold,12672.22
1998-09-28,gold,12431.23
1998-09-29,gold,12574.08
1998-09-30,gold,12460.05
1998-10-01,gold,12619.06
1998-10-02,gold,12754.75
1998-10-05,gold,12669.98
1998-10-06,gold,12490.21
1998-10-07,gold,12631.47
1998-10-08,gold,12720.08
1998-10-09,gold,12648.45
1998-10-12,gold,12545.76
1998-10-13,gold,12513.58
1998-10-14,gold,12495.61
1998-10-15,gold,12613.98
1998-10-16,gold,12606.26
1998-10-19,gold,12631.64
1998-10-20,gold,12492.75
1998-10-21,gold,12483.17
1998-10-22,gold,12382.34
1998-10-23,gold,12359.25
1998-10-26,gold,12317.40
1998-10-27,gold,12382.17
1998-10-28,gold,12385.58
1998-10-29,gold,12443.55
1998-10-30,gold,12381.82
1998-11-02,gold,12380.47
1998-11-03,gold,12212.82
1998-11-04,gold,12243.79
1998-11-05,gold,12295.28
1998-11-06,gold,12406.58
1998-11-09,gold,12346.40
1998-11-10,gold,12358.90
1998-11-11,gold,12410.64
1998-11-12,gold,12464.80
1998-11-13,gold,12569.55
1998-11-16,gold,12488.36
1998-11-17,gold,12472.54
1998-11-18,gold,12591.61
1998-11-19,gold,12574.12
1998-11-20,gold,12531.95
1998-11-23,gold,12535.11
1998-11-24,gold,12576.14
1998-11-25,gold,12570.52
1998-11-26,gold,12593.29
1998-11-27,gold,12599.70
1998-11-30,gold,12548.32
1998-12-01,gold,12487.24
1998-12-02,gold,12524.90
1998-12-03,gold,12463.69
1998-12-04,gold,12438.81
1998-12-07,gold,12583.03
1998-12-08,gold,12537.01
1998-12-09,gold,12524.09
1998-12-10,gold,12517.85
1998-12-11,gold,12381.53
1998-12-14,gold,12409.26
1998-12-15,gold,12448.37
1998-12-16,gold,12511.74
1998-12-17,gold,12479.17
1998-12-18,gold,12406.12
1998-12-21,gold,12326.05
1998-12-22,gold,12218.18
1998-12-23,gold,12156.78
1998-12-24,gold,12155.78
1998-12-25,gold,12155.78
1998-12-28,gold,12150.78
1998-12-29,gold,12204.69
1998-12-30,gold,12240.13
1998-12-31,gold,12230.42
1999-01-01,gold,12230.42
1999-01-04,gold,12218.23
1999-01-05,gold,12212.49
1999-01-06,gold,12225.12
1999-01-07,gold,12325.77
1999-01-08,gold,12367.61
1999-01-11,gold,12369.51
1999-01-12,gold,12330.99
1999-01-13,gold,12125.92
1999-01-14,gold,12140.12
1999-01-15,gold,12150.02
1999-01-18,gold,12186.88
1999-01-19,gold,12179.12
1999-01-20,gold,12155.00
1999-01-21,gold,12226.50
1999-01-22,gold,12197.50
1999-01-25,gold,12227.25
1999-01-26,gold,12204.62
1999-01-27,gold,12058.66
1999-01-28,gold,12050.88
1999-01-29,gold,12126.65
1999-02-01,gold,12190.38
1999-02-02,gold,12260.49
1999-02-03,gold,12176.78
1999-02-04,gold,12196.64
1999-02-05,gold,12285.03
1999-02-08,gold,12261.68
1999-02-09,gold,12180.28
1999-02-10,gold,12226.88
1999-02-11,gold,12195.89
1999-02-12,gold,12271.53
1999-02-15,gold,12276.54
1999-02-16,gold,12122.40
1999-02-17,gold,12142.95
1999-02-18,gold,12127.97
1999-02-19,gold,12146.97
1999-02-22,gold,12180.15
1999-02-23,gold,12164.68
1999-02-24,gold,12185.76
1999-02-25,gold,12188.45
1999-02-26,gold,12202.50
1999-03-01,gold,12179.02
1999-03-02,gold,12244.86
1999-03-03,gold,12161.45
1999-03-04,gold,12230.13
1999-03-05,gold,12238.63
1999-03-08,gold,12306.64
1999-03-09,gold,12465.02
1999-03-10,gold,12381.07
1999-03-11,gold,12503.82
1999-03-12,gold,12440.03
1999-03-15,gold,12293.42
1999-03-16,gold,11999.20
1999-03-17,gold,12076.97
1999-03-18,gold,12035.97
1999-03-19,gold,12028.88
1999-03-22,gold,12051.48
1999-03-23,gold,12043.00
1999-03-24,gold,12060.73
1999-03-25,gold,12016.16
1999-03-26,gold,11863.52
1999-03-29,gold,11881.16
1999-03-30,gold,11863.43
1999-03-31,gold,11857.06
1999-04-01,gold,11899.53
1999-04-02,gold,11899.53
1999-04-05,gold,11899.53
1999-04-06,gold,11878.03
1999-04-07,gold,11955.40
1999-04-08,gold,11993.08
1999-04-09,gold,11970.40
1999-04-12,gold,12084.14
1999-04-13,gold,12124.57
1999-04-14,gold,12115.35
1999-04-15,gold,12137.38
1999-04-16,gold,12141.02
1999-04-19,gold,12148.13
1999-04-20,gold,12158.81
1999-04-21,gold,12120.27
1999-04-22,gold,12101.18
1999-04-23,gold,12133.74
1999-04-26,gold,12053.83
1999-04-27,gold,12034.56
1999-04-28,gold,12115.23
1999-04-29,gold,12113.11
1999-04-30,gold,12266.48
1999-05-03,gold,12266.48
1999-05-04,gold,12193.72
1999-05-05,gold,12255.10
1999-05-06,gold,12304.10
1999-05-07,gold,12070.85
1999-05-10,gold,11887.28
1999-05-11,gold,11940.20
1999-05-12,gold,11859.71
1999-05-13,gold,11874.61
1999-05-14,gold,11798.67
1999-05-17,gold,11797.75
1999-05-18,gold,11763.89
1999-05-19,gold,11656.19
1999-05-20,gold,11724.46
1999-05-21,gold,11693.14
1999-05-24,gold,11644.04
1999-05-25,gold,11623.33
1999-05-26,gold,11550.77
1999-05-27,gold,11558.13
1999-05-28,gold,11524.28
1999-05-31,gold,11524.28
1999-06-01,gold,11463.88
1999-06-02,gold,11466.08
1999-06-03,gold,11372.34
1999-06-04,gold,11399.62
1999-06-07,gold,11416.15
1999-06-08,gold,11283.67
1999-06-09,gold,11259.42
1999-06-10,gold,11121.74
1999-06-11,gold,11185.28
1999-06-14,gold,11241.91
1999-06-15,gold,11206.00
1999-06-16,gold,11166.79
1999-06-17,gold,11143.04
1999-06-18,gold,11175.63
1999-06-21,gold,11191.39
1999-06-22,gold,11169.36
1999-06-23,gold,11209.53
1999-06-24,gold,11271.00
1999-06-25,gold,11293.52
1999-06-28,gold,11282.70
1999-06-29,gold,11370.80
1999-06-30,gold,11327.40
1999-07-01,gold,11390.28
1999-07-02,gold,11417.22
1999-07-05,gold,11358.19
1999-07-06,gold,11150.22
1999-07-07,gold,11113.15
1999-07-08,gold,11165.05
1999-07-09,gold,11148.81
1999-07-12,gold,11068.16
1999-07-13,gold,11008.52
1999-07-14,gold,11039.56
1999-07-15,gold,10958.39
1999-07-16,gold,11060.70
1999-07-19,gold,10978.89
1999-07-20,gold,10923.49
1999-07-21,gold,11000.76
1999-07-22,gold,10981.69
1999-07-23,gold,11048.11
1999-07-26,gold,10969.58
1999-07-27,gold,11025.45
1999-07-28,gold,11006.34
1999-07-29,gold,10993.87
1999-07-30,gold,11075.79
1999-08-02,gold,11060.49
1999-08-03,gold,11098.88
1999-08-04,gold,11096.21
1999-08-05,gold,11112.96
1999-08-06,gold,11117.45
1999-08-09,gold,11135.95
1999-08-10,gold,11139.80
1999-08-11,gold,11211.48
1999-08-12,gold,11320.45
1999-08-13,gold,11321.76
1999-08-16,gold,11245.78
1999-08-17,gold,11273.35
1999-08-18,gold,11347.61
1999-08-19,gold,11219.78
1999-08-20,gold,11253.24
1999-08-23,gold,11135.82
1999-08-24,gold,11026.70
1999-08-25,gold,11015.41
1999-08-26,gold,11015.82
1999-08-27,gold,11049.18
1999-08-30,gold,11049.18
1999-08-31,gold,11086.99
1999-09-01,gold,11083.91
1999-09-02,gold,11044.99
1999-09-03,gold,11064.49
1999-09-06,gold,11068.74
1999-09-07,gold,11120.52
1999-09-08,gold,11151.49
1999-09-09,gold,11190.56
1999-09-10,gold,11141.12
1999-09-13,gold,11163.15
1999-09-14,gold,11182.10
1999-09-15,gold,11201.15
1999-09-16,gold,11149.56
1999-09-17,gold,11107.05
1999-09-20,gold,11127.78
1999-09-21,gold,11280.68
1999-09-22,gold,11483.84
1999-09-23,gold,11526.32
1999-09-24,gold,11773.03
1999-09-27,gold,12258.77
1999-09-28,gold,13148.42
1999-09-29,gold,13394.41
1999-09-30,gold,13044.62
1999-10-01,gold,13413.15
1999-10-04,gold,13642.16
1999-10-05,gold,14203.19
1999-10-06,gold,13869.34
1999-10-07,gold,14091.98
1999-10-08,gold,14046.83
1999-10-11,gold,13780.82
1999-10-12,gold,13922.87
1999-10-13,gold,13986.47
1999-10-14,gold,13947.45
1999-10-15,gold,13722.81
1999-10-18,gold,13528.39
1999-10-19,gold,13437.72
1999-10-20,gold,13326.87
1999-10-21,gold,13152.02
1999-10-22,gold,13124.16
1999-10-25,gold,13101.52
1999-10-26,gold,12872.65
1999-10-27,gold,12603.32
1999-10-28,gold,12854.67
1999-10-29,gold,12989.91
1999-11-01,gold,12639.14
1999-11-02,gold,12627.27
1999-11-03,gold,12638.13
1999-11-04,gold,12623.66
1999-11-05,gold,12587.75
1999-11-08,gold,12521.58
1999-11-09,gold,12630.18
1999-11-10,gold,12847.38
1999-11-11,gold,12844.92
1999-11-12,gold,12648.99
1999-11-15,gold,12631.98
1999-11-16,gold,12774.86
1999-11-17,gold,12745.88
1999-11-18,gold,12748.11
1999-11-19,gold,12744.64
1999-11-22,gold,12801.61
1999-11-23,gold,12905.11
1999-11-24,gold,12920.43
1999-11-25,gold,12949.07
1999-11-26,gold,12893.68
1999-11-29,gold,12682.19
1999-11-30,gold,12649.69
1999-12-01,gold,12561.69
1999-12-02,gold,12425.27
1999-12-03,gold,12284.78
1999-12-06,gold,11989.31
1999-12-07,gold,12146.96
1999-12-08,gold,12217.81
1999-12-09,gold,12124.64
1999-12-10,gold,12202.66
1999-12-13,gold,12168.03
1999-12-14,gold,12164.13
1999-12-15,gold,12198.98
1999-12-16,gold,12191.65
1999-12-17,gold,12358.96
1999-12-20,gold,12374.11
1999-12-21,gold,12310.23
1999-12-22,gold,12431.55
1999-12-23,gold,12513.35
1999-12-24,gold,12513.35
1999-12-27,gold,12513.35
1999-12-28,gold,12513.35
1999-12-29,gold,12671.98
1999-12-30,gold,12630.95
1999-12-31,gold,12630.95
2000-01-03,gold,12630.95
2000-01-04,gold,12260.03
2000-01-05,gold,12204.48
2000-01-06,gold,12166.75
2000-01-07,gold,12286.87
2000-01-10,gold,12255.23
2000-01-11,gold,12285.64
2000-01-12,gold,12287.75
2000-01-13,gold,12289.97
2000-01-14,gold,12329.22
2000-01-17,gold,12424.14
2000-01-18,gold,12463.74
2000-01-19,gold,12530.03
2000-01-20,gold,12565.05
2000-01-21,gold,12537.84
2000-01-24,gold,12533.41
2000-01-25,gold,12562.56
2000-01-26,gold,12466.67
2000-01-27,gold,12452.84
2000-01-28,gold,12513.77
2000-01-31,gold,12371.37
2000-02-01,gold,12336.68
2000-02-02,gold,12455.02
2000-02-03,gold,12439.15
2000-02-04,gold,12813.42
2000-02-07,gold,13644.66
2000-02-08,gold,12917.24
2000-02-09,gold,13462.68
2000-02-10,gold,13490.94
2000-02-11,gold,13600.87
2000-02-14,gold,13447.91
2000-02-15,gold,13269.86
2000-02-16,gold,13198.08
2000-02-17,gold,13300.05
2000-02-18,gold,13249.96
2000-02-21,gold,13309.51
2000-02-22,gold,13185.66
2000-02-23,gold,13176.26
2000-02-24,gold,13029.98
2000-02-25,gold,12824.13
2000-02-28,gold,12756.66
2000-02-29,gold,12814.89
2000-03-01,gold,12768.98
2000-03-02,gold,12640.74
2000-03-03,gold,12580.04
2000-03-06,gold,12592.40
2000-03-07,gold,12636.00
2000-03-08,gold,12696.32
2000-03-09,gold,12659.26
2000-03-10,gold,12649.39
2000-03-13,gold,12674.52
2000-03-14,gold,12587.71
2000-03-15,gold,12606.94
2000-03-16,gold,12521.28
2000-03-17,gold,12366.68
2000-03-20,gold,12451.56
2000-03-21,gold,12420.42
2000-03-22,gold,12553.84
2000-03-23,gold,12410.83
2000-03-24,gold,12429.09
2000-03-27,gold,12391.78
2000-03-28,gold,12243.02
2000-03-29,gold,12195.00
2000-03-30,gold,12023.39
2000-03-31,gold,12067.68
2000-04-03,gold,12102.33
2000-04-04,gold,12077.58
2000-04-05,gold,12271.71
2000-04-06,gold,12192.59
2000-04-07,gold,12221.54
2000-04-10,gold,12317.39
2000-04-11,gold,12331.13
2000-04-12,gold,12236.66
2000-04-13,gold,12281.70
2000-04-14,gold,12312.26
2000-04-17,gold,12302.90
2000-04-18,gold,12274.51
2000-04-19,gold,12284.02
2000-04-20,gold,12219.51
2000-04-21,gold,12219.51
2000-04-24,gold,12219.51
2000-04-25,gold,12200.18
2000-04-26,gold,12061.65
2000-04-27,gold,12048.45
2000-04-28,gold,12008.00
2000-05-01,gold,12008.00
2000-05-02,gold,12029.59
2000-05-03,gold,12034.07
2000-05-04,gold,12224.80
2000-05-05,gold,12252.63
2000-05-08,gold,12136.59
2000-05-09,gold,12072.93
2000-05-10,gold,12228.28
2000-05-11,gold,12152.78
2000-05-12,gold,12151.85
2000-05-15,gold,12155.83
2000-05-16,gold,12134.34
2000-05-17,gold,11998.65
2000-05-18,gold,11997.74
2000-05-19,gold,12013.14
2000-05-22,gold,12053.26
2000-05-23,gold,12069.16
2000-05-24,gold,12086.59
2000-05-25,gold,12045.17
2000-05-26,gold,12045.72
2000-05-29,gold,12045.72
2000-05-30,gold,12178.39
2000-05-31,gold,12135.54
2000-06-01,gold,12149.41
2000-06-02,gold,12567.81
2000-06-05,gold,12647.11
2000-06-06,gold,12884.27
2000-06-07,gold,12714.90
2000-06-08,gold,12794.46
2000-06-09,gold,12731.17
2000-06-12,gold,12755.06
2000-06-13,gold,13044.63
2000-06-14,gold,12841.35
2000-06-15,gold,12846.78
2000-06-16,gold,12967.47
2000-06-19,gold,12766.86
2000-06-20,gold,12775.97
2000-06-21,gold,12776.42
2000-06-22,gold,12846.45
2000-06-23,gold,12770.63
2000-06-26,gold,12685.67
2000-06-27,gold,12674.51
2000-06-28,gold,12862.08
2000-06-29,gold,12942.70
2000-06-30,gold,12875.98
2000-07-03,gold,12849.33
2000-07-04,gold,12796.52
2000-07-05,gold,12818.61
2000-07-06,gold,12750.70
2000-07-07,gold,12650.47
2000-07-10,gold,12689.33
2000-07-11,gold,12636.61
2000-07-12,gold,12511.67
2000-07-13,gold,12553.16
2000-07-14,gold,12527.18
2000-07-17,gold,12629.75
2000-07-18,gold,12651.31
2000-07-19,gold,12501.18
2000-07-20,gold,12549.10
2000-07-21,gold,12571.29
2000-07-24,gold,12517.41
2000-07-25,gold,12559.23
2000-07-26,gold,12532.49
2000-07-27,gold,12552.67
2000-07-28,gold,12480.43
2000-07-31,gold,12464.82
2000-08-01,gold,12535.03
2000-08-02,gold,12591.94
2000-08-03,gold,12495.30
2000-08-04,gold,12445.55
2000-08-07,gold,12449.72
2000-08-08,gold,12490.91
2000-08-09,gold,12408.64
2000-08-10,gold,12480.37
2000-08-11,gold,12489.66
2000-08-14,gold,12599.08
2000-08-15,gold,12535.51
2000-08-16,gold,12636.10
2000-08-17,gold,12729.02
2000-08-18,gold,12627.30
2000-08-21,gold,12581.49
2000-08-22,gold,12497.11
2000-08-23,gold,12506.17
2000-08-24,gold,12513.70
2000-08-25,gold,12574.22
2000-08-28,gold,12574.22
2000-08-29,gold,12549.20
2000-08-30,gold,12517.14
2000-08-31,gold,12687.99
2000-09-01,gold,12676.91
2000-09-04,gold,12647.05
2000-09-05,gold,12574.38
2000-09-06,gold,12510.15
2000-09-07,gold,12435.12
2000-09-08,gold,12453.08
2000-09-11,gold,12434.09
2000-09-12,gold,12532.28
2000-09-13,gold,12437.25
2000-09-14,gold,12469.75
2000-09-15,gold,12485.08
2000-09-18,gold,12558.00
2000-09-19,gold,12607.04
2000-09-20,gold,12563.11
2000-09-21,gold,12370.05
2000-09-22,gold,12656.49
2000-09-25,gold,12555.19
2000-09-26,gold,12667.84
2000-09-27,gold,12723.61
2000-09-28,gold,12733.75
2000-09-29,gold,12597.48
2000-10-02,gold,12569.43
2000-10-03,gold,12523.40
2000-10-04,gold,12497.02
2000-10-05,gold,12459.36
2000-10-06,gold,12445.65
2000-10-09,gold,12443.63
2000-10-10,gold,12498.45
2000-10-11,gold,12632.42
2000-10-12,gold,12670.45
2000-10-13,gold,12669.24
2000-10-16,gold,12584.59
2000-10-17,gold,12512.58
2000-10-18,gold,12601.35
2000-10-19,gold,12525.03
2000-10-20,gold,12536.71
2000-10-23,gold,12592.57
2000-10-24,gold,12541.33
2000-10-25,gold,12433.55
2000-10-26,gold,12424.90
2000-10-27,gold,12332.65
2000-10-30,gold,12357.21
2000-10-31,gold,12338.93
2000-11-01,gold,12427.39
2000-11-02,gold,12375.12
2000-11-03,gold,12337.98
2000-11-06,gold,12381.62
2000-11-07,gold,12389.56
2000-11-08,gold,12325.55
2000-11-09,gold,12365.77
2000-11-10,gold,12376.44
2000-11-13,gold,12389.68
2000-11-14,gold,12391.71
2000-11-15,gold,12370.05
2000-11-16,gold,12492.23
2000-11-17,gold,12406.67
2000-11-20,gold,12449.17
2000-11-21,gold,12453.16
2000-11-22,gold,12461.14
2000-11-23,gold,12441.00
2000-11-24,gold,12435.71
2000-11-27,gold,12560.15
2000-11-28,gold,12651.88
2000-11-29,gold,12612.72
2000-11-30,gold,12611.37
2000-12-01,gold,12614.71
2000-12-04,gold,12675.12
2000-12-05,gold,12645.01
2000-12-06,gold,12697.65
2000-12-07,gold,12808.93
2000-12-08,gold,12764.51
2000-12-11,gold,12659.29
2000-12-12,gold,12658.92
2000-12-13,gold,12607.84
2000-12-14,gold,12591.12
2000-12-15,gold,12640.21
2000-12-18,gold,12637.25
2000-12-19,gold,12583.94
2000-12-20,gold,12726.14
2000-12-21,gold,12751.72
2000-12-22,gold,12751.72
2000-12-25,gold,12751.72
2000-12-26,gold,12751.72
2000-12-27,gold,12853.09
2000-12-28,gold,12815.44
2000-12-29,gold,12815.44
2001-01-01,gold,12815.44
2001-01-02,gold,12659.01
2001-01-03,gold,12478.58
2001-01-04,gold,12480.25
2001-01-05,gold,12491.59
2001-01-08,gold,12524.59
2001-01-09,gold,12448.88
2001-01-10,gold,12414.91
2001-01-11,gold,12315.99
2001-01-12,gold,12275.23
2001-01-15,gold,12265.93
2001-01-16,gold,12295.60
2001-01-17,gold,12236.94
2001-01-18,gold,12292.68
2001-01-19,gold,12284.74
2001-01-22,gold,12340.04
2001-01-23,gold,12332.40
2001-01-24,gold,12251.95
2001-01-25,gold,12315.20
2001-01-26,gold,12249.80
2001-01-29,gold,12221.21
2001-01-30,gold,12300.30
2001-01-31,gold,12272.80
2001-02-01,gold,12418.96
2001-02-02,gold,12377.55
2001-02-05,gold,12317.81
2001-02-06,gold,12184.03
2001-02-07,gold,12216.74
2001-02-08,gold,12203.51
2001-02-09,gold,12075.60
2001-02-12,gold,12135.61
2001-02-13,gold,12139.22
2001-02-14,gold,12136.76
2001-02-15,gold,12036.80
2001-02-16,gold,11980.44
2001-02-19,gold,12075.06
2001-02-20,gold,11936.13
2001-02-21,gold,12003.36
2001-02-22,gold,12055.94
2001-02-23,gold,12138.27
2001-02-26,gold,12274.33
2001-02-27,gold,12514.85
2001-02-28,gold,12414.88
2001-03-01,gold,12397.26
2001-03-02,gold,12247.31
2001-03-05,gold,12215.44
2001-03-06,gold,12179.95
2001-03-07,gold,12128.04
2001-03-08,gold,12266.32
2001-03-09,gold,12556.09
2001-03-12,gold,12688.96
2001-03-13,gold,12561.50
2001-03-14,gold,12309.92
2001-03-15,gold,12222.01
2001-03-16,gold,12175.99
2001-03-19,gold,12166.38
2001-03-20,gold,12213.73
2001-03-21,gold,12232.78
2001-03-22,gold,12195.71
2001-03-23,gold,12273.78
2001-03-26,gold,12231.63
2001-03-27,gold,12216.41
2001-03-28,gold,12126.89
2001-03-29,gold,12130.14
2001-03-30,gold,12012.69
2001-04-02,gold,11936.23
2001-04-03,gold,11987.29
2001-04-04,gold,12089.07
2001-04-05,gold,12019.72
2001-04-06,gold,12048.43
2001-04-09,gold,12057.75
2001-04-10,gold,11948.34
2001-04-11,gold,12033.30
2001-04-12,gold,12148.46
2001-04-13,gold,12148.46
2001-04-16,gold,12148.46
2001-04-17,gold,12208.07
2001-04-18,gold,12129.71
2001-04-19,gold,12326.24
2001-04-20,gold,12350.82
2001-04-23,gold,12288.37
2001-04-24,gold,12329.75
2001-04-25,gold,12343.66
2001-04-26,gold,12348.93
2001-04-27,gold,12396.51
2001-04-30,gold,12323.31
2001-05-01,gold,12360.48
2001-05-02,gold,12359.46
2001-05-03,gold,12474.18
2001-05-04,gold,12483.55
2001-05-07,gold,12483.55
2001-05-08,gold,12417.99
2001-05-09,gold,12542.08
2001-05-10,gold,12578.22
2001-05-11,gold,12614.41
2001-05-14,gold,12599.03
2001-05-15,gold,12527.53
2001-05-16,gold,12725.53
2001-05-17,gold,12865.67
2001-05-18,gold,12811.89
2001-05-21,gold,13681.47
2001-05-22,gold,13357.89
2001-05-23,gold,13299.56
2001-05-24,gold,13437.20
2001-05-25,gold,12974.08
2001-05-28,gold,12974.08
2001-05-29,gold,12949.22
2001-05-30,gold,12727.52
2001-05-31,gold,12572.50
2001-06-01,gold,12477.78
2001-06-04,gold,12529.50
2001-06-05,gold,12490.56
2001-06-06,gold,12471.86
2001-06-07,gold,12498.72
2001-06-08,gold,12543.66
2001-06-11,gold,12619.50
2001-06-12,gold,12693.40
2001-06-13,gold,12792.53
2001-06-14,gold,12795.99
2001-06-15,gold,12793.40
2001-06-18,gold,12775.84
2001-06-19,gold,12836.13
2001-06-20,gold,12749.64
2001-06-21,gold,12760.39
2001-06-22,gold,12845.10
2001-06-25,gold,12829.03
2001-06-26,gold,12883.48
2001-06-27,gold,12912.85
2001-06-28,gold,12669.20
2001-06-29,gold,12729.02
2001-07-02,gold,12647.34
2001-07-03,gold,12651.72
2001-07-04,gold,12606.64
2001-07-05,gold,12550.72
2001-07-06,gold,12495.49
2001-07-09,gold,12543.95
2001-07-10,gold,12607.59
2001-07-11,gold,12616.32
2001-07-12,gold,12557.38
2001-07-13,gold,12562.40
2001-07-16,gold,12646.65
2001-07-17,gold,12610.65
2001-07-18,gold,12659.45
2001-07-19,gold,12736.54
2001-07-20,gold,12710.96
2001-07-23,gold,12657.11
2001-07-24,gold,12659.47
2001-07-25,gold,12651.03
2001-07-26,gold,12613.96
2001-07-27,gold,12544.98
2001-07-30,gold,12554.71
2001-07-31,gold,12533.20
2001-08-01,gold,12596.20
2001-08-02,gold,12573.03
2001-08-03,gold,12621.09
2001-08-06,gold,12586.46
2001-08-07,gold,12553.79
2001-08-08,gold,12554.10
2001-08-09,gold,12726.45
2001-08-10,gold,12998.45
2001-08-13,gold,12987.65
2001-08-14,gold,12933.07
2001-08-15,gold,12975.87
2001-08-16,gold,12999.03
2001-08-17,gold,13074.83
2001-08-20,gold,13038.51
2001-08-21,gold,13016.49
2001-08-22,gold,13000.81
2001-08-23,gold,12952.31
2001-08-24,gold,12855.70
2001-08-27,gold,12855.70
2001-08-28,gold,12778.65
2001-08-29,gold,12858.06
2001-08-30,gold,12837.58
2001-08-31,gold,12863.76
2001-09-03,gold,12888.45
2001-09-04,gold,12834.86
2001-09-05,gold,12791.80
2001-09-06,gold,12836.68
2001-09-07,gold,12919.39
2001-09-10,gold,12850.10
2001-09-11,gold,13606.67
2001-09-12,gold,13234.37
2001-09-13,gold,13328.69
2001-09-14,gold,13663.14
2001-09-17,gold,14021.75
2001-09-18,gold,13905.67
2001-09-19,gold,13833.12
2001-09-20,gold,13843.67
2001-09-21,gold,14044.39
2001-09-24,gold,13804.78
2001-09-25,gold,13788.00
2001-09-26,gold,13953.17
2001-09-27,gold,13868.38
2001-09-28,gold,14027.77
2001-10-01,gold,13944.44
2001-10-02,gold,13993.37
2001-10-03,gold,13900.14
2001-10-04,gold,13929.54
2001-10-05,gold,13977.60
2001-10-08,gold,14046.74
2001-10-09,gold,13956.25
2001-10-10,gold,13794.69
2001-10-11,gold,13541.48
2001-10-12,gold,13534.85
2001-10-15,gold,13537.26
2001-10-16,gold,13492.80
2001-10-17,gold,13518.21
2001-10-18,gold,13500.65
2001-10-19,gold,13410.37
2001-10-22,gold,13243.20
2001-10-23,gold,13249.02
2001-10-24,gold,13232.27
2001-10-25,gold,13284.37
2001-10-26,gold,13309.39
2001-10-29,gold,13364.44
2001-10-30,gold,13453.59
2001-10-31,gold,13378.61
2001-11-01,gold,13468.80
2001-11-02,gold,13432.40
2001-11-05,gold,13349.04
2001-11-06,gold,13386.81
2001-11-07,gold,13451.60
2001-11-08,gold,13441.80
2001-11-09,gold,13303.20
2001-11-12,gold,13437.20
2001-11-13,gold,13288.59
2001-11-14,gold,13372.70
2001-11-15,gold,13216.09
2001-11-16,gold,13170.51
2001-11-19,gold,13120.49
2001-11-20,gold,13096.14
2001-11-21,gold,13088.94
2001-11-22,gold,13098.82
2001-11-23,gold,13112.90
2001-11-26,gold,13084.80
2001-11-27,gold,13110.20
2001-11-28,gold,13169.83
2001-11-29,gold,13183.53
2001-11-30,gold,13204.72
2001-12-03,gold,13231.64
2001-12-04,gold,13243.61
2001-12-05,gold,13169.75
2001-12-06,gold,13137.22
2001-12-07,gold,13104.72
2001-12-10,gold,13042.21
2001-12-11,gold,13011.16
2001-12-12,gold,13078.77
2001-12-13,gold,13129.02
2001-12-14,gold,13245.76
2001-12-17,gold,13283.39
2001-12-18,gold,13336.00
2001-12-19,gold,13312.50
2001-12-20,gold,13196.20
2001-12-21,gold,13270.05
2001-12-24,gold,13270.05
2001-12-25,gold,13270.05
2001-12-26,gold,13270.05
2001-12-27,gold,13378.20
2001-12-28,gold,13345.27
2001-12-31,gold,13345.27
2002-01-01,gold,13345.27
2002-01-02,gold,13431.78
2002-01-03,gold,13456.28
2002-01-04,gold,13405.60
2002-01-07,gold,13443.84
2002-01-08,gold,13449.42
2002-01-09,gold,13581.35
2002-01-10,gold,13873.50
2002-01-11,gold,13834.59
2002-01-14,gold,13845.02
2002-01-15,gold,13722.60
2002-01-16,gold,13744.76
2002-01-17,gold,13762.79
2002-01-18,gold,13664.40
2002-01-21,gold,13619.56
2002-01-22,gold,13615.96
2002-01-23,gold,13553.21
2002-01-24,gold,13497.92
2002-01-25,gold,13493.84
2002-01-28,gold,13495.88
2002-01-29,gold,13460.09
2002-01-30,gold,13659.79
2002-01-31,gold,13697.20
2002-02-01,gold,13776.25
2002-02-04,gold,13971.95
2002-02-05,gold,14196.07
2002-02-06,gold,14581.16
2002-02-07,gold,14584.15
2002-02-08,gold,14820.93
2002-02-11,gold,14507.87
2002-02-12,gold,14548.96
2002-02-13,gold,14478.92
2002-02-14,gold,14559.81
2002-02-15,gold,14595.20
2002-02-18,gold,14473.51
2002-02-19,gold,14426.21
2002-02-20,gold,14161.55
2002-02-21,gold,14220.40
2002-02-22,gold,14278.15
2002-02-25,gold,14254.46
2002-02-26,gold,14334.90
2002-02-27,gold,14492.30
2002-02-28,gold,14468.47
2002-03-01,gold,14393.37
2002-03-04,gold,14483.38
2002-03-05,gold,14504.35
2002-03-06,gold,14250.10
2002-03-07,gold,14178.98
2002-03-08,gold,14088.83
2002-03-11,gold,14188.72
2002-03-12,gold,14305.66
2002-03-13,gold,14285.20
2002-03-14,gold,14188.72
2002-03-15,gold,14141.96
2002-03-18,gold,14227.22
2002-03-19,gold,14281.30
2002-03-20,gold,14220.39
2002-03-21,gold,14272.29
2002-03-22,gold,14352.04
2002-03-25,gold,14512.88
2002-03-26,gold,14430.43
2002-03-27,gold,14601.67
2002-03-28,gold,14702.29
2002-03-29,gold,14702.29
2002-04-01,gold,14702.29
2002-04-02,gold,14841.28
2002-04-03,gold,14853.38
2002-04-04,gold,14741.06
2002-04-05,gold,14699.34
2002-04-08,gold,14693.51
2002-04-09,gold,14607.92
2002-04-10,gold,14570.71
2002-04-11,gold,14735.08
2002-04-12,gold,14688.62
2002-04-15,gold,14688.39
2002-04-16,gold,14567.42
2002-04-17,gold,14719.09
2002-04-18,gold,14879.35
2002-04-19,gold,14759.53
2002-04-22,gold,14857.00
2002-04-23,gold,14832.30
2002-04-24,gold,14904.28
2002-04-25,gold,15047.57
2002-04-26,gold,15015.74
2002-04-29,gold,15167.56
2002-04-30,gold,15087.93
2002-05-01,gold,15089.11
2002-05-02,gold,15052.41
2002-05-03,gold,15205.84
2002-05-06,gold,15205.84
2002-05-07,gold,15277.08
2002-05-08,gold,15198.98
2002-05-09,gold,15122.84
2002-05-10,gold,15244.79
2002-05-13,gold,15229.86
2002-05-14,gold,15110.06
2002-05-15,gold,15114.41
2002-05-16,gold,15205.75
2002-05-17,gold,15220.95
2002-05-20,gold,15274.40
2002-05-21,gold,15436.92
2002-05-22,gold,15531.56
2002-05-23,gold,15556.21
2002-05-24,gold,15724.95
2002-05-27,gold,15672.85
2002-05-28,gold,15681.80
2002-05-29,gold,16017.27
2002-05-30,gold,15972.37
2002-05-31,gold,16018.10
2002-06-03,gold,16018.10
2002-06-04,gold,16018.10
2002-06-05,gold,15779.61
2002-06-06,gold,15871.18
2002-06-07,gold,16001.76
2002-06-10,gold,15794.44
2002-06-11,gold,15515.28
2002-06-12,gold,15656.56
2002-06-13,gold,15615.56
2002-06-14,gold,15782.90
2002-06-17,gold,15570.61
2002-06-18,gold,15589.60
2002-06-19,gold,15687.80
2002-06-20,gold,15770.97
2002-06-21,gold,15788.10
2002-06-24,gold,15956.06
2002-06-25,gold,15732.74
2002-06-26,gold,15702.89
2002-06-27,gold,15573.38
2002-06-28,gold,15568.28
2002-07-01,gold,15244.52
2002-07-02,gold,15357.74
2002-07-03,gold,15171.03
2002-07-04,gold,15160.39
2002-07-05,gold,15196.11
2002-07-08,gold,15215.64
2002-07-09,gold,15311.87
2002-07-10,gold,15362.24
2002-07-11,gold,15322.67
2002-07-12,gold,15447.04
2002-07-15,gold,15578.37
2002-07-16,gold,15532.19
2002-07-17,gold,15420.22
2002-07-18,gold,15493.38
2002-07-19,gold,15736.53
2002-07-22,gold,15723.62
2002-07-23,gold,15566.19
2002-07-24,gold,15153.21
2002-07-25,gold,15059.38
2002-07-26,gold,14846.49
2002-07-29,gold,14771.25
2002-07-30,gold,14877.56
2002-07-31,gold,14824.27
2002-08-01,gold,14705.97
2002-08-02,gold,14842.21
2002-08-05,gold,15054.08
2002-08-06,gold,14893.08
2002-08-07,gold,15191.65
2002-08-08,gold,15189.22
2002-08-09,gold,15223.45
2002-08-12,gold,15396.37
2002-08-13,gold,15252.25
2002-08-14,gold,15340.59
2002-08-15,gold,15196.35
2002-08-16,gold,15233.99
2002-08-19,gold,15066.98
2002-08-20,gold,14962.64
2002-08-21,gold,14878.40
2002-08-22,gold,14825.64
2002-08-23,gold,14852.34
2002-08-26,gold,14852.34
2002-08-27,gold,15060.80
2002-08-28,gold,15083.68
2002-08-29,gold,15141.53
2002-08-30,gold,15172.36
2002-09-02,gold,15124.20
2002-09-03,gold,15195.35
2002-09-04,gold,15164.85
2002-09-05,gold,15393.24
2002-09-06,gold,15510.76
2002-09-09,gold,15639.64
2002-09-10,gold,15471.56
2002-09-11,gold,15285.98
2002-09-12,gold,15449.88
2002-09-13,gold,15436.30
2002-09-16,gold,15266.09
2002-09-17,gold,15291.14
2002-09-18,gold,15426.67
2002-09-19,gold,15601.73
2002-09-20,gold,15600.93
2002-09-23,gold,15605.78
2002-09-24,gold,15789.66
2002-09-25,gold,15738.89
2002-09-26,gold,15465.44
2002-09-27,gold,15482.42
2002-09-30,gold,15658.99
2002-10-01,gold,15556.61
2002-10-02,gold,15576.76
2002-10-03,gold,15576.76
2002-10-04,gold,15489.71
2002-10-07,gold,15561.44
2002-10-08,gold,15426.84
2002-10-09,gold,15429.40
2002-10-10,gold,15421.23
2002-10-11,gold,15313.36
2002-10-14,gold,15358.45
2002-10-15,gold,15277.20
2002-10-16,gold,15196.88
2002-10-17,gold,15038.75
2002-10-18,gold,15132.41
2002-10-21,gold,15114.21
2002-10-22,gold,15118.04
2002-10-23,gold,15102.52
2002-10-24,gold,15085.58
2002-10-25,gold,15136.68
2002-10-28,gold,15228.81
2002-10-29,gold,15340.55
2002-10-30,gold,15313.11
2002-10-31,gold,15325.28
2002-11-01,gold,15461.55
2002-11-04,gold,15348.78
2002-11-05,gold,15391.51
2002-11-06,gold,15335.11
2002-11-07,gold,15416.58
2002-11-08,gold,15528.46
2002-11-11,gold,15465.76
2002-11-12,gold,15532.48
2002-11-13,gold,15642.72
2002-11-14,gold,15374.04
2002-11-15,gold,15381.42
2002-11-18,gold,15365.34
2002-11-19,gold,15407.94
2002-11-20,gold,15373.35
2002-11-21,gold,15305.97
2002-11-22,gold,15310.60
2002-11-25,gold,15301.09
2002-11-26,gold,15305.09
2002-11-27,gold,15331.49
2002-11-28,gold,15332.14
2002-11-29,gold,15405.33
2002-12-02,gold,15279.79
2002-12-03,gold,15427.12
2002-12-04,gold,15526.83
2002-12-05,gold,15553.38
2002-12-06,gold,15709.29
2002-12-09,gold,15671.45
2002-12-10,gold,15571.80
2002-12-11,gold,15614.26
2002-12-12,gold,15727.58
2002-12-13,gold,16007.06
2002-12-16,gold,16042.28
2002-12-17,gold,16314.38
2002-12-18,gold,16262.87
2002-12-19,gold,16589.33
2002-12-20,gold,16395.09
2002-12-23,gold,16514.76
2002-12-24,gold,16514.76
2002-12-25,gold,16514.76
2002-12-26,gold,16514.76
2002-12-27,gold,16757.67
2002-12-30,gold,16643.03
2002-12-31,gold,16643.03
2003-01-01,gold,16643.03
2003-01-02,gold,16511.00
2003-01-03,gold,16537.72
2003-01-06,gold,16880.48
2003-01-07,gold,16743.28
2003-01-08,gold,16775.76
2003-01-09,gold,16888.77
2003-01-10,gold,16931.65
2003-01-13,gold,16895.96
2003-01-14,gold,16915.26
2003-01-15,gold,16828.70
2003-01-16,gold,16887.50
2003-01-17,gold,17111.90
2003-01-20,gold,17063.01
2003-01-21,gold,16955.86
2003-01-22,gold,17173.94
2003-01-23,gold,17478.25
2003-01-24,gold,17516.76
2003-01-27,gold,17652.99
2003-01-28,gold,17648.20
2003-01-29,gold,17683.07
2003-01-30,gold,17573.12
2003-01-31,gold,17564.66
2003-02-03,gold,17660.25
2003-02-04,gold,17989.68
2003-02-05,gold,18247.19
2003-02-06,gold,17936.93
2003-02-07,gold,17804.03
2003-02-10,gold,17671.00
2003-02-11,gold,17371.90
2003-02-12,gold,17056.08
2003-02-13,gold,16890.30
2003-02-14,gold,16954.41
2003-02-17,gold,16569.25
2003-02-18,gold,16422.17
2003-02-19,gold,16504.20
2003-02-20,gold,16770.69
2003-02-21,gold,16813.52
2003-02-24,gold,16957.25
2003-02-25,gold,17064.67
2003-02-26,gold,16783.87
2003-02-27,gold,16749.36
2003-02-28,gold,16568.15
2003-03-03,gold,16463.08
2003-03-04,gold,16840.85
2003-03-05,gold,16860.41
2003-03-06,gold,16892.59
2003-03-07,gold,16714.11
2003-03-10,gold,16887.77
2003-03-11,gold,16620.79
2003-03-12,gold,16493.40
2003-03-13,gold,15942.27
2003-03-14,gold,15973.96
2003-03-17,gold,16242.70
2003-03-18,gold,16148.90
2003-03-19,gold,16018.94
2003-03-20,gold,16031.09
2003-03-21,gold,15899.61
2003-03-24,gold,15700.76
2003-03-25,gold,15801.76
2003-03-26,gold,15703.97
2003-03-27,gold,15827.25
2003-03-28,gold,15720.55
2003-03-31,gold,15895.33
2003-04-01,gold,15866.58
2003-04-02,gold,15603.88
2003-04-03,gold,15311.01
2003-04-04,gold,15341.16
2003-04-07,gold,15169.66
2003-04-08,gold,15330.78
2003-04-09,gold,15256.89
2003-04-10,gold,15384.42
2003-04-11,gold,15376.03
2003-04-14,gold,15435.36
2003-04-15,gold,15407.94
2003-04-16,gold,15347.27
2003-04-17,gold,15491.63
2003-04-18,gold,15491.63
2003-04-21,gold,15491.63
2003-04-22,gold,15856.68
2003-04-23,gold,15780.09
2003-04-24,gold,15796.02
2003-04-25,gold,15781.05
2003-04-28,gold,15750.71
2003-04-29,gold,15701.73
2003-04-30,gold,15936.69
2003-05-01,gold,16149.85
2003-05-02,gold,16120.46
2003-05-05,gold,16120.46
2003-05-06,gold,16206.86
2003-05-07,gold,16154.46
2003-05-08,gold,16358.50
2003-05-09,gold,16415.66
2003-05-12,gold,16559.46
2003-05-13,gold,16524.44
2003-05-14,gold,16670.77
2003-05-15,gold,16694.03
2003-05-16,gold,16732.93
2003-05-19,gold,16870.67
2003-05-20,gold,17184.96
2003-05-21,gold,17236.03
2003-05-22,gold,17336.09
2003-05-23,gold,17377.86
2003-05-26,gold,17377.86
2003-05-27,gold,17420.52
2003-05-28,gold,16889.31
2003-05-29,gold,17086.58
2003-05-30,gold,17014.71
2003-06-02,gold,17188.84
2003-06-03,gold,17136.75
2003-06-04,gold,17075.52
2003-06-05,gold,17203.33
2003-06-06,gold,17022.89
2003-06-09,gold,17007.53
2003-06-10,gold,16574.47
2003-06-11,gold,16540.82
2003-06-12,gold,16444.79
2003-06-13,gold,16499.79
2003-06-16,gold,16720.97
2003-06-17,gold,16900.52
2003-06-18,gold,16760.32
2003-06-19,gold,16657.91
2003-06-20,gold,16661.32
2003-06-23,gold,16562.53
2003-06-24,gold,16223.23
2003-06-25,gold,16217.98
2003-06-26,gold,16015.67
2003-06-27,gold,16032.06
2003-06-30,gold,16084.68
2003-07-01,gold,16261.54
2003-07-02,gold,16316.63
2003-07-03,gold,16212.16
2003-07-04,gold,16275.73
2003-07-07,gold,16129.79
2003-07-08,gold,16064.94
2003-07-09,gold,15910.05
2003-07-10,gold,15861.65
2003-07-11,gold,15847.15
2003-07-14,gold,15998.90
2003-07-15,gold,16064.77
2003-07-16,gold,15854.98
2003-07-17,gold,15830.35
2003-07-18,gold,15921.02
2003-07-21,gold,16177.00
2003-07-22,gold,16255.36
2003-07-23,gold,16375.26
2003-07-24,gold,16492.97
2003-07-25,gold,16737.93
2003-07-28,gold,16866.96
2003-07-29,gold,16763.71
2003-07-30,gold,16500.15
2003-07-31,gold,16368.87
2003-08-01,gold,16264.48
2003-08-04,gold,16031.91
2003-08-05,gold,16062.98
2003-08-06,gold,16207.84
2003-08-07,gold,16148.99
2003-08-08,gold,16267.54
2003-08-11,gold,16502.94
2003-08-12,gold,16521.39
2003-08-13,gold,16462.04
2003-08-14,gold,16687.42
2003-08-15,gold,16721.44
2003-08-18,gold,16513.86
2003-08-19,gold,16506.32
2003-08-20,gold,16662.92
2003-08-21,gold,16653.67
2003-08-22,gold,16448.69
2003-08-25,gold,16448.69
2003-08-26,gold,16536.13
2003-08-27,gold,17014.39
2003-08-28,gold,16960.88
2003-08-29,gold,17217.50
2003-09-01,gold,17243.54
2003-09-02,gold,17141.62
2003-09-03,gold,16979.30
2003-09-04,gold,17002.60
2003-09-05,gold,17236.07
2003-09-08,gold,17158.97
2003-09-09,gold,17507.05
2003-09-10,gold,17369.80
2003-09-11,gold,17195.03
2003-09-12,gold,17304.94
2003-09-15,gold,17102.56
2003-09-16,gold,17175.41
2003-09-17,gold,17197.72
2003-09-18,gold,17396.13
2003-09-19,gold,17441.92
2003-09-22,gold,17634.70
2003-09-23,gold,17599.30
2003-09-24,gold,17621.45
2003-09-25,gold,17921.41
2003-09-26,gold,17552.54
2003-09-29,gold,17493.31
2003-09-30,gold,17754.88
2003-10-01,gold,17468.43
2003-10-02,gold,17390.10
2003-10-03,gold,17437.27
2003-10-06,gold,16871.87
2003-10-07,gold,17029.81
2003-10-08,gold,17032.60
2003-10-09,gold,16765.94
2003-10-10,gold,16891.25
2003-10-13,gold,16813.05
2003-10-14,gold,17072.69
2003-10-15,gold,17065.22
2003-10-16,gold,16918.75
2003-10-17,gold,16787.36
2003-10-20,gold,16940.62
2003-10-21,gold,17132.46
2003-10-22,gold,17431.10
2003-10-23,gold,17406.32
2003-10-24,gold,17591.61
2003-10-27,gold,17522.47
2003-10-28,gold,17413.32
2003-10-29,gold,17468.26
2003-10-30,gold,17491.06
2003-10-31,gold,17485.54
2003-11-03,gold,17351.64
2003-11-04,gold,17103.75
2003-11-05,gold,17157.38
2003-11-06,gold,17227.23
2003-11-07,gold,17166.43
2003-11-10,gold,17338.04
2003-11-11,gold,17563.46
2003-11-12,gold,17665.10
2003-11-13,gold,17933.37
2003-11-14,gold,18018.11
2003-11-17,gold,17913.35
2003-11-18,gold,17973.66
2003-11-19,gold,18028.72
2003-11-20,gold,18033.31
2003-11-21,gold,18094.13
2003-11-24,gold,17972.53
2003-11-25,gold,17991.12
2003-11-26,gold,18168.48
2003-11-27,gold,18149.18
2003-11-28,gold,18232.48
2003-12-01,gold,18289.42
2003-12-02,gold,18317.61
2003-12-03,gold,18332.13
2003-12-04,gold,18340.59
2003-12-05,gold,18347.43
2003-12-08,gold,18504.19
2003-12-09,gold,18560.78
2003-12-10,gold,18661.15
2003-12-11,gold,18400.69
2003-12-12,gold,18533.23
2003-12-15,gold,18555.51
2003-12-16,gold,18543.60
2003-12-17,gold,18577.42
2003-12-18,gold,18549.40
2003-12-19,gold,18647.72
2003-12-22,gold,18689.84
2003-12-23,gold,18635.20
2003-12-24,gold,18635.20
2003-12-25,gold,18635.20
2003-12-26,gold,18635.20
2003-12-29,gold,18783.08
2003-12-30,gold,18953.94
2003-12-31,gold,18953.94
2004-01-01,gold,18953.94
2004-01-02,gold,18947.86
2004-01-05,gold,19158.33
2004-01-06,gold,19354.76
2004-01-07,gold,19206.50
2004-01-08,gold,19149.19
2004-01-09,gold,19213.74
2004-01-12,gold,19312.73
2004-01-13,gold,19315.57
2004-01-14,gold,19055.79
2004-01-15,gold,18737.81
2004-01-16,gold,18541.36
2004-01-19,gold,18467.77
2004-01-20,gold,18582.00
2004-01-21,gold,18498.93
2004-01-22,gold,18569.72
2004-01-23,gold,18548.15
2004-01-26,gold,18491.46
2004-01-27,gold,18396.47
2004-01-28,gold,18624.47
2004-01-29,gold,18364.01
2004-01-30,gold,18084.69
2004-02-02,gold,18039.28
2004-02-03,gold,18175.65
2004-02-04,gold,18068.06
2004-02-05,gold,18059.66
2004-02-06,gold,18304.44
2004-02-09,gold,18359.09
2004-02-10,gold,18476.67
2004-02-11,gold,18365.26
2004-02-12,gold,18610.49
2004-02-13,gold,18817.76
2004-02-16,gold,18648.98
2004-02-17,gold,18769.10
2004-02-18,gold,18766.49
2004-02-19,gold,18539.35
2004-02-20,gold,18340.08
2004-02-23,gold,18091.36
2004-02-24,gold,18193.77
2004-02-25,gold,18091.30
2004-02-26,gold,17788.66
2004-02-27,gold,17906.27
2004-03-01,gold,18095.00
2004-03-02,gold,17902.74
2004-03-03,gold,17656.46
2004-03-04,gold,17745.84
2004-03-05,gold,18074.05
2004-03-08,gold,18090.21
2004-03-09,gold,18151.81
2004-03-10,gold,18095.30
2004-03-11,gold,18043.81
2004-03-12,gold,18013.48
2004-03-15,gold,18012.03
2004-03-16,gold,18210.11
2004-03-17,gold,18222.95
2004-03-18,gold,18581.30
2004-03-19,gold,18610.08
2004-03-22,gold,18833.93
2004-03-23,gold,18677.39
2004-03-24,gold,18580.40
2004-03-25,gold,18615.27
2004-03-26,gold,18748.32
2004-03-29,gold,18564.49
2004-03-30,gold,18505.20
2004-03-31,gold,18473.32
2004-04-01,gold,18628.10
2004-04-02,gold,18324.97
2004-04-05,gold,18248.27
2004-04-06,gold,18303.10
2004-04-07,gold,18242.21
2004-04-08,gold,18298.59
2004-04-09,gold,18298.59
2004-04-12,gold,18298.59
2004-04-13,gold,17866.02
2004-04-14,gold,17421.45
2004-04-15,gold,17519.02
2004-04-16,gold,17589.30
2004-04-19,gold,17695.08
2004-04-20,gold,17441.56
2004-04-21,gold,17302.60
2004-04-22,gold,17316.12
2004-04-23,gold,17369.84
2004-04-26,gold,17501.75
2004-04-27,gold,17526.14
2004-04-28,gold,17325.68
2004-04-29,gold,17146.12
2004-04-30,gold,17288.25
2004-05-03,gold,17288.25
2004-05-04,gold,17490.83
2004-05-05,gold,17541.10
2004-05-06,gold,17313.50
2004-05-07,gold,17006.53
2004-05-10,gold,16886.25
2004-05-11,gold,17040.10
2004-05-12,gold,17342.33
2004-05-13,gold,16983.04
2004-05-14,gold,17179.70
2004-05-17,gold,17433.80
2004-05-18,gold,17177.80
2004-05-19,gold,17227.03
2004-05-20,gold,17208.43
2004-05-21,gold,17448.31
2004-05-24,gold,17409.60
2004-05-25,gold,17640.50
2004-05-26,gold,17688.16
2004-05-27,gold,17875.34
2004-05-28,gold,17883.04
2004-05-31,gold,17883.04
2004-06-01,gold,18044.80
2004-06-02,gold,17920.78
2004-06-03,gold,17663.34
2004-06-04,gold,17518.15
2004-06-07,gold,17732.66
2004-06-08,gold,17665.56
2004-06-09,gold,17400.51
2004-06-10,gold,17348.73
2004-06-11,gold,17377.90
2004-06-14,gold,17462.36
2004-06-15,gold,17545.17
2004-06-16,gold,17494.20
2004-06-17,gold,17563.69
2004-06-18,gold,18044.22
2004-06-21,gold,18155.81
2004-06-22,gold,18303.44
2004-06-23,gold,18005.17
2004-06-24,gold,18308.00
2004-06-25,gold,18401.75
2004-06-28,gold,18569.22
2004-06-29,gold,18142.40
2004-06-30,gold,18230.55
2004-07-01,gold,18115.40
2004-07-02,gold,18248.77
2004-07-05,gold,18253.79
2004-07-06,gold,18164.75
2004-07-07,gold,18323.95
2004-07-08,gold,18579.22
2004-07-09,gold,18562.82
2004-07-12,gold,18566.13
2004-07-13,gold,18393.29
2004-07-14,gold,18517.26
2004-07-15,gold,18591.26
2004-07-16,gold,18671.52
2004-07-19,gold,18728.67
2004-07-20,gold,18444.00
2004-07-21,gold,18378.82
2004-07-22,gold,18397.93
2004-07-23,gold,18135.26
2004-07-26,gold,18083.91
2004-07-27,gold,18020.82
2004-07-28,gold,17949.42
2004-07-29,gold,17998.33
2004-07-30,gold,18188.36
2004-08-02,gold,18144.07
2004-08-03,gold,18136.17
2004-08-04,gold,18151.90
2004-08-05,gold,18122.74
2004-08-06,gold,18500.63
2004-08-09,gold,18524.09
2004-08-10,gold,18518.82
2004-08-11,gold,18242.15
2004-08-12,gold,18218.60
2004-08-13,gold,18369.52
2004-08-16,gold,18638.57
2004-08-17,gold,18602.26
2004-08-18,gold,18658.59
2004-08-19,gold,18830.10
2004-08-20,gold,18992.04
2004-08-23,gold,18999.49
2004-08-24,gold,18813.15
2004-08-25,gold,18822.16
2004-08-26,gold,18814.33
2004-08-27,gold,18758.16
2004-08-30,gold,18758.16
2004-08-31,gold,18877.59
2004-09-01,gold,18887.44
2004-09-02,gold,18810.55
2004-09-03,gold,18571.24
2004-09-06,gold,18613.68
2004-09-07,gold,18455.92
2004-09-08,gold,18357.61
2004-09-09,gold,18456.82
2004-09-10,gold,18571.47
2004-09-13,gold,18436.68
2004-09-14,gold,18603.00
2004-09-15,gold,18546.05
2004-09-16,gold,18501.94
2004-09-17,gold,18611.49
2004-09-20,gold,18548.27
2004-09-21,gold,18727.68
2004-09-22,gold,18589.35
2004-09-23,gold,18898.14
2004-09-24,gold,18724.39
2004-09-27,gold,18808.88
2004-09-28,gold,18983.49
2004-09-29,gold,18999.83
2004-09-30,gold,19099.12
2004-10-01,gold,19190.79
2004-10-04,gold,18916.45
2004-10-05,gold,19052.32
2004-10-06,gold,19189.07
2004-10-07,gold,19172.52
2004-10-08,gold,19322.48
2004-10-11,gold,19331.78
2004-10-12,gold,19023.33
2004-10-13,gold,18849.64
2004-10-14,gold,19047.95
2004-10-15,gold,19279.54
2004-10-18,gold,19214.69
2004-10-19,gold,19207.28
2004-10-20,gold,19388.17
2004-10-21,gold,19324.09
2004-10-22,gold,19317.73
2004-10-25,gold,19590.70
2004-10-26,gold,19526.06
2004-10-27,gold,19543.19
2004-10-28,gold,19328.67
2004-10-29,gold,19314.65
2004-11-01,gold,19477.29
2004-11-02,gold,19305.34
2004-11-03,gold,19216.31
2004-11-04,gold,19462.91
2004-11-05,gold,19470.43
2004-11-08,gold,19510.00
2004-11-09,gold,19583.63
2004-11-10,gold,19581.01
2004-11-11,gold,19588.24
2004-11-12,gold,19689.84
2004-11-15,gold,19759.83
2004-11-16,gold,19803.76
2004-11-17,gold,19982.43
2004-11-18,gold,19947.46
2004-11-19,gold,20094.33
2004-11-22,gold,20168.91
2004-11-23,gold,20198.12
2004-11-24,gold,20223.47
2004-11-25,gold,20314.16
2004-11-26,gold,20311.91
2004-11-29,gold,20218.26
2004-11-30,gold,20237.51
2004-12-01,gold,20131.45
2004-12-02,gold,20032.49
2004-12-03,gold,19801.17
2004-12-06,gold,19766.57
2004-12-07,gold,19754.96
2004-12-08,gold,19256.37
2004-12-09,gold,19325.28
2004-12-10,gold,19412.82
2004-12-13,gold,19266.23
2004-12-14,gold,19282.67
2004-12-15,gold,19333.56
2004-12-16,gold,19263.29
2004-12-17,gold,19287.46
2004-12-20,gold,19436.83
2004-12-21,gold,19322.43
2004-12-22,gold,19335.65
2004-12-23,gold,19309.15
2004-12-24,gold,19309.15
2004-12-27,gold,19309.15
2004-12-28,gold,19309.15
2004-12-29,gold,19238.93
2004-12-30,gold,19046.61
2004-12-31,gold,19046.61
2005-01-03,gold,19046.61
2005-01-04,gold,18615.68
2005-01-05,gold,18671.58
2005-01-06,gold,18633.21
2005-01-07,gold,18500.80
2005-01-10,gold,18450.60
2005-01-11,gold,18456.18
2005-01-12,gold,18689.35
2005-01-13,gold,18526.15
2005-01-14,gold,18483.32
2005-01-17,gold,18433.32
2005-01-18,gold,18441.02
2005-01-19,gold,18580.94
2005-01-20,gold,18527.25
2005-01-21,gold,18544.77
2005-01-24,gold,18702.97
2005-01-25,gold,18590.98
2005-01-26,gold,18647.91
2005-01-27,gold,18586.73
2005-01-28,gold,18661.83
2005-01-31,gold,18456.40
2005-02-01,gold,18395.43
2005-02-02,gold,18305.87
2005-02-03,gold,18084.43
2005-02-04,gold,18081.25
2005-02-07,gold,18022.26
2005-02-08,gold,17965.07
2005-02-09,gold,17971.37
2005-02-10,gold,18190.59
2005-02-11,gold,18356.10
2005-02-14,gold,18560.87
2005-02-15,gold,18597.21
2005-02-16,gold,18516.97
2005-02-17,gold,18674.01
2005-02-18,gold,18727.82
2005-02-21,gold,18721.47
2005-02-22,gold,18939.91
2005-02-23,gold,18911.11
2005-02-24,gold,18954.88
2005-02-25,gold,18976.73
2005-02-28,gold,19018.28
2005-03-01,gold,18950.43
2005-03-02,gold,18871.79
2005-03-03,gold,18806.19
2005-03-04,gold,18954.77
2005-03-07,gold,18932.93
2005-03-08,gold,19107.30
2005-03-09,gold,19181.98
2005-03-10,gold,19221.04
2005-03-11,gold,19329.79
2005-03-14,gold,19250.24
2005-03-15,gold,19206.83
2005-03-16,gold,19329.20
2005-03-17,gold,19149.28
2005-03-18,gold,19083.78
2005-03-21,gold,18920.89
2005-03-22,gold,18899.00
2005-03-23,gold,18656.85
2005-03-24,gold,18602.99
2005-03-25,gold,18602.99
2005-03-28,gold,18602.99
2005-03-29,gold,18671.70
2005-03-30,gold,18687.04
2005-03-31,gold,18700.99
2005-04-01,gold,18687.81
2005-04-04,gold,18559.40
2005-04-05,gold,18590.05
2005-04-06,gold,18628.18
2005-04-07,gold,18715.37
2005-04-08,gold,18609.43
2005-04-11,gold,18754.29
2005-04-12,gold,18686.90
2005-04-13,gold,18703.13
2005-04-14,gold,18525.94
2005-04-15,gold,18610.22
2005-04-18,gold,18660.62
2005-04-19,gold,18707.35
2005-04-20,gold,18954.67
2005-04-21,gold,18989.67
2005-04-22,gold,19007.23
2005-04-25,gold,18919.89
2005-04-26,gold,19083.79
2005-04-27,gold,18990.35
2005-04-28,gold,18902.41
2005-04-29,gold,18968.20
2005-05-02,gold,18968.20
2005-05-03,gold,18652.16
2005-05-04,gold,18663.01
2005-05-05,gold,18631.55
2005-05-06,gold,18466.39
2005-05-09,gold,18500.74
2005-05-10,gold,18564.12
2005-05-11,gold,18445.87
2005-05-12,gold,18399.72
2005-05-13,gold,18240.60
2005-05-16,gold,18236.33
2005-05-17,gold,18266.35
2005-05-18,gold,18248.63
2005-05-19,gold,18295.88
2005-05-20,gold,18164.73
2005-05-23,gold,18164.73
2005-05-24,gold,18198.69
2005-05-25,gold,18215.04
2005-05-26,gold,18195.54
2005-05-27,gold,18209.06
2005-05-30,gold,18209.06
2005-05-31,gold,18092.81
2005-06-01,gold,18181.95
2005-06-02,gold,18367.28
2005-06-03,gold,18473.13
2005-06-06,gold,18556.41
2005-06-07,gold,18469.56
2005-06-08,gold,18461.56
2005-06-09,gold,18382.97
2005-06-10,gold,18387.26
2005-06-13,gold,18734.51
2005-06-14,gold,18614.42
2005-06-15,gold,18714.90
2005-06-16,gold,18872.31
2005-06-17,gold,19042.19
2005-06-20,gold,19140.28
2005-06-21,gold,18942.08
2005-06-22,gold,19007.31
2005-06-23,gold,19127.18
2005-06-24,gold,19174.94
2005-06-27,gold,19102.96
2005-06-28,gold,19002.95
2005-06-29,gold,18972.55
2005-06-30,gold,19024.78
2005-07-01,gold,18826.75
2005-07-04,gold,18611.13
2005-07-05,gold,18471.26
2005-07-06,gold,18449.78
2005-07-07,gold,18534.47
2005-07-08,gold,18484.74
2005-07-11,gold,18479.21
2005-07-12,gold,18557.35
2005-07-13,gold,18470.00
2005-07-14,gold,18471.90
2005-07-15,gold,18206.59
2005-07-18,gold,18328.09
2005-07-19,gold,18256.24
2005-07-20,gold,18372.52
2005-07-21,gold,18316.99
2005-07-22,gold,18481.13
2005-07-25,gold,18526.72
2005-07-26,gold,18399.74
2005-07-27,gold,18398.42
2005-07-28,gold,18533.48
2005-07-29,gold,18652.92
2005-08-01,gold,18744.40
2005-08-02,gold,18765.74
2005-08-03,gold,18880.68
2005-08-04,gold,19088.97
2005-08-05,gold,19056.78
2005-08-08,gold,18996.51
2005-08-09,gold,18869.13
2005-08-10,gold,19015.59
2005-08-11,gold,19214.50
2005-08-12,gold,19472.73
2005-08-15,gold,19309.46
2005-08-16,gold,19285.47
2005-08-17,gold,19243.58
2005-08-18,gold,19155.55
2005-08-19,gold,19161.05
2005-08-22,gold,19180.30
2005-08-23,gold,19180.40
2005-08-24,gold,19246.17
2005-08-25,gold,19182.13
2005-08-26,gold,19084.88
2005-08-29,gold,19084.88
2005-08-30,gold,18965.31
2005-08-31,gold,19127.99
2005-09-01,gold,19353.39
2005-09-02,gold,19460.73
2005-09-05,gold,19543.68
2005-09-06,gold,19495.96
2005-09-07,gold,19510.99
2005-09-08,gold,19656.58
2005-09-09,gold,19652.40
2005-09-12,gold,19652.30
2005-09-13,gold,19558.09
2005-09-14,gold,19725.39
2005-09-15,gold,19961.76
2005-09-16,gold,20060.24
2005-09-19,gold,20396.20
2005-09-20,gold,20393.10
2005-09-21,gold,20583.55
2005-09-22,gold,20482.36
2005-09-23,gold,20314.41
2005-09-26,gold,20298.64
2005-09-27,gold,20443.61
2005-09-28,gold,20432.84
2005-09-29,gold,20793.30
2005-09-30,gold,20830.10
2005-10-03,gold,20567.83
2005-10-04,gold,20670.64
2005-10-05,gold,20527.26
2005-10-06,gold,20890.74
2005-10-07,gold,20985.52
2005-10-10,gold,21178.07
2005-10-11,gold,21338.06
2005-10-12,gold,21320.11
2005-10-13,gold,21103.46
2005-10-14,gold,20898.38
2005-10-17,gold,21294.37
2005-10-18,gold,21319.67
2005-10-19,gold,21042.98
2005-10-20,gold,20997.97
2005-10-21,gold,20862.96
2005-10-24,gold,21048.52
2005-10-25,gold,21286.67
2005-10-26,gold,21327.12
2005-10-27,gold,21389.51
2005-10-28,gold,21222.59
2005-10-31,gold,21216.70
2005-11-01,gold,20725.75
2005-11-02,gold,20830.46
2005-11-03,gold,20903.33
2005-11-04,gold,20955.05
2005-11-07,gold,20923.68
2005-11-08,gold,21168.98
2005-11-09,gold,21150.10
2005-11-10,gold,21388.60
2005-11-11,gold,21323.47
2005-11-14,gold,21411.50
2005-11-15,gold,21422.44
2005-11-16,gold,21813.14
2005-11-17,gold,22287.55
2005-11-18,gold,22227.64
2005-11-21,gold,22371.91
2005-11-22,gold,22546.30
2005-11-23,gold,22317.45
2005-11-24,gold,22550.25
2005-11-25,gold,22727.10
2005-11-28,gold,22751.52
2005-11-29,gold,22766.40
2005-11-30,gold,22775.12
2005-12-01,gold,22968.51
2005-12-02,gold,23200.43
2005-12-05,gold,23416.65
2005-12-06,gold,23288.79
2005-12-07,gold,23816.63
2005-12-08,gold,23845.97
2005-12-09,gold,24285.98
2005-12-12,gold,24727.29
2005-12-13,gold,24084.64
2005-12-14,gold,23300.71
2005-12-15,gold,23004.00
2005-12-16,gold,22977.24
2005-12-19,gold,22914.10
2005-12-20,gold,22733.10
2005-12-21,gold,22115.03
2005-12-22,gold,22601.25
2005-12-23,gold,22601.25
2005-12-26,gold,22601.25
2005-12-27,gold,22601.25
2005-12-28,gold,23379.93
2005-12-29,gold,23168.36
2005-12-30,gold,23168.36
2006-01-02,gold,23168.36
2006-01-03,gold,23875.86
2006-01-04,gold,23700.42
2006-01-05,gold,23469.44
2006-01-06,gold,23864.12
2006-01-09,gold,23991.16
2006-01-10,gold,24092.00
2006-01-11,gold,24131.89
2006-01-12,gold,23951.38
2006-01-13,gold,24254.58
2006-01-16,gold,24861.65
2006-01-17,gold,24544.27
2006-01-18,gold,24234.79
2006-01-19,gold,24601.78
2006-01-20,gold,25100.81
2006-01-23,gold,24499.20
2006-01-24,gold,24666.67
2006-01-25,gold,24815.31
2006-01-26,gold,24583.39
2006-01-27,gold,24798.45
2006-01-30,gold,24928.53
2006-01-31,gold,25091.83
2006-02-01,gold,25122.33
2006-02-02,gold,25324.79
2006-02-03,gold,25148.38
2006-02-06,gold,25208.59
2006-02-07,gold,24700.13
2006-02-08,gold,24287.68
2006-02-09,gold,24757.45
2006-02-10,gold,24619.40
2006-02-13,gold,24313.39
2006-02-14,gold,23868.23
2006-02-15,gold,23900.91
2006-02-16,gold,23892.92
2006-02-17,gold,24532.72
2006-02-20,gold,24601.78
2006-02-21,gold,24603.14
2006-02-22,gold,24690.07
2006-02-23,gold,24498.08
2006-02-24,gold,24626.43
2006-02-27,gold,24616.86
2006-02-28,gold,24680.84
2006-03-01,gold,25035.77
2006-03-02,gold,25017.14
2006-03-03,gold,25051.42
2006-03-06,gold,25053.29
2006-03-07,gold,24529.03
2006-03-08,gold,24232.55
2006-03-09,gold,24471.20
2006-03-10,gold,23804.82
2006-03-13,gold,24193.25
2006-03-14,gold,24279.91
2006-03-15,gold,24718.34
2006-03-16,gold,24558.68
2006-03-17,gold,24571.12
2006-03-20,gold,24675.30
2006-03-21,gold,24328.16
2006-03-22,gold,24510.47
2006-03-23,gold,24343.84
2006-03-24,gold,24861.67
2006-03-27,gold,25237.87
2006-03-28,gold,25338.88
2006-03-29,gold,25257.65
2006-03-30,gold,26104.80
2006-03-31,gold,25970.30
2006-04-03,gold,26180.96
2006-04-04,gold,26291.71
2006-04-05,gold,26225.35
2006-04-06,gold,26474.38
2006-04-07,gold,26354.45
2006-04-10,gold,26777.70
2006-04-11,gold,26800.12
2006-04-12,gold,26989.73
2006-04-13,gold,26776.92
2006-04-14,gold,26776.92
2006-04-17,gold,26776.92
2006-04-18,gold,27777.48
2006-04-19,gold,28177.79
2006-04-20,gold,28197.69
2006-04-21,gold,28147.91
2006-04-24,gold,27962.70
2006-04-25,gold,28560.58
2006-04-26,gold,28635.63
2006-04-27,gold,28725.95
2006-04-28,gold,28902.72
2006-05-01,gold,28902.72
2006-05-02,gold,29632.63
2006-05-03,gold,30190.75
2006-05-04,gold,30206.48
2006-05-05,gold,30401.52
2006-05-08,gold,30282.66
2006-05-09,gold,31050.95
2006-05-10,gold,31453.51
2006-05-11,gold,32258.32
2006-05-12,gold,32552.50
2006-05-15,gold,31245.16
2006-05-16,gold,31496.38
2006-05-17,gold,31599.91
2006-05-18,gold,31523.04
2006-05-19,gold,29685.60
2006-05-22,gold,29727.90
2006-05-23,gold,30357.13
2006-05-24,gold,29668.88
2006-05-25,gold,29487.54
2006-05-26,gold,29470.48
2006-05-29,gold,29470.48
2006-05-30,gold,30577.85
2006-05-31,gold,30279.61
2006-06-01,gold,28970.31
2006-06-02,gold,29021.86
2006-06-05,gold,29375.19
2006-06-06,gold,28798.11
2006-06-07,gold,28394.88
2006-06-08,gold,28233.26
2006-06-09,gold,28311.36
2006-06-12,gold,27972.64
2006-06-13,gold,27000.99
2006-06-14,gold,26106.56
2006-06-15,gold,26188.46
2006-06-16,gold,26312.16
2006-06-19,gold,26223.18
2006-06-20,gold,26055.07
2006-06-21,gold,26411.49
2006-06-22,gold,26970.29
2006-06-23,gold,26731.15
2006-06-26,gold,27068.57
2006-06-27,gold,27294.45
2006-06-28,gold,27033.77
2006-06-29,gold,27282.28
2006-06-30,gold,28245.54
2006-07-03,gold,28699.31
2006-07-04,gold,28619.78
2006-07-05,gold,28704.73
2006-07-06,gold,28893.03
2006-07-07,gold,28982.69
2006-07-10,gold,28886.77
2006-07-11,gold,29124.88
2006-07-12,gold,30055.22
2006-07-13,gold,30092.18
2006-07-14,gold,30754.11
2006-07-17,gold,30507.64
2006-07-18,gold,30127.95
2006-07-19,gold,30151.99
2006-07-20,gold,30065.79
2006-07-21,gold,29651.04
2006-07-24,gold,28410.36
2006-07-25,gold,28972.23
2006-07-26,gold,28749.24
2006-07-27,gold,29783.79
2006-07-28,gold,29743.01
2006-07-31,gold,29450.78
2006-08-01,gold,29691.07
2006-08-02,gold,30562.12
2006-08-03,gold,30005.71
2006-08-04,gold,30363.87
2006-08-07,gold,30275.10
2006-08-08,gold,30068.07
2006-08-09,gold,30155.79
2006-08-10,gold,29924.46
2006-08-11,gold,29982.14
2006-08-14,gold,29118.10
2006-08-15,gold,29035.71
2006-08-16,gold,29334.57
2006-08-17,gold,29051.35
2006-08-18,gold,28491.10
2006-08-21,gold,29039.88
2006-08-22,gold,28957.88
2006-08-23,gold,29225.49
2006-08-24,gold,29026.21
2006-08-25,gold,28926.95
2006-08-28,gold,28926.95
2006-08-29,gold,28525.43
2006-08-30,gold,28735.44
2006-08-31,gold,29018.50
2006-09-01,gold,28893.61
2006-09-04,gold,29141.56
2006-09-05,gold,29518.26
2006-09-06,gold,29325.30
2006-09-07,gold,28724.80
2006-09-08,gold,28200.30
2006-09-11,gold,27227.34
2006-09-12,gold,27330.21
2006-09-13,gold,27207.38
2006-09-14,gold,26961.29
2006-09-15,gold,26453.74
2006-09-18,gold,26786.48
2006-09-19,gold,26885.52
2006-09-20,gold,26661.79
2006-09-21,gold,26542.92
2006-09-22,gold,27038.05
2006-09-25,gold,26857.57
2006-09-26,gold,27055.98
2006-09-27,gold,27175.94
2006-09-28,gold,27692.78
2006-09-29,gold,27520.56
2006-10-02,gold,27610.48
2006-10-03,gold,26608.83
2006-10-04,gold,26230.73
2006-10-05,gold,26171.89
2006-10-06,gold,25558.31
2006-10-09,gold,26306.18
2006-10-10,gold,26174.41
2006-10-11,gold,26207.67
2006-10-12,gold,26137.40
2006-10-13,gold,26631.68
2006-10-16,gold,27039.86
2006-10-17,gold,26715.20
2006-10-18,gold,26953.52
2006-10-19,gold,27064.38
2006-10-20,gold,27040.90
2006-10-23,gold,26439.37
2006-10-24,gold,26114.97
2006-10-25,gold,26344.27
2006-10-26,gold,26925.16
2006-10-27,gold,26947.52
2006-10-30,gold,27366.56
2006-10-31,gold,27185.35
2006-11-01,gold,27553.93
2006-11-02,gold,27868.57
2006-11-03,gold,27914.77
2006-11-06,gold,28114.27
2006-11-07,gold,27988.23
2006-11-08,gold,27850.81
2006-11-09,gold,27857.26
2006-11-10,gold,28136.00
2006-11-13,gold,28045.03
2006-11-14,gold,28324.73
2006-11-15,gold,28011.87
2006-11-16,gold,28079.39
2006-11-17,gold,27866.66
2006-11-20,gold,28134.99
2006-11-21,gold,28018.19
2006-11-22,gold,28305.46
2006-11-23,gold,28169.02
2006-11-24,gold,28587.25
2006-11-27,gold,28523.38
2006-11-28,gold,28470.72
2006-11-29,gold,28489.88
2006-11-30,gold,28931.74
2006-12-01,gold,28973.18
2006-12-04,gold,28822.13
2006-12-05,gold,28759.54
2006-12-06,gold,28430.79
2006-12-07,gold,28025.90
2006-12-08,gold,28510.90
2006-12-11,gold,28103.47
2006-12-12,gold,28157.20
2006-12-13,gold,27945.84
2006-12-14,gold,28023.64
2006-12-15,gold,27756.88
2006-12-18,gold,27408.96
2006-12-19,gold,27764.27
2006-12-20,gold,27692.86
2006-12-21,gold,27730.14
2006-12-22,gold,27730.14
2006-12-25,gold,27730.14
2006-12-26,gold,27730.14
2006-12-27,gold,27864.55
2006-12-28,gold,27991.28
2006-12-29,gold,27991.28
2007-01-01,gold,27991.28
2007-01-02,gold,28300.94
2007-01-03,gold,28515.38
2007-01-04,gold,27841.98
2007-01-05,gold,27005.12
2007-01-08,gold,27119.70
2007-01-09,gold,27058.62
2007-01-10,gold,27110.30
2007-01-11,gold,27276.84
2007-01-12,gold,27535.49
2007-01-15,gold,27769.83
2007-01-16,gold,27759.50
2007-01-17,gold,27669.37
2007-01-18,gold,28136.85
2007-01-19,gold,27849.79
2007-01-22,gold,28224.63
2007-01-23,gold,28408.14
2007-01-24,gold,28387.24
2007-01-25,gold,28830.16
2007-01-26,gold,28611.79
2007-01-29,gold,28514.07
2007-01-30,gold,28543.65
2007-01-31,gold,28726.08
2007-02-01,gold,29123.07
2007-02-02,gold,28472.14
2007-02-05,gold,28646.66
2007-02-06,gold,28782.20
2007-02-07,gold,28845.93
2007-02-08,gold,28949.28
2007-02-09,gold,29354.29
2007-02-12,gold,29346.53
2007-02-13,gold,29517.63
2007-02-14,gold,29483.19
2007-02-15,gold,29316.34
2007-02-16,gold,29331.77
2007-02-19,gold,29601.87
2007-02-20,gold,29333.62
2007-02-21,gold,29222.29
2007-02-22,gold,29937.05
2007-02-23,gold,30185.19
2007-02-26,gold,30317.01
2007-02-27,gold,29898.18
2007-02-28,gold,29405.79
2007-03-01,gold,29673.58
2007-03-02,gold,28875.13
2007-03-05,gold,28449.99
2007-03-06,gold,28624.34
2007-03-07,gold,28764.02
2007-03-08,gold,29002.90
2007-03-09,gold,28813.14
2007-03-12,gold,28646.74
2007-03-13,gold,28778.38
2007-03-14,gold,28465.42
2007-03-15,gold,28662.92
2007-03-16,gold,28789.79
2007-03-19,gold,28872.40
2007-03-20,gold,28831.25
2007-03-21,gold,28619.39
2007-03-22,gold,29002.94
2007-03-23,gold,28602.66
2007-03-26,gold,28704.59
2007-03-27,gold,28747.88
2007-03-28,gold,28700.25
2007-03-29,gold,28917.10
2007-03-30,gold,28767.93
2007-04-02,gold,28615.77
2007-04-03,gold,28605.93
2007-04-04,gold,28963.89
2007-04-05,gold,28911.67
2007-04-06,gold,28911.67
2007-04-09,gold,28911.67
2007-04-10,gold,29023.20
2007-04-11,gold,29057.48
2007-04-12,gold,29021.86
2007-04-13,gold,29003.35
2007-04-16,gold,28767.78
2007-04-17,gold,28885.68
2007-04-18,gold,28934.39
2007-04-19,gold,28692.65
2007-04-20,gold,28883.23
2007-04-23,gold,28703.29
2007-04-24,gold,28320.78
2007-04-25,gold,28033.74
2007-04-26,gold,27508.88
2007-04-27,gold,27838.48
2007-04-30,gold,27885.63
2007-05-01,gold,27745.58
2007-05-02,gold,27576.71
2007-05-03,gold,27770.30
2007-05-04,gold,28144.37
2007-05-07,gold,28144.37
2007-05-08,gold,27948.19
2007-05-09,gold,27941.53
2007-05-10,gold,27926.68
2007-05-11,gold,27479.18
2007-05-14,gold,27391.07
2007-05-15,gold,27374.86
2007-05-16,gold,27227.51
2007-05-17,gold,26821.67
2007-05-18,gold,26749.76
2007-05-21,gold,26757.57
2007-05-22,gold,26873.89
2007-05-23,gold,26856.92
2007-05-24,gold,26752.11
2007-05-25,gold,26588.80
2007-05-28,gold,26588.80
2007-05-29,gold,26737.73
2007-05-30,gold,26650.96
2007-05-31,gold,26739.69
2007-06-01,gold,27016.58
2007-06-04,gold,27192.97
2007-06-05,gold,27209.18
2007-06-06,gold,27236.70
2007-06-07,gold,27234.84
2007-06-08,gold,26966.81
2007-06-11,gold,26540.37
2007-06-12,gold,26401.33
2007-06-13,gold,26524.51
2007-06-14,gold,26721.19
2007-06-15,gold,26685.67
2007-06-18,gold,26682.80
2007-06-19,gold,26731.10
2007-06-20,gold,26768.39
2007-06-21,gold,26501.37
2007-06-22,gold,26610.17
2007-06-25,gold,26592.90
2007-06-26,gold,26488.18
2007-06-27,gold,26330.92
2007-06-28,gold,26446.64
2007-06-29,gold,26475.35
2007-07-02,gold,26622.14
2007-07-03,gold,26528.20
2007-07-04,gold,26460.37
2007-07-05,gold,26326.44
2007-07-06,gold,26245.18
2007-07-09,gold,26701.28
2007-07-10,gold,26745.91
2007-07-11,gold,26768.63
2007-07-12,gold,27025.29
2007-07-13,gold,26939.93
2007-07-16,gold,26873.10
2007-07-17,gold,26896.61
2007-07-18,gold,26891.69
2007-07-19,gold,27232.13
2007-07-20,gold,27483.48
2007-07-23,gold,27477.78
2007-07-24,gold,27534.52
2007-07-25,gold,27212.67
2007-07-26,gold,27039.53
2007-07-27,gold,26806.39
2007-07-30,gold,26810.60
2007-07-31,gold,26912.82
2007-08-01,gold,26933.78
2007-08-02,gold,26931.49
2007-08-03,gold,27074.79
2007-08-06,gold,27116.85
2007-08-07,gold,27017.26
2007-08-08,gold,27376.33
2007-08-09,gold,26881.68
2007-08-10,gold,27154.47
2007-08-13,gold,27124.50
2007-08-14,gold,27201.85
2007-08-15,gold,27157.08
2007-08-16,gold,27377.42
2007-08-17,gold,27184.34
2007-08-20,gold,27267.03
2007-08-21,gold,27042.98
2007-08-22,gold,26986.74
2007-08-23,gold,27117.18
2007-08-24,gold,27153.53
2007-08-27,gold,27153.53
2007-08-28,gold,27429.21
2007-08-29,gold,27305.66
2007-08-30,gold,27382.59
2007-08-31,gold,27484.80
2007-09-03,gold,27457.92
2007-09-04,gold,27760.88
2007-09-05,gold,27863.04
2007-09-06,gold,28069.64
2007-09-07,gold,28516.68
2007-09-10,gold,28597.28
2007-09-11,gold,28556.80
2007-09-12,gold,28540.05
2007-09-13,gold,28489.98
2007-09-14,gold,28972.78
2007-09-17,gold,29160.84
2007-09-18,gold,28947.38
2007-09-19,gold,29096.64
2007-09-20,gold,29189.03
2007-09-21,gold,29362.08
2007-09-24,gold,28973.70
2007-09-25,gold,28950.59
2007-09-26,gold,29162.23
2007-09-27,gold,29079.75
2007-09-28,gold,29549.11
2007-10-01,gold,29581.20
2007-10-02,gold,29123.04
2007-10-03,gold,28895.99
2007-10-04,gold,28639.11
2007-10-05,gold,29074.65
2007-10-08,gold,28950.11
2007-10-09,gold,29020.48
2007-10-10,gold,29153.36
2007-10-11,gold,29398.25
2007-10-12,gold,29474.09
2007-10-15,gold,29830.39
2007-10-16,gold,29780.99
2007-10-17,gold,30118.75
2007-10-18,gold,30382.60
2007-10-19,gold,30317.81
2007-10-22,gold,29971.12
2007-10-23,gold,30041.87
2007-10-24,gold,30027.30
2007-10-25,gold,30343.11
2007-10-26,gold,30741.36
2007-10-29,gold,30976.22
2007-10-30,gold,30871.80
2007-10-31,gold,31066.83
2007-11-01,gold,31179.31
2007-11-02,gold,31409.98
2007-11-05,gold,31666.91
2007-11-06,gold,32307.80
2007-11-07,gold,32820.89
2007-11-08,gold,33038.41
2007-11-09,gold,32661.32
2007-11-12,gold,31613.71
2007-11-13,gold,31717.61
2007-11-14,gold,31974.62
2007-11-15,gold,31196.26
2007-11-16,gold,31056.92
2007-11-19,gold,30639.96
2007-11-20,gold,31313.90
2007-11-21,gold,31437.21
2007-11-22,gold,31748.46
2007-11-23,gold,32377.65
2007-11-26,gold,33025.70
2007-11-27,gold,32280.01
2007-11-28,gold,31903.64
2007-11-29,gold,31589.32
2007-11-30,gold,31034.44
2007-12-03,gold,30973.95
2007-12-04,gold,31433.46
2007-12-05,gold,31312.64
2007-12-06,gold,31647.23
2007-12-07,gold,31228.46
2007-12-10,gold,31898.35
2007-12-11,gold,31818.25
2007-12-12,gold,32051.25
2007-12-13,gold,31551.58
2007-12-14,gold,31062.88
2007-12-17,gold,31270.21
2007-12-18,gold,31820.15
2007-12-19,gold,31643.15
2007-12-20,gold,31448.16
2007-12-21,gold,32051.22
2007-12-24,gold,32051.22
2007-12-25,gold,32051.22
2007-12-26,gold,32051.22
2007-12-27,gold,32678.19
2007-12-28,gold,32878.93
2007-12-31,gold,32878.93
2008-01-01,gold,32878.93
2008-01-02,gold,33386.34
2008-01-03,gold,33842.98
2008-01-04,gold,33618.60
2008-01-07,gold,33764.23
2008-01-08,gold,34306.71
2008-01-09,gold,34451.89
2008-01-10,gold,34737.76
2008-01-11,gold,35011.85
2008-01-14,gold,35439.58
2008-01-15,gold,35848.95
2008-01-16,gold,34961.66
2008-01-17,gold,34917.11
2008-01-18,gold,34662.60
2008-01-21,gold,34462.29
2008-01-22,gold,34549.38
2008-01-23,gold,35161.38
2008-01-24,gold,35888.10
2008-01-25,gold,36146.91
2008-01-28,gold,36303.12
2008-01-29,gold,36406.81
2008-01-30,gold,36200.60
2008-01-31,gold,36356.48
2008-02-01,gold,36004.56
2008-02-04,gold,35253.97
2008-02-05,gold,35105.06
2008-02-06,gold,35675.27
2008-02-07,gold,35571.62
2008-02-08,gold,36315.57
2008-02-11,gold,36440.01
2008-02-12,gold,36395.73
2008-02-13,gold,35733.00
2008-02-14,gold,35882.13
2008-02-15,gold,36198.88
2008-02-18,gold,35935.80
2008-02-19,gold,36895.32
2008-02-20,gold,36984.00
2008-02-21,gold,37731.49
2008-02-22,gold,37767.15
2008-02-25,gold,37477.18
2008-02-26,gold,37390.99
2008-02-27,gold,38164.11
2008-02-28,gold,38274.83
2008-02-29,gold,38881.86
2008-03-03,gold,39925.52
2008-03-04,gold,39700.20
2008-03-05,gold,39277.22
2008-03-06,gold,39357.83
2008-03-07,gold,39400.84
2008-03-10,gold,39261.89
2008-03-11,gold,39246.20
2008-03-12,gold,39341.92
2008-03-13,gold,40262.68
2008-03-14,gold,40616.66
2008-03-17,gold,41193.27
2008-03-18,gold,40783.44
2008-03-19,gold,38752.16
2008-03-20,gold,37428.07
2008-03-21,gold,37428.07
2008-03-24,gold,37428.07
2008-03-25,gold,37139.51
2008-03-26,gold,38004.91
2008-03-27,gold,37959.94
2008-03-28,gold,37285.92
2008-03-31,gold,37442.69
2008-04-01,gold,35607.65
2008-04-02,gold,35546.60
2008-04-03,gold,35886.90
2008-04-04,gold,36192.84
2008-04-07,gold,37004.41
2008-04-08,gold,36618.30
2008-04-09,gold,36693.75
2008-04-10,gold,37036.48
2008-04-11,gold,37082.17
2008-04-14,gold,37032.21
2008-04-15,gold,37194.65
2008-04-16,gold,37757.48
2008-04-17,gold,37636.61
2008-04-18,gold,36154.62
2008-04-21,gold,36625.19
2008-04-22,gold,36669.51
2008-04-23,gold,36007.39
2008-04-24,gold,35976.71
2008-04-25,gold,35771.44
2008-04-28,gold,35811.46
2008-04-29,gold,35591.60
2008-04-30,gold,35353.89
2008-05-01,gold,34623.27
2008-05-02,gold,34707.58
2008-05-05,gold,34707.58
2008-05-06,gold,36022.80
2008-05-07,gold,36032.38
2008-05-08,gold,36610.37
2008-05-09,gold,36432.84
2008-05-12,gold,37089.33
2008-05-13,gold,36563.55
2008-05-14,gold,36756.93
2008-05-15,gold,37532.44
2008-05-16,gold,38158.38
2008-05-19,gold,38562.51
2008-05-20,gold,39026.29
2008-05-21,gold,39592.09
2008-05-22,gold,39567.52
2008-05-23,gold,39650.63
2008-05-26,gold,39650.63
2008-05-27,gold,38931.31
2008-05-28,gold,38608.95
2008-05-29,gold,37492.18
2008-05-30,gold,37387.51
2008-06-02,gold,37732.86
2008-06-03,gold,37438.46
2008-06-04,gold,37902.15
2008-06-05,gold,37777.46
2008-06-06,gold,38269.24
2008-06-09,gold,38511.86
2008-06-10,gold,37815.46
2008-06-11,gold,37494.74
2008-06-12,gold,36800.83
2008-06-13,gold,37134.08
2008-06-16,gold,38216.96
2008-06-17,gold,37781.09
2008-06-18,gold,38144.75
2008-06-19,gold,38829.00
2008-06-20,gold,39113.25
2008-06-23,gold,37918.24
2008-06-24,gold,38106.18
2008-06-25,gold,37724.32
2008-06-26,gold,39017.55
2008-06-27,gold,39429.08
2008-06-30,gold,40051.91
2008-07-01,gold,40364.06
2008-07-02,gold,40393.45
2008-07-03,gold,40348.80
2008-07-04,gold,40182.32
2008-07-07,gold,39649.44
2008-07-08,gold,39828.64
2008-07-09,gold,39973.75
2008-07-10,gold,40365.62
2008-07-11,gold,41287.53
2008-07-14,gold,41478.80
2008-07-15,gold,42496.60
2008-07-16,gold,42115.59
2008-07-17,gold,41473.05
2008-07-18,gold,40808.57
2008-07-21,gold,41042.16
2008-07-22,gold,41003.17
2008-07-23,gold,39038.08
2008-07-24,gold,38985.28
2008-07-25,gold,38941.75
2008-07-28,gold,39248.75
2008-07-29,gold,38952.71
2008-07-30,gold,38045.03
2008-07-31,gold,39005.82
2008-08-01,gold,38680.88
2008-08-04,gold,38376.63
2008-08-05,gold,37220.40
2008-08-06,gold,36943.40
2008-08-07,gold,36759.87
2008-08-08,gold,36001.07
2008-08-11,gold,35945.66
2008-08-12,gold,34652.16
2008-08-13,gold,34966.32
2008-08-14,gold,35182.18
2008-08-15,gold,33827.37
2008-08-18,gold,34664.74
2008-08-19,gold,34338.23
2008-08-20,gold,35587.09
2008-08-21,gold,36261.42
2008-08-22,gold,35806.92
2008-08-25,gold,35806.92
2008-08-26,gold,36276.36
2008-08-27,gold,36193.66
2008-08-28,gold,36677.63
2008-08-29,gold,36606.19
2008-09-01,gold,36306.45
2008-09-02,gold,35409.48
2008-09-03,gold,35631.21
2008-09-04,gold,35743.07
2008-09-05,gold,36046.97
2008-09-08,gold,36145.88
2008-09-09,gold,35018.49
2008-09-10,gold,35137.60
2008-09-11,gold,33893.02
2008-09-12,gold,34170.14
2008-09-15,gold,35595.75
2008-09-16,gold,36192.19
2008-09-17,gold,37812.63
2008-09-18,gold,40043.20
2008-09-19,gold,39700.27
2008-09-22,gold,40382.82
2008-09-23,gold,41003.39
2008-09-24,gold,41108.48
2008-09-25,gold,40924.31
2008-09-26,gold,41938.49
2008-09-29,gold,42693.38
2008-09-30,gold,41726.29
2008-10-01,gold,41034.40
2008-10-02,gold,39728.76
2008-10-03,gold,38973.96
2008-10-06,gold,41857.66
2008-10-07,gold,42035.78
2008-10-08,gold,43368.00
2008-10-09,gold,42408.00
2008-10-10,gold,43633.73
2008-10-13,gold,40128.19
2008-10-14,gold,40022.44
2008-10-15,gold,41107.03
2008-10-16,gold,39222.19
2008-10-17,gold,38350.28
2008-10-20,gold,38931.15
2008-10-21,gold,37804.84
2008-10-22,gold,36649.44
2008-10-23,gold,35865.00
2008-10-24,gold,35600.06
2008-10-27,gold,36420.90
2008-10-28,gold,36420.90
2008-10-29,gold,37976.53
2008-10-30,gold,37541.59
2008-10-31,gold,36135.59
2008-11-03,gold,35493.82
2008-11-04,gold,35352.07
2008-11-05,gold,35769.21
2008-11-06,gold,36012.28
2008-11-07,gold,35144.95
2008-11-10,gold,35654.55
2008-11-11,gold,35315.39
2008-11-12,gold,35657.70
2008-11-13,gold,35104.20
2008-11-14,gold,36612.55
2008-11-17,gold,36222.90
2008-11-18,gold,36641.70
2008-11-19,gold,38107.62
2008-11-20,gold,37029.15
2008-11-21,gold,38763.73
2008-11-24,gold,41042.75
2008-11-25,gold,40942.95
2008-11-26,gold,40198.44
2008-11-27,gold,40272.65
2008-11-28,gold,40806.45
2008-12-01,gold,39172.30
2008-12-02,gold,39117.00
2008-12-03,gold,38274.19
2008-12-04,gold,38531.05
2008-12-05,gold,37131.68
2008-12-08,gold,38032.58
2008-12-09,gold,38057.37
2008-12-10,gold,39270.14
2008-12-11,gold,40104.49
2008-12-12,gold,40045.99
2008-12-15,gold,39689.30
2008-12-16,gold,40177.32
2008-12-17,gold,41499.00
2008-12-18,gold,40102.67
2008-12-19,gold,39493.37
2008-12-22,gold,40743.51
2008-12-23,gold,41086.89
2008-12-24,gold,41086.89
2008-12-25,gold,41086.89
2008-12-26,gold,41086.89
2008-12-29,gold,42604.10
2008-12-30,gold,42152.43
2008-12-31,gold,42152.43
2009-01-01,gold,42152.43
2009-01-02,gold,42474.47
2009-01-05,gold,41488.64
2009-01-06,gold,41343.71
2009-01-07,gold,41419.53
2009-01-08,gold,41773.44
2009-01-09,gold,40888.28
2009-01-12,gold,40394.82
2009-01-13,gold,40593.55
2009-01-14,gold,40097.42
2009-01-15,gold,39714.30
2009-01-16,gold,40620.30
2009-01-19,gold,40517.12
2009-01-20,gold,41988.43
2009-01-21,gold,41706.67
2009-01-22,gold,42234.60
2009-01-23,gold,43086.90
2009-01-26,gold,44784.30
2009-01-27,gold,43928.14
2009-01-28,gold,43795.63
2009-01-29,gold,43711.33
2009-01-30,gold,45027.92
2009-02-02,gold,44838.15
2009-02-03,gold,44157.69
2009-02-04,gold,44100.65
2009-02-05,gold,44868.40
2009-02-06,gold,44440.27
2009-02-09,gold,43452.25
2009-02-10,gold,44368.51
2009-02-11,gold,45633.70
2009-02-12,gold,46030.60
2009-02-13,gold,45465.30
2009-02-16,gold,46036.41
2009-02-17,gold,48061.20
2009-02-18,gold,48127.70
2009-02-19,gold,48672.02
2009-02-20,gold,49182.97
2009-02-23,gold,49021.35
2009-02-24,gold,49079.63
2009-02-25,gold,48866.29
2009-02-26,gold,47251.11
2009-02-27,gold,48685.28
2009-03-02,gold,48657.33
2009-03-03,gold,47487.59
2009-03-04,gold,46824.09
2009-03-05,gold,47261.45
2009-03-06,gold,48381.84
2009-03-09,gold,47905.68
2009-03-10,gold,46751.79
2009-03-11,gold,46648.07
2009-03-12,gold,48011.22
2009-03-13,gold,47778.08
2009-03-16,gold,47193.34
2009-03-17,gold,47129.94
2009-03-18,gold,45814.79
2009-03-19,gold,48207.60
2009-03-20,gold,48320.10
2009-03-23,gold,47908.65
2009-03-24,gold,46852.60
2009-03-25,gold,47146.75
2009-03-26,gold,47451.99
2009-03-27,gold,46731.30
2009-03-30,gold,47513.60
2009-03-31,gold,46498.63
2009-04-01,gold,46904.51
2009-04-02,gold,45242.11
2009-04-03,gold,45607.48
2009-04-06,gold,43556.01
2009-04-07,gold,44031.49
2009-04-08,gold,44169.40
2009-04-09,gold,44033.81
2009-04-10,gold,44033.81
2009-04-13,gold,44033.81
2009-04-14,gold,44281.81
2009-04-15,gold,44260.43
2009-04-16,gold,43813.68
2009-04-17,gold,43403.13
2009-04-20,gold,44126.26
2009-04-21,gold,44855.21
2009-04-22,gold,44592.38
2009-04-23,gold,44803.20
2009-04-24,gold,45202.58
2009-04-27,gold,45601.88
2009-04-28,gold,45008.87
2009-04-29,gold,45051.73
2009-04-30,gold,44299.40
2009-05-01,gold,44362.10
2009-05-04,gold,44362.10
2009-05-05,gold,44863.00
2009-05-06,gold,45154.20
2009-05-07,gold,44955.68
2009-05-08,gold,44696.96
2009-05-11,gold,45209.48
2009-05-12,gold,45226.44
2009-05-13,gold,45932.04
2009-05-14,gold,46137.59
2009-05-15,gold,45898.71
2009-05-18,gold,44106.69
2009-05-19,gold,44184.56
2009-05-20,gold,44619.20
2009-05-21,gold,44416.41
2009-05-22,gold,45213.82
2009-05-25,gold,45213.82
2009-05-26,gold,45270.23
2009-05-27,gold,45357.95
2009-05-28,gold,45593.69
2009-05-29,gold,45960.68
2009-06-01,gold,46107.89
2009-06-02,gold,46084.50
2009-06-03,gold,45980.51
2009-06-04,gold,45826.68
2009-06-05,gold,45319.82
2009-06-08,gold,44884.75
2009-06-09,gold,45400.44
2009-06-10,gold,45071.84
2009-06-11,gold,45105.74
2009-06-12,gold,44622.47
2009-06-15,gold,44477.65
2009-06-16,gold,44640.53
2009-06-17,gold,44780.31
2009-06-18,gold,45332.10
2009-06-19,gold,44966.82
2009-06-22,gold,44698.53
2009-06-23,gold,44697.81
2009-06-24,gold,45330.76
2009-06-25,gold,45545.66
2009-06-26,gold,45305.49
2009-06-29,gold,45002.23
2009-06-30,gold,44767.22
2009-07-01,gold,44932.79
2009-07-02,gold,44574.17
2009-07-03,gold,44666.75
2009-07-06,gold,44907.59
2009-07-07,gold,44887.92
2009-07-08,gold,44881.02
2009-07-09,gold,44411.34
2009-07-10,gold,44737.00
2009-07-13,gold,44598.27
2009-07-14,gold,45285.01
2009-07-15,gold,45619.63
2009-07-16,gold,45506.45
2009-07-17,gold,45684.38
2009-07-20,gold,45922.55
2009-07-21,gold,45894.79
2009-07-22,gold,46009.09
2009-07-23,gold,46027.50
2009-07-24,gold,45890.84
2009-07-27,gold,45997.58
2009-07-28,gold,45527.01
2009-07-29,gold,45079.02
2009-07-30,gold,45091.04
2009-07-31,gold,45130.69
2009-08-03,gold,45717.69
2009-08-04,gold,45859.07
2009-08-05,gold,45652.57
2009-08-06,gold,45968.34
2009-08-07,gold,45744.60
2009-08-10,gold,45180.45
2009-08-11,gold,45219.00
2009-08-12,gold,45813.75
2009-08-13,gold,45872.89
2009-08-14,gold,46001.61
2009-08-17,gold,45669.77
2009-08-18,gold,45628.00
2009-08-19,gold,46018.40
2009-08-20,gold,45778.84
2009-08-21,gold,46305.79
2009-08-24,gold,46257.17
2009-08-25,gold,46275.09
2009-08-26,gold,46013.96
2009-08-27,gold,46122.13
2009-08-28,gold,46491.09
2009-08-31,gold,46491.09
2009-09-01,gold,46833.20
2009-09-02,gold,47243.81
2009-09-03,gold,48083.45
2009-09-04,gold,48347.27
2009-09-07,gold,48314.42
2009-09-08,gold,48501.35
2009-09-09,gold,48480.75
2009-09-10,gold,48185.13
2009-09-11,gold,48874.92
2009-09-14,gold,48698.45
2009-09-15,gold,48445.44
2009-09-16,gold,48994.70
2009-09-17,gold,49045.87
2009-09-18,gold,48712.62
2009-09-21,gold,47990.60
2009-09-22,gold,48636.51
2009-09-23,gold,48486.95
2009-09-24,gold,48442.76
2009-09-25,gold,47646.53
2009-09-28,gold,47658.55
2009-09-29,gold,47599.90
2009-09-30,gold,47900.55
2009-10-01,gold,47971.79
2009-10-02,gold,47912.11
2009-10-05,gold,47781.36
2009-10-06,gold,48706.99
2009-10-07,gold,48564.07
2009-10-08,gold,48430.53
2009-10-09,gold,48794.86
2009-10-12,gold,49221.29
2009-10-13,gold,49163.18
2009-10-14,gold,48880.03
2009-10-15,gold,48518.94
2009-10-16,gold,48609.24
2009-10-19,gold,48748.45
2009-10-20,gold,48962.60
2009-10-21,gold,48912.44
2009-10-22,gold,49217.22
2009-10-23,gold,49331.56
2009-10-26,gold,49140.12
2009-10-27,gold,48627.40
2009-10-28,gold,48696.02
2009-10-29,gold,49116.80
2009-10-30,gold,48843.60
2009-11-02,gold,50131.71
2009-11-03,gold,50307.32
2009-11-04,gold,51300.85
2009-11-05,gold,51232.01
2009-11-06,gold,51344.35
2009-11-09,gold,51425.14
2009-11-10,gold,51225.26
2009-11-11,gold,51652.80
2009-11-12,gold,51997.51
2009-11-13,gold,51164.88
2009-11-16,gold,52235.72
2009-11-17,gold,52561.62
2009-11-18,gold,53106.78
2009-11-19,gold,53022.17
2009-11-20,gold,53175.30
2009-11-23,gold,54361.28
2009-11-24,gold,53980.62
2009-11-25,gold,54533.94
2009-11-26,gold,54932.82
2009-11-27,gold,54446.39
2009-11-30,gold,54725.28
2009-12-01,gold,55254.49
2009-12-02,gold,56184.22
2009-12-03,gold,55717.33
2009-12-04,gold,55102.62
2009-12-07,gold,53211.94
2009-12-08,gold,53547.49
2009-12-09,gold,53119.26
2009-12-10,gold,52672.74
2009-12-11,gold,52339.06
2009-12-14,gold,52507.22
2009-12-15,gold,52411.43
2009-12-16,gold,53115.56
2009-12-17,gold,52381.72
2009-12-18,gold,51618.81
2009-12-21,gold,51809.26
2009-12-22,gold,50746.38
2009-12-23,gold,50881.95
2009-12-24,gold,50881.95
2009-12-25,gold,50881.95
2009-12-28,gold,50881.95
2009-12-29,gold,51617.02
2009-12-30,gold,50846.06
2009-12-31,gold,50846.06
2010-01-01,gold,50846.06
2010-01-04,gold,51942.27
2010-01-05,gold,51944.70
2010-01-06,gold,51817.84
2010-01-07,gold,51646.77
2010-01-08,gold,51565.94
2010-01-11,gold,52282.79
2010-01-12,gold,52560.32
2010-01-13,gold,51453.33
2010-01-14,gold,52006.64
2010-01-15,gold,51402.96
2010-01-18,gold,51636.77
2010-01-19,gold,51936.72
2010-01-20,gold,51542.70
2010-01-21,gold,50968.42
2010-01-22,gold,50053.70
2010-01-25,gold,50485.55
2010-01-26,gold,50393.36
2010-01-27,gold,50769.03
2010-01-28,gold,50439.68
2010-01-29,gold,49802.43
2010-02-01,gold,50397.30
2010-02-02,gold,51283.76
2010-02-03,gold,51262.47
2010-02-04,gold,50078.65
2010-02-05,gold,49435.05
2010-02-08,gold,49800.52
2010-02-09,gold,49979.17
2010-02-10,gold,49721.06
2010-02-11,gold,49959.53
2010-02-12,gold,50226.44
2010-02-15,gold,50876.43
2010-02-16,gold,51535.70
2010-02-17,gold,51591.50
2010-02-18,gold,51724.27
2010-02-19,gold,51525.89
2010-02-22,gold,51446.48
2010-02-23,gold,51182.15
2010-02-24,gold,51107.51
2010-02-25,gold,50861.42
2010-02-26,gold,51095.87
2010-03-01,gold,51360.97
2010-03-02,gold,51711.98
2010-03-03,gold,51932.37
2010-03-04,gold,52033.84
2010-03-05,gold,51761.68
2010-03-08,gold,51148.45
2010-03-09,gold,50867.04
2010-03-10,gold,50848.29
2010-03-11,gold,50358.96
2010-03-12,gold,50262.47
2010-03-15,gold,50337.24
2010-03-16,gold,51271.73
2010-03-17,gold,50899.41
2010-03-18,gold,51079.51
2010-03-19,gold,50305.78
2010-03-22,gold,50023.63
2010-03-23,gold,50046.65
2010-03-24,gold,49558.23
2010-03-25,gold,49682.31
2010-03-26,gold,49600.18
2010-03-29,gold,49721.21
2010-03-30,gold,49914.63
2010-03-31,gold,50141.73
2010-04-01,gold,50501.33
2010-04-02,gold,50501.33
2010-04-05,gold,50501.33
2010-04-06,gold,50373.39
2010-04-07,gold,50870.39
2010-04-08,gold,50936.76
2010-04-09,gold,51038.46
2010-04-12,gold,51500.64
2010-04-13,gold,51068.42
2010-04-14,gold,51313.03
2010-04-15,gold,51308.87
2010-04-16,gold,51046.00
2010-04-19,gold,50832.98
2010-04-20,gold,50951.45
2010-04-21,gold,50932.08
2010-04-22,gold,50508.56
2010-04-23,gold,50633.68
2010-04-26,gold,51255.53
2010-04-27,gold,51089.53
2010-04-28,gold,51827.04
2010-04-29,gold,51934.96
2010-04-30,gold,52308.58
2010-05-03,gold,52308.58
2010-05-04,gold,52874.70
2010-05-05,gold,52353.70
2010-05-06,gold,53703.68
2010-05-07,gold,54678.33
2010-05-10,gold,53674.99
2010-05-11,gold,55381.08
2010-05-12,gold,55823.63
2010-05-13,gold,55783.41
2010-05-14,gold,55914.53
2010-05-17,gold,56398.68
2010-05-18,gold,55468.59
2010-05-19,gold,55406.18
2010-05-20,gold,55797.52
2010-05-21,gold,55359.77
2010-05-24,gold,55765.26
2010-05-25,gold,57162.52
2010-05-26,gold,57321.54
2010-05-27,gold,57274.25
2010-05-28,gold,55967.63
2010-05-31,gold,55967.63
2010-06-01,gold,57894.55
2010-06-02,gold,57074.63
2010-06-03,gold,56731.39
2010-06-04,gold,56371.94
2010-06-07,gold,57217.39
2010-06-08,gold,58493.47
2010-06-09,gold,58006.94
2010-06-10,gold,57179.89
2010-06-11,gold,57147.85
2010-06-14,gold,56895.20
2010-06-15,gold,57042.13
2010-06-16,gold,57472.15
2010-06-17,gold,57655.95
2010-06-18,gold,58000.57
2010-06-21,gold,57396.51
2010-06-22,gold,57152.64
2010-06-23,gold,56652.04
2010-06-24,gold,57473.26
2010-06-25,gold,58043.27
2010-06-28,gold,58264.51
2010-06-29,gold,57379.56
2010-06-30,gold,57786.91
2010-07-01,gold,57479.72
2010-07-02,gold,56218.19
2010-07-05,gold,56510.24
2010-07-06,gold,56051.48
2010-07-07,gold,56118.55
2010-07-08,gold,55936.36
2010-07-09,gold,56406.32
2010-07-12,gold,56390.28
2010-07-13,gold,56884.48
2010-07-14,gold,56363.88
2010-07-15,gold,56304.88
2010-07-16,gold,55628.95
2010-07-19,gold,55645.77
2010-07-20,gold,56026.88
2010-07-21,gold,56208.30
2010-07-22,gold,56322.52
2010-07-23,gold,55929.69
2010-07-26,gold,55529.82
2010-07-27,gold,54557.28
2010-07-28,gold,54124.46
2010-07-29,gold,54172.50
2010-07-30,gold,54335.12
2010-08-02,gold,54849.28
2010-08-03,gold,54803.13
2010-08-04,gold,55236.98
2010-08-05,gold,55078.59
2010-08-06,gold,55737.66
2010-08-09,gold,55491.38
2010-08-10,gold,55326.04
2010-08-11,gold,56296.85
2010-08-12,gold,56732.01
2010-08-13,gold,56784.40
2010-08-16,gold,57259.80
2010-08-17,gold,57205.16
2010-08-18,gold,56730.18
2010-08-19,gold,57452.11
2010-08-20,gold,57100.75
2010-08-23,gold,57192.90
2010-08-24,gold,57331.72
2010-08-25,gold,58044.94
2010-08-26,gold,57953.45
2010-08-27,gold,57906.06
2010-08-30,gold,57906.06
2010-08-31,gold,58649.22
2010-09-01,gold,58348.67
2010-09-02,gold,58329.92
2010-09-03,gold,57856.92
2010-09-06,gold,58134.71
2010-09-07,gold,58866.17
2010-09-08,gold,58545.75
2010-09-09,gold,58319.85
2010-09-10,gold,57924.86
2010-09-13,gold,57710.00
2010-09-14,gold,58785.64
2010-09-15,gold,58747.62
2010-09-16,gold,58725.88
2010-09-17,gold,58406.53
2010-09-20,gold,58468.12
2010-09-21,gold,58229.25
2010-09-22,gold,58970.67
2010-09-23,gold,58935.65
2010-09-24,gold,58695.74
2010-09-27,gold,58384.46
2010-09-28,gold,58430.57
2010-09-29,gold,58759.05
2010-09-30,gold,58769.26
2010-10-01,gold,58527.06
2010-10-04,gold,58562.40
2010-10-05,gold,59360.26
2010-10-06,gold,59939.45
2010-10-07,gold,59469.18
2010-10-08,gold,59609.55
2010-10-11,gold,60040.39
2010-10-12,gold,60230.75
2010-10-13,gold,60792.06
2010-10-14,gold,60594.66
2010-10-15,gold,60306.75
2010-10-18,gold,60671.72
2010-10-19,gold,59404.74
2010-10-20,gold,59418.13
2010-10-21,gold,59550.64
2010-10-22,gold,58976.89
2010-10-25,gold,59338.19
2010-10-26,gold,59089.63
2010-10-27,gold,58907.14
2010-10-28,gold,59400.76
2010-10-29,gold,59842.84
2010-11-01,gold,60241.39
2010-11-02,gold,59950.63
2010-11-03,gold,59693.11
2010-11-04,gold,61074.73
2010-11-05,gold,61715.99
2010-11-08,gold,61642.46
2010-11-09,gold,62900.57
2010-11-10,gold,61606.10
2010-11-11,gold,61967.54
2010-11-12,gold,62239.51
2010-11-15,gold,61904.10
2010-11-16,gold,61210.88
2010-11-17,gold,60689.06
2010-11-18,gold,61065.06
2010-11-19,gold,60808.54
2010-11-22,gold,61598.66
2010-11-23,gold,62793.34
2010-11-24,gold,62730.11
2010-11-25,gold,62510.34
2010-11-26,gold,62119.98
2010-11-29,gold,62347.37
2010-11-30,gold,63485.36
2010-12-01,gold,62867.06
2010-12-02,gold,62907.81
2010-12-03,gold,63304.87
2010-12-06,gold,63608.41
2010-12-07,gold,63395.90
2010-12-08,gold,62465.27
2010-12-09,gold,62905.37
2010-12-10,gold,61961.89
2010-12-13,gold,63129.88
2010-12-14,gold,62689.75
2010-12-15,gold,63056.19
2010-12-16,gold,61805.24
2010-12-17,gold,62054.63
2010-12-20,gold,62669.25
2010-12-21,gold,62511.60
2010-12-22,gold,62415.00
2010-12-23,gold,61917.38
2010-12-24,gold,61917.38
2010-12-27,gold,61917.38
2010-12-28,gold,61917.38
2010-12-29,gold,63506.00
2010-12-30,gold,63022.62
2010-12-31,gold,63022.62
2011-01-03,gold,63022.62
2011-01-04,gold,62378.36
2011-01-05,gold,61943.04
2011-01-06,gold,62109.37
2011-01-07,gold,62041.30
2011-01-10,gold,62056.98
2011-01-11,gold,61967.40
2011-01-12,gold,62071.33
2011-01-13,gold,62229.67
2011-01-14,gold,62013.96
2011-01-17,gold,61841.53
2011-01-18,gold,62264.32
2011-01-19,gold,62432.86
2011-01-20,gold,61267.34
2011-01-21,gold,61290.47
2011-01-24,gold,61072.93
2011-01-25,gold,60506.80
2011-01-26,gold,60689.60
2011-01-27,gold,60979.98
2011-01-28,gold,60364.04
2011-01-31,gold,60919.25
2011-02-01,gold,60536.65
2011-02-02,gold,60813.45
2011-02-03,gold,60609.92
2011-02-04,gold,61784.61
2011-02-07,gold,61075.44
2011-02-08,gold,61763.14
2011-02-09,gold,62087.03
2011-02-10,gold,61880.74
2011-02-11,gold,62317.75
2011-02-14,gold,62107.50
2011-02-15,gold,62487.58
2011-02-16,gold,62419.30
2011-02-17,gold,62530.76
2011-02-18,gold,62534.20
2011-02-21,gold,63117.46
2011-02-22,gold,63416.27
2011-02-23,gold,63602.98
2011-02-24,gold,64191.49
2011-02-25,gold,63568.31
2011-02-28,gold,63879.50
2011-03-01,gold,63862.71
2011-03-02,gold,64525.73
2011-03-03,gold,64027.91
2011-03-04,gold,64197.16
2011-03-07,gold,64762.97
2011-03-08,gold,64307.47
2011-03-09,gold,64402.16
2011-03-10,gold,63854.17
2011-03-11,gold,63856.26
2011-03-14,gold,64168.36
2011-03-15,gold,63367.44
2011-03-16,gold,63254.74
2011-03-17,gold,63428.44
2011-03-18,gold,64077.50
2011-03-21,gold,64454.32
2011-03-22,gold,64105.83
2011-03-23,gold,64554.38
2011-03-24,gold,64767.72
2011-03-25,gold,64153.30
2011-03-28,gold,63538.28
2011-03-29,gold,63479.19
2011-03-30,gold,63794.69
2011-03-31,gold,64161.41
2011-04-01,gold,63225.08
2011-04-04,gold,64005.36
2011-04-05,gold,63672.49
2011-04-06,gold,64554.46
2011-04-07,gold,64517.20
2011-04-08,gold,64768.21
2011-04-11,gold,65163.05
2011-04-12,gold,64386.24
2011-04-13,gold,64866.04
2011-04-14,gold,65233.20
2011-04-15,gold,65468.02
2011-04-18,gold,66363.85
2011-04-19,gold,66304.89
2011-04-20,gold,66539.33
2011-04-21,gold,66728.72
2011-04-22,gold,66728.72
2011-04-25,gold,66728.72
2011-04-26,gold,66668.70
2011-04-27,gold,67148.84
2011-04-28,gold,68222.27
2011-04-29,gold,68222.27
2011-05-02,gold,68222.27
2011-05-03,gold,68568.08
2011-05-04,gold,68528.27
2011-05-05,gold,67632.36
2011-05-06,gold,66587.77
2011-05-09,gold,67169.44
2011-05-10,gold,67736.69
2011-05-11,gold,67400.06
2011-05-12,gold,67023.78
2011-05-13,gold,67559.24
2011-05-16,gold,67773.87
2011-05-17,gold,66769.06
2011-05-18,gold,67424.81
2011-05-19,gold,67155.14
2011-05-20,gold,67102.38
2011-05-23,gold,68331.24
2011-05-24,gold,69028.04
2011-05-25,gold,69184.91
2011-05-26,gold,68795.64
2011-05-27,gold,69237.94
2011-05-30,gold,69237.94
2011-05-31,gold,69230.85
2011-06-01,gold,68773.35
2011-06-02,gold,69008.09
2011-06-03,gold,69007.40
2011-06-06,gold,69333.24
2011-06-07,gold,69030.60
2011-06-08,gold,68741.27
2011-06-09,gold,68791.25
2011-06-10,gold,68380.41
2011-06-13,gold,68475.21
2011-06-14,gold,67822.05
2011-06-15,gold,68471.61
2011-06-16,gold,68401.54
2011-06-17,gold,68983.78
2011-06-20,gold,69491.58
2011-06-21,gold,69278.18
2011-06-22,gold,69699.49
2011-06-23,gold,68458.85
2011-06-24,gold,68156.18
2011-06-27,gold,67466.18
2011-06-28,gold,67514.96
2011-06-29,gold,67491.94
2011-06-30,gold,67085.08
2011-07-01,gold,66186.29
2011-07-04,gold,66422.85
2011-07-05,gold,66976.05
2011-07-06,gold,67947.35
2011-07-07,gold,67874.46
2011-07-08,gold,68330.84
2011-07-11,gold,69196.42
2011-07-12,gold,69330.61
2011-07-13,gold,70301.03
2011-07-14,gold,70773.27
2011-07-15,gold,70645.31
2011-07-18,gold,71275.43
2011-07-19,gold,71244.50
2011-07-20,gold,70497.70
2011-07-21,gold,71100.41
2011-07-22,gold,71048.70
2011-07-25,gold,71647.47
2011-07-26,gold,71259.36
2011-07-27,gold,71638.13
2011-07-28,gold,71131.15
2011-07-29,gold,71971.56
2011-08-01,gold,71493.15
2011-08-02,gold,72515.48
2011-08-03,gold,73981.16
2011-08-04,gold,74817.53
2011-08-05,gold,74220.77
2011-08-08,gold,76134.21
2011-08-09,gold,78484.56
2011-08-10,gold,80200.72
2011-08-11,gold,79921.60
2011-08-12,gold,78718.92
2011-08-15,gold,78854.96
2011-08-16,gold,80907.68
2011-08-17,gold,81274.95
2011-08-18,gold,83448.00
2011-08-19,gold,84546.00
2011-08-22,gold,85736.04
2011-08-23,gold,85592.50
2011-08-24,gold,81428.85
2011-08-25,gold,79611.81
2011-08-26,gold,82525.14
2011-08-29,gold,82525.14
2011-08-30,gold,84109.69
2011-08-31,gold,83579.68
2011-09-01,gold,83925.34
2011-09-02,gold,85877.07
2011-09-05,gold,87166.21
2011-09-06,gold,87387.93
2011-09-07,gold,83567.70
2011-09-08,gold,85691.73
2011-09-09,gold,86187.19
2011-09-12,gold,86619.82
2011-09-13,gold,86622.90
2011-09-14,gold,86651.53
2011-09-15,gold,84743.01
2011-09-16,gold,84775.47
2011-09-19,gold,85775.63
2011-09-20,gold,86450.95
2011-09-21,gold,86655.69
2011-09-22,gold,85372.46
2011-09-23,gold,83491.49
2011-09-26,gold,79017.11
2011-09-27,gold,81415.43
2011-09-28,gold,80112.68
2011-09-29,gold,78982.64
2011-09-30,gold,79325.41
2011-10-03,gold,81384.38
2011-10-04,gold,80929.49
2011-10-05,gold,79798.95
2011-10-06,gold,80687.25
2011-10-07,gold,81212.32
2011-10-10,gold,81347.48
2011-10-11,gold,82027.48
2011-10-12,gold,82350.72
2011-10-13,gold,81359.28
2011-10-14,gold,82255.56
2011-10-17,gold,82342.31
2011-10-18,gold,80408.30
2011-10-19,gold,81245.16
2011-10-20,gold,80688.15
2011-10-21,gold,82166.06
2011-10-24,gold,82310.90
2011-10-25,gold,81988.56
2011-10-26,gold,84909.65
2011-10-27,gold,85058.18
2011-10-28,gold,84891.16
2011-10-31,gold,83852.79
2011-11-01,gold,83726.72
2011-11-02,gold,85729.46
2011-11-03,gold,86396.91
2011-11-04,gold,85884.64
2011-11-07,gold,87505.11
2011-11-08,gold,88735.83
2011-11-09,gold,89547.88
2011-11-10,gold,88142.42
2011-11-11,gold,88867.19
2011-11-14,gold,89466.00
2011-11-15,gold,90463.80
2011-11-16,gold,89125.78
2011-11-17,gold,88771.66
2011-11-18,gold,88107.35
2011-11-21,gold,89057.15
2011-11-22,gold,89121.05
2011-11-23,gold,88210.48
2011-11-24,gold,88069.24
2011-11-25,gold,88207.24
2011-11-28,gold,89187.99
2011-11-29,gold,89378.44
2011-11-30,gold,91237.23
2011-12-01,gold,90000.24
2011-12-02,gold,89280.44
2011-12-05,gold,89493.36
2011-12-06,gold,87646.02
2011-12-07,gold,89616.88
2011-12-08,gold,88691.23
2011-12-09,gold,88654.38
2011-12-12,gold,87298.00
2011-12-13,gold,88809.75
2011-12-14,gold,86329.56
2011-12-15,gold,83854.85
2011-12-16,gold,83696.96
2011-12-19,gold,84214.60
2011-12-20,gold,85475.16
2011-12-21,gold,84813.96
2011-12-22,gold,84457.72
2011-12-23,gold,84457.72
2011-12-26,gold,84457.72
2011-12-27,gold,84457.72
2011-12-28,gold,83101.97
2011-12-29,gold,81150.66
2011-12-30,gold,81150.66
2012-01-02,gold,81150.66
2012-01-03,gold,84885.76
2012-01-04,gold,85626.11
2012-01-05,gold,84579.11
2012-01-06,gold,85229.96
2012-01-09,gold,84626.00
2012-01-10,gold,84788.42
2012-01-11,gold,84654.84
2012-01-12,gold,85574.72
2012-01-13,gold,84142.39
2012-01-16,gold,84421.25
2012-01-17,gold,83959.20
2012-01-18,gold,83025.27
2012-01-19,gold,83263.05
2012-01-20,gold,83042.59
2012-01-23,gold,83733.11
2012-01-24,gold,83324.97
2012-01-25,gold,82904.25
2012-01-26,gold,86773.12
2012-01-27,gold,85255.77
2012-01-30,gold,86086.91
2012-01-31,gold,86406.48
2012-02-01,gold,85434.00
2012-02-02,gold,85877.80
2012-02-03,gold,84662.55
2012-02-06,gold,84334.14
2012-02-07,gold,84743.22
2012-02-08,gold,85911.93
2012-02-09,gold,86272.54
2012-02-10,gold,84736.37
2012-02-13,gold,84538.00
2012-02-14,gold,85109.85
2012-02-15,gold,85566.88
2012-02-16,gold,84613.64
2012-02-17,gold,85030.05
2012-02-20,gold,85523.55
2012-02-21,gold,86045.30
2012-02-22,gold,86091.18
2012-02-23,gold,87437.29
2012-02-24,gold,87088.61
2012-02-27,gold,87067.22
2012-02-28,gold,87322.43
2012-02-29,gold,86924.70
2012-03-01,gold,84311.66
2012-03-02,gold,84428.22
2012-03-05,gold,84960.15
2012-03-06,gold,84092.57
2012-03-07,gold,84344.70
2012-03-08,gold,84973.20
2012-03-09,gold,84029.06
2012-03-12,gold,84917.44
2012-03-13,gold,84592.95
2012-03-14,gold,82253.61
2012-03-15,gold,82985.04
2012-03-16,gold,83156.99
2012-03-19,gold,83432.22
2012-03-20,gold,83707.29
2012-03-21,gold,83542.76
2012-03-22,gold,83860.26
2012-03-23,gold,85321.60
2012-03-26,gold,85785.16
2012-03-27,gold,86063.58
2012-03-28,gold,85316.78
2012-03-29,gold,85087.76
2012-03-30,gold,84696.06
2012-04-02,gold,85351.20
2012-04-03,gold,84776.34
2012-04-04,gold,82954.67
2012-04-05,gold,83466.42
2012-04-06,gold,83466.42
2012-04-09,gold,83466.42
2012-04-10,gold,84904.38
2012-04-11,gold,85428.45
2012-04-12,gold,85585.71
2012-04-13,gold,85866.41
2012-04-16,gold,85319.60
2012-04-17,gold,84154.65
2012-04-18,gold,85200.30
2012-04-19,gold,86006.25
2012-04-20,gold,85497.53
2012-04-23,gold,85807.58
2012-04-24,gold,86870.92
2012-04-25,gold,86137.46
2012-04-26,gold,86783.95
2012-04-27,gold,87342.07
2012-04-30,gold,86996.11
2012-05-01,gold,87667.84
2012-05-02,gold,87319.28
2012-05-03,gold,87889.85
2012-05-04,gold,87850.22
2012-05-07,gold,87850.22
2012-05-08,gold,85757.79
2012-05-09,gold,85325.24
2012-05-10,gold,85144.10
2012-05-11,gold,84650.93
2012-05-14,gold,84057.70
2012-05-15,gold,83965.39
2012-05-16,gold,84199.69
2012-05-17,gold,84483.21
2012-05-18,gold,86588.01
2012-05-21,gold,87515.84
2012-05-22,gold,87646.76
2012-05-23,gold,87324.88
2012-05-24,gold,87467.40
2012-05-25,gold,86879.67
2012-05-28,gold,87193.48
2012-05-29,gold,88175.59
2012-05-30,gold,86755.90
2012-05-31,gold,87847.83
2012-06-01,gold,89108.91
2012-06-04,gold,89108.91
2012-06-05,gold,89108.91
2012-06-06,gold,90047.63
2012-06-07,gold,88273.79
2012-06-08,gold,87503.63
2012-06-11,gold,88410.96
2012-06-12,gold,89258.83
2012-06-13,gold,90019.91
2012-06-14,gold,89896.15
2012-06-15,gold,90466.96
2012-06-18,gold,90379.15
2012-06-19,gold,90776.05
2012-06-20,gold,90080.27
2012-06-21,gold,89928.79
2012-06-22,gold,89499.64
2012-06-25,gold,89654.85
2012-06-26,gold,89902.92
2012-06-27,gold,89602.96
2012-06-28,gold,88826.71
2012-06-29,gold,88756.71
2012-07-02,gold,88244.56
2012-07-03,gold,87741.29
2012-07-04,gold,88121.30
2012-07-05,gold,88701.20
2012-07-06,gold,88594.28
2012-07-09,gold,88466.78
2012-07-10,gold,88480.54
2012-07-11,gold,87279.07
2012-07-12,gold,86722.03
2012-07-13,gold,87744.52
2012-07-16,gold,87380.61
2012-07-17,gold,87386.91
2012-07-18,gold,87150.71
2012-07-19,gold,87191.28
2012-07-20,gold,87127.22
2012-07-23,gold,88179.64
2012-07-24,gold,89049.90
2012-07-25,gold,89824.11
2012-07-26,gold,90098.33
2012-07-27,gold,89553.96
2012-07-30,gold,89696.15
2012-07-31,gold,90353.51
2012-08-01,gold,89136.25
2012-08-02,gold,89775.36
2012-08-03,gold,88822.89
2012-08-06,gold,88960.55
2012-08-07,gold,88532.50
2012-08-08,gold,88898.14
2012-08-09,gold,89091.48
2012-08-10,gold,89316.92
2012-08-13,gold,90121.76
2012-08-14,gold,89242.33
2012-08-15,gold,89465.75
2012-08-16,gold,89218.22
2012-08-17,gold,89917.35
2012-08-20,gold,89931.28
2012-08-21,gold,90574.18
2012-08-22,gold,90909.33
2012-08-23,gold,91830.21
2012-08-24,gold,92310.13
2012-08-27,gold,92310.13
2012-08-28,gold,92815.86
2012-08-29,gold,92337.50
2012-08-30,gold,92614.39
2012-08-31,gold,91351.63
2012-09-03,gold,93802.13
2012-09-04,gold,94548.36
2012-09-05,gold,94445.65
2012-09-06,gold,94805.24
2012-09-07,gold,95325.12
2012-09-10,gold,95892.18
2012-09-11,gold,95877.28
2012-09-12,gold,96064.79
2012-09-13,gold,95493.41
2012-09-14,gold,95797.10
2012-09-17,gold,95429.55
2012-09-18,gold,96021.92
2012-09-19,gold,95448.67
2012-09-20,gold,95354.66
2012-09-21,gold,95087.08
2012-09-24,gold,94249.69
2012-09-25,gold,94429.81
2012-09-26,gold,93527.32
2012-09-27,gold,93465.45
2012-09-28,gold,93870.48
2012-10-01,gold,93647.74
2012-10-02,gold,93151.61
2012-10-03,gold,92765.69
2012-10-04,gold,92373.67
2012-10-05,gold,92491.48
2012-10-08,gold,93365.91
2012-10-09,gold,93605.11
2012-10-10,gold,93434.31
2012-10-11,gold,93182.08
2012-10-12,gold,93452.24
2012-10-15,gold,92155.56
2012-10-16,gold,92346.19
2012-10-17,gold,92495.87
2012-10-18,gold,93206.93
2012-10-19,gold,93963.02
2012-10-22,gold,92476.10
2012-10-23,gold,92265.67
2012-10-24,gold,92023.01
2012-10-25,gold,92233.86
2012-10-26,gold,92260.74
2012-10-29,gold,92493.80
2012-10-30,gold,92365.65
2012-10-31,gold,92576.75
2012-11-01,gold,92136.88
2012-11-02,gold,90728.83
2012-11-05,gold,91877.01
2012-11-06,gold,92049.59
2012-11-07,gold,93266.72
2012-11-08,gold,93464.90
2012-11-09,gold,95056.20
2012-11-12,gold,95386.69
2012-11-13,gold,94891.96
2012-11-14,gold,94864.48
2012-11-15,gold,93690.90
2012-11-16,gold,94593.77
2012-11-19,gold,94909.27
2012-11-20,gold,95472.96
2012-11-21,gold,95069.98
2012-11-22,gold,95594.48
2012-11-23,gold,96099.97
2012-11-26,gold,97319.05
2012-11-27,gold,96855.76
2012-11-28,gold,94734.22
2012-11-29,gold,94521.38
2012-11-30,gold,93885.77
2012-12-03,gold,93920.60
2012-12-04,gold,92765.06
2012-12-05,gold,92450.05
2012-12-06,gold,92023.19
2012-12-07,gold,92348.91
2012-12-10,gold,93100.06
2012-12-11,gold,92844.45
2012-12-12,gold,93080.82
2012-12-13,gold,92212.56
2012-12-14,gold,92386.26
2012-12-17,gold,92799.92
2012-12-18,gold,93068.36
2012-12-19,gold,90967.28
2012-12-20,gold,90620.70
2012-12-21,gold,91005.91
2012-12-24,gold,91005.91
2012-12-25,gold,91005.91
2012-12-26,gold,91005.91
2012-12-27,gold,90895.23
2012-12-28,gold,90847.58
2012-12-31,gold,90847.58
2013-01-01,gold,90847.58
2013-01-02,gold,91945.22
2013-01-03,gold,91507.56
2013-01-04,gold,90434.00
2013-01-07,gold,90694.41
2013-01-08,gold,91038.60
2013-01-09,gold,90919.30
2013-01-10,gold,91379.63
2013-01-11,gold,90855.86
2013-01-14,gold,90915.91
2013-01-15,gold,91847.73
2013-01-16,gold,91632.21
2013-01-17,gold,90726.38
2013-01-18,gold,90782.20
2013-01-21,gold,90441.56
2013-01-22,gold,90619.25
2013-01-23,gold,90741.07
2013-01-24,gold,89690.92
2013-01-25,gold,89308.00
2013-01-28,gold,89442.72
2013-01-29,gold,89088.74
2013-01-30,gold,89251.39
2013-01-31,gold,88806.09
2013-02-01,gold,88565.49
2013-02-04,gold,88822.79
2013-02-05,gold,88720.60
2013-02-06,gold,88894.30
2013-02-07,gold,89196.30
2013-02-08,gold,89459.91
2013-02-11,gold,89084.10
2013-02-12,gold,88478.99
2013-02-13,gold,88492.78
2013-02-14,gold,88842.85
2013-02-15,gold,87569.36
2013-02-18,gold,87536.21
2013-02-19,gold,87373.17
2013-02-20,gold,86136.41
2013-02-21,gold,86143.63
2013-02-22,gold,85603.95
2013-02-25,gold,85609.91
2013-02-26,gold,86093.77
2013-02-27,gold,86180.31
2013-02-28,gold,86366.75
2013-03-01,gold,87142.42
2013-03-04,gold,86386.97
2013-03-05,gold,86744.07
2013-03-06,gold,86381.12
2013-03-07,gold,86035.37
2013-03-08,gold,85912.75
2013-03-11,gold,85794.97
2013-03-12,gold,86354.95
2013-03-13,gold,86510.82
2013-03-14,gold,85826.39
2013-03-15,gold,86228.80
2013-03-18,gold,86931.27
2013-03-19,gold,87793.93
2013-03-20,gold,87423.89
2013-03-21,gold,87779.93
2013-03-22,gold,87341.02
2013-03-25,gold,86879.26
2013-03-26,gold,87035.07
2013-03-27,gold,87307.40
2013-03-28,gold,87080.65
2013-03-29,gold,87080.65
2013-04-01,gold,87080.65
2013-04-02,gold,85960.30
2013-04-03,gold,85784.51
2013-04-04,gold,84915.22
2013-04-05,gold,85871.52
2013-04-08,gold,85924.13
2013-04-09,gold,85794.51
2013-04-10,gold,85861.13
2013-04-11,gold,85315.98
2013-04-12,gold,83861.33
2013-04-15,gold,75908.93
2013-04-16,gold,74623.50
2013-04-17,gold,75411.60
2013-04-18,gold,75171.91
2013-04-19,gold,75805.64
2013-04-22,gold,77215.02
2013-04-23,gold,76561.83
2013-04-24,gold,77676.54
2013-04-25,gold,78506.36
2013-04-26,gold,80056.96
2013-04-29,gold,79626.55
2013-04-30,gold,78804.51
2013-05-01,gold,78040.06
2013-05-02,gold,79126.46
2013-05-03,gold,78964.84
2013-05-06,gold,78964.84
2013-05-07,gold,78097.82
2013-05-08,gold,79367.42
2013-05-09,gold,79627.94
2013-05-10,gold,78379.04
2013-05-13,gold,78469.48
2013-05-14,gold,78404.62
2013-05-15,gold,77303.25
2013-05-16,gold,75506.18
2013-05-17,gold,75520.78
2013-05-20,gold,74450.29
2013-05-21,gold,75351.53
2013-05-22,gold,78291.47
2013-05-23,gold,76997.39
2013-05-24,gold,77513.39
2013-05-27,gold,77513.39
2013-05-28,gold,77159.71
2013-05-29,gold,77786.36
2013-05-30,gold,79898.09
2013-05-31,gold,78977.51
2013-06-03,gold,79178.14
2013-06-04,gold,79050.76
2013-06-05,gold,79950.78
2013-06-06,gold,79527.00
2013-06-07,gold,79320.78
2013-06-10,gold,80456.74
2013-06-11,gold,80153.13
2013-06-12,gold,79986.56
2013-06-13,gold,80338.31
2013-06-14,gold,80186.09
2013-06-17,gold,80261.49
2013-06-18,gold,80441.44
2013-06-19,gold,80622.98
2013-06-20,gold,77401.36
2013-06-21,gold,76790.19
2013-06-24,gold,77172.83
2013-06-25,gold,76362.69
2013-06-26,gold,75078.70
2013-06-27,gold,74156.08
2013-06-28,gold,71084.92
2013-07-01,gold,73814.38
2013-07-02,gold,74542.54
2013-07-03,gold,75293.75
2013-07-04,gold,75248.95
2013-07-05,gold,73632.12
2013-07-08,gold,74985.85
2013-07-09,gold,75458.06
2013-07-10,gold,75322.32
2013-07-11,gold,77022.90
2013-07-12,gold,76612.23
2013-07-15,gold,76198.52
2013-07-16,gold,76011.23
2013-07-17,gold,76900.98
2013-07-18,gold,76436.79
2013-07-19,gold,76974.03
2013-07-22,gold,78797.26
2013-07-23,gold,79209.90
2013-07-24,gold,79078.73
2013-07-25,gold,78187.59
2013-07-26,gold,78761.93
2013-07-29,gold,78854.18
2013-07-30,gold,80541.42
2013-07-31,gold,80085.91
2013-08-01,gold,79472.03
2013-08-02,gold,80001.72
2013-08-05,gold,79439.70
2013-08-06,gold,77822.39
2013-08-07,gold,78623.66
2013-08-08,gold,78615.53
2013-08-09,gold,79305.77
2013-08-12,gold,82008.86
2013-08-13,gold,81549.97
2013-08-14,gold,81188.43
2013-08-15,gold,81540.27
2013-08-16,gold,85228.97
2013-08-19,gold,1365.70
2013-08-19,silver,23.21
2013-08-20,gold,1372.60
2013-08-20,silver,23.12
2013-08-21,gold,1370.10
2013-08-21,silver,23.01
2013-08-22,gold,1370.80
2013-08-22,silver,23.08
2013-08-23,gold,1395.80
2013-08-23,silver,23.78
2013-08-26,gold,1393.10
2013-08-26,silver,24.05
2013-08-27,gold,1420.20
2013-08-27,silver,24.70
2013-08-28,gold,1418.80
2013-08-28,silver,24.44
2013-08-29,gold,1412.90
2013-08-29,silver,24.14
2013-08-30,gold,1396.10
2013-08-30,silver,23.51
2013-09-02,gold,1396.10
2013-09-02,silver,23.51
2013-09-03,gold,1412.00
2013-09-03,silver,24.43
2013-09-04,gold,1390.00
2013-09-04,silver,23.41
2013-09-05,gold,1373.00
2013-09-05,silver,23.25
2013-09-06,gold,1386.50
2013-09-06,silver,23.89
2013-09-09,gold,1386.70
2013-09-09,silver,23.72
2013-09-10,gold,1364.00
2013-09-10,silver,23.02
2013-09-11,gold,1363.80
2013-09-11,silver,23.17
2013-09-12,gold,1330.60
2013-09-12,silver,22.15
2013-09-13,gold,1308.60
2013-09-13,silver,21.72
2013-09-16,gold,1317.80
2013-09-16,silver,22.01
2013-09-17,gold,1309.40
2013-09-17,silver,21.78
2013-09-18,gold,1307.60
2013-09-18,silver,21.56
2013-09-19,gold,1369.30
2013-09-19,silver,23.29
2013-09-20,gold,1332.50
2013-09-20,silver,21.93
2013-09-23,gold,1327.00
2013-09-23,silver,21.86
2013-09-24,gold,1316.30
2013-09-24,silver,21.59
2013-09-25,gold,1336.20
2013-09-25,silver,21.89
2013-09-26,gold,1324.10
2013-09-26,silver,21.77
2013-09-27,gold,1339.20
2013-09-27,silver,21.83
2013-09-30,gold,1327.00
2013-09-30,silver,21.71
2013-10-01,gold,1286.10
2013-10-01,silver,21.18
2013-10-02,gold,1320.70
2013-10-02,silver,21.90
2013-10-03,gold,1317.60
2013-10-03,silver,21.79
2013-10-04,gold,1309.90
2013-10-04,silver,21.75
2013-10-07,gold,1325.10
2013-10-07,silver,22.39
2013-10-08,gold,1324.60
2013-10-08,silver,22.44
2013-10-09,gold,1307.20
2013-10-09,silver,21.89
2013-10-10,gold,1296.90
2013-10-10,silver,21.90
2013-10-11,gold,1268.20
2013-10-11,silver,21.26
2013-10-14,gold,1276.60
2013-10-14,silver,21.35
2013-10-15,gold,1273.20
2013-10-15,silver,21.19
2013-10-16,gold,1282.30
2013-10-16,silver,21.36
2013-10-17,gold,1323.00
2013-10-17,silver,21.95
2013-10-18,gold,1314.60
2013-10-18,silver,21.91
2013-10-21,gold,1315.80
2013-10-21,silver,22.28
2013-10-22,gold,1342.60
2013-10-22,silver,22.79
2013-10-23,gold,1334.00
2013-10-23,silver,22.62
2013-10-24,gold,1350.30
2013-10-24,silver,22.82
2013-10-25,gold,1352.50
2013-10-25,silver,22.64
2013-10-28,gold,1352.20
2013-10-28,silver,22.54
2013-10-29,gold,1345.50
2013-10-29,silver,22.49
2013-10-30,gold,1349.30
2013-10-30,silver,22.98
2013-10-31,gold,1323.70
2013-10-31,silver,21.87
2013-11-01,gold,1313.20
2013-11-01,silver,21.84
2013-11-04,gold,1314.70
2013-11-04,silver,21.70
2013-11-05,gold,1308.10
2013-11-05,silver,21.64
2013-11-06,gold,1317.80
2013-11-06,silver,21.77
2013-11-07,gold,1308.50
2013-11-07,silver,21.66
2013-11-08,gold,1284.60
2013-11-08,silver,21.32
2013-11-11,gold,1281.10
2013-11-11,silver,21.28
2013-11-12,gold,1271.20
2013-11-12,silver,20.78
2013-11-13,gold,1268.40
2013-11-13,silver,20.44
2013-11-14,gold,1286.30
2013-11-14,silver,20.72
2013-11-15,gold,1287.40
2013-11-15,silver,20.73
2013-11-18,gold,1272.30
2013-11-18,silver,20.36
2013-11-19,gold,1273.50
2013-11-19,silver,20.33
2013-11-20,gold,1258.00
2013-11-20,silver,20.06
2013-11-21,gold,1243.60
2013-11-21,silver,19.98
2013-11-22,gold,1244.10
2013-11-22,silver,19.90
2013-11-25,gold,1241.60
2013-11-25,silver,19.93
2013-11-26,gold,1241.50
2013-11-26,silver,19.89
2013-11-27,gold,1237.90
2013-11-27,silver,19.68
2013-11-28,gold,1237.90
2013-11-28,silver,19.68
2013-11-29,gold,1250.40
2013-11-29,silver,20.03
2013-12-02,gold,1221.90
2013-12-02,silver,19.29
2013-12-03,gold,1220.80
2013-12-03,silver,19.07
2013-12-04,gold,1247.20
2013-12-04,silver,19.83
2013-12-05,gold,1231.90
2013-12-05,silver,19.57
2013-12-06,gold,1229.00
2013-12-06,silver,19.52
2013-12-09,gold,1234.20
2013-12-09,silver,19.70
2013-12-10,gold,1261.10
2013-12-10,silver,20.32
2013-12-11,gold,1257.20
2013-12-11,silver,20.36
2013-12-12,gold,1224.90
2013-12-12,silver,19.45
2013-12-13,gold,1234.60
2013-12-13,silver,19.60
2013-12-16,gold,1244.40
2013-12-16,silver,20.10
2013-12-17,gold,1230.10
2013-12-17,silver,19.84
2013-12-18,gold,1235.00
2013-12-18,silver,20.06
2013-12-19,gold,1193.60
2013-12-19,silver,19.19
2013-12-20,gold,1203.70
2013-12-20,silver,19.45
2013-12-23,gold,1197.00
2013-12-23,silver,19.41
2013-12-24,gold,1203.30
2013-12-24,silver,19.48
2013-12-25,gold,1203.30
2013-12-25,silver,19.48
2013-12-26,gold,1212.30
2013-12-26,silver,19.92
2013-12-27,gold,1214.00
2013-12-27,silver,20.05
2013-12-30,gold,1203.80
2013-12-30,silver,19.61
2013-12-31,gold,1202.30
2013-12-31,silver,19.37
2014-01-01,gold,1202.30
2014-01-01,silver,19.37
2014-01-02,gold,1225.20
2014-01-02,silver,20.13
2014-01-03,gold,1225.20
2014-01-03,silver,20.13
2014-01-06,gold,1238.00
2014-01-06,silver,20.10
2014-01-07,gold,1229.60
2014-01-07,silver,19.79
2014-01-08,gold,1225.50
2014-01-08,silver,19.54
2014-01-09,gold,1229.40
2014-01-09,silver,19.68
2014-01-10,gold,1246.90
2014-01-10,silver,20.22
2014-01-13,gold,1251.10
2014-01-13,silver,20.39
2014-01-14,gold,1245.40
2014-01-14,silver,20.28
2014-01-15,gold,1238.30
2014-01-15,silver,20.13
2014-01-16,gold,1240.20
2014-01-16,silver,20.05
2014-01-17,gold,1251.90
2014-01-17,silver,20.30
2014-01-20,gold,1251.90
2014-01-20,silver,20.30
2014-01-21,gold,1241.80
2014-01-21,silver,19.87
2014-01-22,gold,1238.60
2014-01-22,silver,19.84
2014-01-23,gold,1262.50
2014-01-23,silver,20.01
2014-01-24,gold,1264.50
2014-01-24,silver,19.77
2014-01-27,gold,1263.50
2014-01-27,silver,19.79
2014-01-28,gold,1250.50
2014-01-28,silver,19.50
2014-01-29,gold,1262.20
2014-01-29,silver,19.55
2014-01-30,gold,1242.50
2014-01-30,silver,19.13
2014-01-31,gold,1239.80
2014-01-31,silver,19.12
2014-02-03,gold,1259.90
2014-02-03,silver,19.41
2014-02-04,gold,1251.20
2014-02-04,silver,19.42
2014-02-05,gold,1256.90
2014-02-05,silver,19.80
2014-02-06,gold,1257.20
2014-02-06,silver,19.93
2014-02-07,gold,1262.90
2014-02-07,silver,19.94
2014-02-10,gold,1274.70
2014-02-10,silver,20.11
2014-02-11,gold,1289.80
2014-02-11,silver,20.15
2014-02-12,gold,1295.00
2014-02-12,silver,20.34
2014-02-13,gold,1300.10
2014-02-13,silver,20.39
2014-02-14,gold,1318.60
2014-02-14,silver,21.42
2014-02-17,gold,1318.60
2014-02-17,silver,21.42
2014-02-18,gold,1324.40
2014-02-18,silver,21.90
2014-02-19,gold,1320.40
2014-02-19,silver,21.85
2014-02-20,gold,1316.90
2014-02-20,silver,21.68
2014-02-21,gold,1323.60
2014-02-21,silver,21.82
2014-02-24,gold,1338.00
2014-02-24,silver,22.09
2014-02-25,gold,1342.70
2014-02-25,silver,22.00
2014-02-26,gold,1328.00
2014-02-26,silver,21.29
2014-02-27,gold,1331.80
2014-02-27,silver,21.35
2014-02-28,gold,1321.60
2014-02-28,silver,21.24
2014-03-03,gold,1350.30
2014-03-03,silver,21.48
2014-03-04,gold,1337.90
2014-03-04,silver,21.22
2014-03-05,gold,1340.30
2014-03-05,silver,21.27
2014-03-06,gold,1351.80
2014-03-06,silver,21.57
2014-03-07,gold,1338.20
2014-03-07,silver,20.93
2014-03-10,gold,1341.50
2014-03-10,silver,20.91
2014-03-11,gold,1346.70
2014-03-11,silver,20.82
2014-03-12,gold,1370.50
2014-03-12,silver,21.36
2014-03-13,gold,1372.40
2014-03-13,silver,21.20
2014-03-14,gold,1379.00
2014-03-14,silver,21.41
2014-03-17,gold,1372.90
2014-03-17,silver,21.27
2014-03-18,gold,1359.00
2014-03-18,silver,20.86
2014-03-19,gold,1341.30
2014-03-19,silver,20.83
2014-03-20,gold,1330.50
2014-03-20,silver,20.43
2014-03-21,gold,1336.00
2014-03-21,silver,20.31
2014-03-24,gold,1311.10
2014-03-24,silver,20.07
2014-03-25,gold,1311.40
2014-03-25,silver,19.98
2014-03-26,gold,1303.40
2014-03-26,silver,19.78
2014-03-27,gold,1294.80
2014-03-27,silver,19.71
2014-03-28,gold,1294.30
2014-03-28,silver,19.79
2014-03-31,gold,1283.80
2014-03-31,silver,19.75
2014-04-01,gold,1280.00
2014-04-01,silver,19.69
2014-04-02,gold,1290.80
2014-04-02,silver,20.05
2014-04-03,gold,1284.60
2014-04-03,silver,19.80
2014-04-04,gold,1303.50
2014-04-04,silver,19.95
2014-04-07,gold,1298.30
2014-04-07,silver,19.91
2014-04-08,gold,1309.10
2014-04-08,silver,20.06
2014-04-09,gold,1305.90
2014-04-09,silver,19.77
2014-04-10,gold,1320.50
2014-04-10,silver,20.09
2014-04-11,gold,1319.00
2014-04-11,silver,19.95
2014-04-14,gold,1327.50
2014-04-14,silver,20.01
2014-04-15,gold,1300.30
2014-04-15,silver,19.49
2014-04-16,gold,1303.50
2014-04-16,silver,19.63
2014-04-17,gold,1293.90
2014-04-17,silver,19.60
2014-04-18,gold,1293.90
2014-04-18,silver,19.60
2014-04-21,gold,1288.50
2014-04-21,silver,19.35
2014-04-22,gold,1281.10
2014-04-22,silver,19.36
2014-04-23,gold,1284.60
2014-04-23,silver,19.47
2014-04-24,gold,1290.60
2014-04-24,silver,19.71
2014-04-25,gold,1300.80
2014-04-25,silver,19.72
2014-04-28,gold,1299.00
2014-04-28,silver,19.62
2014-04-29,gold,1296.30
2014-04-29,silver,19.54
2014-04-30,gold,1295.90
2014-04-30,silver,19.17
2014-05-01,gold,1283.40
2014-05-01,silver,19.04
2014-05-02,gold,1302.90
2014-05-02,silver,19.55
2014-05-05,gold,1309.30
2014-05-05,silver,19.57
2014-05-06,gold,1308.60
2014-05-06,silver,19.64
2014-05-07,gold,1288.90
2014-05-07,silver,19.34
2014-05-08,gold,1287.70
2014-05-08,silver,19.14
2014-05-09,gold,1287.60
2014-05-09,silver,19.12
2014-05-12,gold,1295.80
2014-05-12,silver,19.54
2014-05-13,gold,1294.80
2014-05-13,silver,19.55
2014-05-14,gold,1305.90
2014-05-14,silver,19.77
2014-05-15,gold,1293.60
2014-05-15,silver,19.48
2014-05-16,gold,1293.40
2014-05-16,silver,19.33
2014-05-19,gold,1293.80
2014-05-19,silver,19.35
2014-05-20,gold,1294.60
2014-05-20,silver,19.40
2014-05-21,gold,1288.10
2014-05-21,silver,19.34
2014-05-22,gold,1295.20
2014-05-22,silver,19.52
2014-05-23,gold,1291.90
2014-05-23,silver,19.42
2014-05-26,gold,1291.90
2014-05-26,silver,19.42
2014-05-27,gold,1265.70
2014-05-27,silver,19.07
2014-05-28,gold,1259.70
2014-05-28,silver,19.06
2014-05-29,gold,1257.10
2014-05-29,silver,19.01
2014-05-30,gold,1246.00
2014-05-30,silver,18.68
2014-06-02,gold,1244.00
2014-06-02,silver,18.74
2014-06-03,gold,1244.50
2014-06-03,silver,18.76
2014-06-04,gold,1244.30
2014-06-04,silver,18.79
2014-06-05,gold,1253.30
2014-06-05,silver,19.08
2014-06-06,gold,1252.50
2014-06-06,silver,18.99
2014-06-09,gold,1253.90
2014-06-09,silver,19.07
2014-06-10,gold,1260.10
2014-06-10,silver,19.17
2014-06-11,gold,1261.20
2014-06-11,silver,19.17
2014-06-12,gold,1274.00
2014-06-12,silver,19.53
2014-06-13,gold,1274.10
2014-06-13,silver,19.66
2014-06-16,gold,1275.30
2014-06-16,silver,19.71
2014-06-17,gold,1272.00
2014-06-17,silver,19.73
2014-06-18,gold,1272.70
2014-06-18,silver,19.78
2014-06-19,gold,1314.10
2014-06-19,silver,20.65
2014-06-20,gold,1316.60
2014-06-20,silver,20.95
2014-06-23,gold,1318.40
2014-06-23,silver,20.96
2014-06-24,gold,1321.30
2014-06-24,silver,21.10
2014-06-25,gold,1322.60
2014-06-25,silver,21.17
2014-06-26,gold,1317.00
2014-06-26,silver,21.16
2014-06-27,gold,1320.00
2014-06-27,silver,21.13
2014-06-30,gold,1322.00
2014-06-30,silver,21.06
2014-07-01,gold,1326.60
2014-07-01,silver,21.12
2014-07-02,gold,1330.90
2014-07-02,silver,21.30
2014-07-03,gold,1320.60
2014-07-03,silver,21.14
2014-07-04,gold,1320.60
2014-07-04,silver,21.14
2014-07-07,gold,1317.00
2014-07-07,silver,21.01
2014-07-08,gold,1316.50
2014-07-08,silver,21.01
2014-07-09,gold,1324.30
2014-07-09,silver,21.07
2014-07-10,gold,1339.20
2014-07-10,silver,21.51
2014-07-11,gold,1337.40
2014-07-11,silver,21.46
2014-07-14,gold,1306.70
2014-07-14,silver,20.91
2014-07-15,gold,1297.10
2014-07-15,silver,20.89
2014-07-16,gold,1299.80
2014-07-16,silver,20.77
2014-07-17,gold,1316.90
2014-07-17,silver,21.13
2014-07-18,gold,1309.40
2014-07-18,silver,20.89
2014-07-21,gold,1315.50
2014-07-21,silver,21.01
2014-07-22,gold,1308.00
2014-07-22,silver,21.01
2014-07-23,gold,1306.50
2014-07-23,silver,21.00
2014-07-24,gold,1292.70
2014-07-24,silver,20.41
2014-07-25,gold,1305.30
2014-07-25,silver,20.64
2014-07-28,gold,1305.80
2014-07-28,silver,20.57
2014-07-29,gold,1300.50
2014-07-29,silver,20.58
2014-07-30,gold,1296.90
2014-07-30,silver,20.60
2014-07-31,gold,1282.80
2014-07-31,silver,20.41
2014-08-01,gold,1294.80
2014-08-01,silver,20.37
2014-08-04,gold,1288.90
2014-08-04,silver,20.23
2014-08-05,gold,1285.30
2014-08-05,silver,19.83
2014-08-06,gold,1308.20
2014-08-06,silver,20.02
2014-08-07,gold,1312.50
2014-08-07,silver,19.99
2014-08-08,gold,1311.00
2014-08-08,silver,19.94
2014-08-11,gold,1310.50
2014-08-11,silver,20.09
2014-08-12,gold,1310.60
2014-08-12,silver,19.91
2014-08-13,gold,1314.50
2014-08-13,silver,19.84
2014-08-14,gold,1315.70
2014-08-14,silver,19.91
2014-08-15,gold,1306.20
2014-08-15,silver,19.52
2014-08-18,gold,1299.30
2014-08-18,silver,19.64
2014-08-19,gold,1296.70
2014-08-19,silver,19.41
2014-08-20,gold,1295.20
2014-08-20,silver,19.57
2014-08-21,gold,1275.40
2014-08-21,silver,19.49
2014-08-22,gold,1280.20
2014-08-22,silver,19.46
2014-08-25,gold,1278.90
2014-08-25,silver,19.43
2014-08-26,gold,1285.20
2014-08-26,silver,19.46
2014-08-27,gold,1283.40
2014-08-27,silver,19.48
2014-08-28,gold,1290.40
2014-08-28,silver,19.61
2014-08-29,gold,1287.40
2014-08-29,silver,19.49
2014-09-01,gold,1287.40
2014-09-01,silver,19.49
2014-09-02,gold,1265.00
2014-09-02,silver,19.15
2014-09-03,gold,1270.30
2014-09-03,silver,19.19
2014-09-04,gold,1266.50
2014-09-04,silver,19.14
2014-09-05,gold,1267.30
2014-09-05,silver,19.16
2014-09-08,gold,1254.30
2014-09-08,silver,18.96
2014-09-09,gold,1248.50
2014-09-09,silver,18.92
2014-09-10,gold,1245.30
2014-09-10,silver,18.93
2014-09-11,gold,1239.00
2014-09-11,silver,18.60
2014-09-12,gold,1231.50
2014-09-12,silver,18.61
2014-09-15,gold,1235.10
2014-09-15,silver,18.62
2014-09-16,gold,1236.70
2014-09-16,silver,18.72
2014-09-17,gold,1235.90
2014-09-17,silver,18.73
2014-09-18,gold,1226.90
2014-09-18,silver,18.52
2014-09-19,gold,1216.60
2014-09-19,silver,17.84
2014-09-22,gold,1217.90
2014-09-22,silver,17.77
2014-09-23,gold,1222.00
2014-09-23,silver,17.78
2014-09-24,gold,1219.50
2014-09-24,silver,17.70
2014-09-25,gold,1221.90
2014-09-25,silver,17.44
2014-09-26,gold,1215.40
2014-09-26,silver,17.54
2014-09-29,gold,1218.80
2014-09-29,silver,17.57
2014-09-30,gold,1211.60
2014-09-30,silver,17.06
2014-10-01,gold,1215.50
2014-10-01,silver,17.26
2014-10-02,gold,1215.10
2014-10-02,silver,17.05
2014-10-03,gold,1192.90
2014-10-03,silver,16.83
2014-10-06,gold,1207.30
2014-10-06,silver,17.23
2014-10-07,gold,1212.40
2014-10-07,silver,17.24
2014-10-08,gold,1206.00
2014-10-08,silver,17.06
2014-10-09,gold,1225.30
2014-10-09,silver,17.42
2014-10-10,gold,1221.70
2014-10-10,silver,17.30
2014-10-13,gold,1230.00
2014-10-13,silver,17.34
2014-10-14,gold,1234.30
2014-10-14,silver,17.40
2014-10-15,gold,1244.80
2014-10-15,silver,17.46
2014-10-16,gold,1241.20
2014-10-16,silver,17.44
2014-10-17,gold,1239.00
2014-10-17,silver,17.33
2014-10-20,gold,1244.70
2014-10-20,silver,17.35
2014-10-21,gold,1251.70
2014-10-21,silver,17.55
2014-10-22,gold,1245.50
2014-10-22,silver,17.23
2014-10-23,gold,1229.10
2014-10-23,silver,17.16
2014-10-24,gold,1231.80
2014-10-24,silver,17.18
2014-10-27,gold,1229.30
2014-10-27,silver,17.16
2014-10-28,gold,1229.40
2014-10-28,silver,17.23
2014-10-29,gold,1224.90
2014-10-29,silver,17.26
2014-10-30,gold,1198.60
2014-10-30,silver,16.42
2014-10-31,gold,1171.60
2014-10-31,silver,16.11
2014-11-03,gold,1169.80
2014-11-03,silver,16.20
2014-11-04,gold,1167.70
2014-11-04,silver,15.95
2014-11-05,gold,1145.70
2014-11-05,silver,15.44
2014-11-06,gold,1142.60
2014-11-06,silver,15.41
2014-11-07,gold,1169.80
2014-11-07,silver,15.71
2014-11-10,gold,1159.80
2014-11-10,silver,15.67
2014-11-11,gold,1163.00
2014-11-11,silver,15.68
2014-11-12,gold,1159.10
2014-11-12,silver,15.62
2014-11-13,gold,1161.50
2014-11-13,silver,15.62
2014-11-14,gold,1185.60
2014-11-14,silver,16.31
2014-11-17,gold,1183.50
2014-11-17,silver,16.06
2014-11-18,gold,1197.10
2014-11-18,silver,16.17
2014-11-19,gold,1193.90
2014-11-19,silver,16.29
2014-11-20,gold,1190.90
2014-11-20,silver,16.14
2014-11-21,gold,1197.70
2014-11-21,silver,16.46
2014-11-24,gold,1196.60
2014-11-24,silver,16.43
2014-11-25,gold,1197.80
2014-11-25,silver,16.61
2014-11-26,gold,1197.50
2014-11-26,silver,16.61
2014-11-27,gold,1197.50
2014-11-27,silver,16.61
2014-11-28,gold,1175.50
2014-11-28,silver,15.56
2014-12-01,gold,1218.10
2014-12-01,silver,16.69
2014-12-02,gold,1199.40
2014-12-02,silver,16.46
2014-12-03,gold,1208.70
2014-12-03,silver,16.41
2014-12-04,gold,1207.70
2014-12-04,silver,16.57
2014-12-05,gold,1190.40
2014-12-05,silver,16.26
2014-12-08,gold,1194.90
2014-12-08,silver,16.28
2014-12-09,gold,1232.00
2014-12-09,silver,17.13
2014-12-10,gold,1229.40
2014-12-10,silver,17.19
2014-12-11,gold,1225.60
2014-12-11,silver,17.11
2014-12-12,gold,1222.50
2014-12-12,silver,17.06
2014-12-15,gold,1207.70
2014-12-15,silver,16.56
2014-12-16,gold,1194.30
2014-12-16,silver,15.75
2014-12-17,gold,1194.50
2014-12-17,silver,15.93
2014-12-18,gold,1194.80
2014-12-18,silver,15.93
2014-12-19,gold,1196.00
2014-12-19,silver,16.03
2014-12-22,gold,1179.80
2014-12-22,silver,15.69
2014-12-23,gold,1178.00
2014-12-23,silver,15.77
2014-12-24,gold,1173.50
2014-12-24,silver,15.71
2014-12-25,gold,1173.50
2014-12-25,silver,15.71
2014-12-26,gold,1195.30
2014-12-26,silver,16.15
2014-12-29,gold,1181.90
2014-12-29,silver,15.78
2014-12-30,gold,1200.40
2014-12-30,silver,16.28
2014-12-31,gold,1184.10
2014-12-31,silver,15.60
2015-01-01,gold,1184.10
2015-01-01,silver,15.60
2015-01-02,gold,1186.20
2015-01-02,silver,15.77
2015-01-05,gold,1204.00
2015-01-05,silver,16.21
2015-01-06,gold,1219.40
2015-01-06,silver,16.64
2015-01-07,gold,1210.70
2015-01-07,silver,16.54
2015-01-08,gold,1208.50
2015-01-08,silver,16.39
2015-01-09,gold,1216.10
2015-01-09,silver,16.42
2015-01-12,gold,1232.80
2015-01-12,silver,16.56
2015-01-13,gold,1234.40
2015-01-13,silver,17.16
2015-01-14,gold,1234.50
2015-01-14,silver,16.99
2015-01-15,gold,1264.80
2015-01-15,silver,17.10
2015-01-16,gold,1276.90
2015-01-16,silver,17.75
2015-01-19,gold,1276.90
2015-01-19,silver,17.75
2015-01-20,gold,1294.20
2015-01-20,silver,17.96
2015-01-21,gold,1293.70
2015-01-21,silver,18.19
2015-01-22,gold,1300.70
2015-01-22,silver,18.36
2015-01-23,gold,1292.60
2015-01-23,silver,18.30
2015-01-26,gold,1279.40
2015-01-26,silver,17.98
2015-01-27,gold,1292.90
2015-01-27,silver,18.08
2015-01-28,gold,1287.20
2015-01-28,silver,18.09
2015-01-29,gold,1255.90
2015-01-29,silver,16.77
2015-01-30,gold,1279.20
2015-01-30,silver,17.21
2015-02-02,gold,1276.90
2015-02-02,silver,17.25
2015-02-03,gold,1260.30
2015-02-03,silver,17.32
2015-02-04,gold,1264.50
2015-02-04,silver,17.39
2015-02-05,gold,1262.70
2015-02-05,silver,17.20
2015-02-06,gold,1234.60
2015-02-06,silver,16.69
2015-02-09,gold,1241.50
2015-02-09,silver,17.07
2015-02-10,gold,1232.20
2015-02-10,silver,16.87
2015-02-11,gold,1219.60
2015-02-11,silver,16.76
2015-02-12,gold,1220.70
2015-02-12,silver,16.79
2015-02-13,gold,1227.10
2015-02-13,silver,17.29
2015-02-16,gold,1227.10
2015-02-16,silver,17.29
2015-02-17,gold,1208.60
2015-02-17,silver,16.38
2015-02-18,gold,1200.20
2015-02-18,silver,16.27
2015-02-19,gold,1207.60
2015-02-19,silver,16.38
2015-02-20,gold,1204.90
2015-02-20,silver,16.27
2015-02-23,gold,1200.80
2015-02-23,silver,16.30
2015-02-24,gold,1197.30
2015-02-24,silver,16.23
2015-02-25,gold,1201.50
2015-02-25,silver,16.47
2015-02-26,gold,1210.10
2015-02-26,silver,16.62
2015-02-27,gold,1213.10
2015-02-27,silver,16.56
2015-03-02,gold,1208.20
2015-03-02,silver,16.45
2015-03-03,gold,1204.40
2015-03-03,silver,16.30
2015-03-04,gold,1200.90
2015-03-04,silver,16.16
2015-03-05,gold,1196.20
2015-03-05,silver,16.16
2015-03-06,gold,1164.30
2015-03-06,silver,15.81
2015-03-09,gold,1166.50
2015-03-09,silver,15.78
2015-03-10,gold,1160.10
2015-03-10,silver,15.63
2015-03-11,gold,1150.60
2015-03-11,silver,15.37
2015-03-12,gold,1151.90
2015-03-12,silver,15.52
2015-03-13,gold,1152.40
2015-03-13,silver,15.49
2015-03-16,gold,1153.20
2015-03-16,silver,15.62
2015-03-17,gold,1148.20
2015-03-17,silver,15.58
2015-03-18,gold,1151.30
2015-03-18,silver,15.54
2015-03-19,gold,1169.00
2015-03-19,silver,16.11
2015-03-20,gold,1184.60
2015-03-20,silver,16.88
2015-03-23,gold,1187.70
2015-03-23,silver,16.89
2015-03-24,gold,1191.40
2015-03-24,silver,16.98
2015-03-25,gold,1197.00
2015-03-25,silver,17.00
2015-03-26,gold,1205.70
2015-03-26,silver,17.14
2015-03-27,gold,1200.70
2015-03-27,silver,17.07
2015-03-30,gold,1185.30
2015-03-30,silver,16.67
2015-03-31,gold,1183.20
2015-03-31,silver,16.60
2015-04-01,gold,1208.20
2015-04-01,silver,17.06
2015-04-02,gold,1200.90
2015-04-02,silver,16.70
2015-04-03,gold,1200.90
2015-04-03,silver,16.70
2015-04-06,gold,1218.60
2015-04-06,silver,17.11
2015-04-07,gold,1210.60
2015-04-07,silver,16.84
2015-04-08,gold,1203.10
2015-04-08,silver,16.45
2015-04-09,gold,1193.60
2015-04-09,silver,16.18
2015-04-10,gold,1204.60
2015-04-10,silver,16.38
2015-04-13,gold,1199.30
2015-04-13,silver,16.29
2015-04-14,gold,1192.60
2015-04-14,silver,16.16
2015-04-15,gold,1201.30
2015-04-15,silver,16.28
2015-04-16,gold,1198.00
2015-04-16,silver,16.28
2015-04-17,gold,1203.10
2015-04-17,silver,16.23
2015-04-20,gold,1193.70
2015-04-20,silver,15.89
2015-04-21,gold,1203.10
2015-04-21,silver,16.01
2015-04-22,gold,1186.90
2015-04-22,silver,15.80
2015-04-23,gold,1194.30
2015-04-23,silver,15.83
2015-04-24,gold,1175.00
2015-04-24,silver,15.68
2015-04-27,gold,1203.20
2015-04-27,silver,16.44
2015-04-28,gold,1213.90
2015-04-28,silver,16.63
2015-04-29,gold,1210.00
2015-04-29,silver,16.70
2015-04-30,gold,1182.40
2015-04-30,silver,16.15
2015-05-01,gold,1174.50
2015-05-01,silver,16.14
2015-05-04,gold,1186.80
2015-05-04,silver,16.44
2015-05-05,gold,1193.20
2015-05-05,silver,16.58
2015-05-06,gold,1190.30
2015-05-06,silver,16.51
2015-05-07,gold,1182.20
2015-05-07,silver,16.30
2015-05-08,gold,1188.90
2015-05-08,silver,16.46
2015-05-11,gold,1183.00
2015-05-11,silver,16.31
2015-05-12,gold,1192.40
2015-05-12,silver,16.53
2015-05-13,gold,1218.20
2015-05-13,silver,17.22
2015-05-14,gold,1225.20
2015-05-14,silver,17.46
2015-05-15,gold,1225.30
2015-05-15,silver,17.56
2015-05-18,gold,1227.60
2015-05-18,silver,17.73
2015-05-19,gold,1206.70
2015-05-19,silver,17.07
2015-05-20,gold,1208.70
2015-05-20,silver,17.11
2015-05-21,gold,1204.10
2015-05-21,silver,17.13
2015-05-22,gold,1204.00
2015-05-22,silver,17.05
2015-05-25,gold,1204.00
2015-05-25,silver,17.05
2015-05-26,gold,1187.80
2015-05-26,silver,16.75
2015-05-27,gold,1186.50
2015-05-27,silver,16.65
2015-05-28,gold,1188.80
2015-05-28,silver,16.67
2015-05-29,gold,1189.80
2015-05-29,silver,16.70
2015-06-01,gold,1188.70
2015-06-01,silver,16.68
2015-06-02,gold,1194.40
2015-06-02,silver,16.80
2015-06-03,gold,1184.90
2015-06-03,silver,16.48
2015-06-04,gold,1175.20
2015-06-04,silver,16.10
2015-06-05,gold,1168.10
2015-06-05,silver,15.98
2015-06-08,gold,1173.60
2015-06-08,silver,15.96
2015-06-09,gold,1177.60
2015-06-09,silver,15.96
2015-06-10,gold,1186.60
2015-06-10,silver,15.96
2015-06-11,gold,1180.40
2015-06-11,silver,15.96
2015-06-12,gold,1179.20
2015-06-12,silver,15.82
2015-06-15,gold,1185.80
2015-06-15,silver,16.08
2015-06-16,gold,1180.90
2015-06-16,silver,15.96
2015-06-17,gold,1176.80
2015-06-17,silver,15.95
2015-06-18,gold,1202.00
2015-06-18,silver,16.15
2015-06-19,gold,1201.90
2015-06-19,silver,16.11
2015-06-22,gold,1184.10
2015-06-22,silver,16.14
2015-06-23,gold,1176.60
2015-06-23,silver,15.74
2015-06-24,gold,1172.90
2015-06-24,silver,15.89
2015-06-25,gold,1171.80
2015-06-25,silver,15.84
2015-06-26,gold,1173.20
2015-06-26,silver,15.77
2015-06-29,gold,1179.00
2015-06-29,silver,15.70
2015-06-30,gold,1171.80
2015-06-30,silver,15.58
2015-07-01,gold,1169.30
2015-07-01,silver,15.58
2015-07-02,gold,1163.50
2015-07-02,silver,15.56
2015-07-03,gold,1163.50
2015-07-03,silver,15.56
2015-07-06,gold,1173.20
2015-07-06,silver,15.75
2015-07-07,gold,1152.60
2015-07-07,silver,14.97
2015-07-08,gold,1163.50
2015-07-08,silver,15.16
2015-07-09,gold,1159.20
2015-07-09,silver,15.36
2015-07-10,gold,1157.90
2015-07-10,silver,15.48
2015-07-13,gold,1155.40
2015-07-13,silver,15.46
2015-07-14,gold,1153.50
2015-07-14,silver,15.31
2015-07-15,gold,1147.40
2015-07-15,silver,15.05
2015-07-16,gold,1143.90
2015-07-16,silver,14.98
2015-07-17,gold,1131.90
2015-07-17,silver,14.83
2015-07-20,gold,1106.80
2015-07-20,silver,14.76
2015-07-21,gold,1103.50
2015-07-21,silver,14.79
2015-07-22,gold,1091.50
2015-07-22,silver,14.73
2015-07-23,gold,1094.10
2015-07-23,silver,14.70
2015-07-24,gold,1085.50
2015-07-24,silver,14.49
2015-07-27,gold,1096.90
2015-07-27,silver,14.61
2015-07-28,gold,1096.70
2015-07-28,silver,14.64
2015-07-29,gold,1093.30
2015-07-29,silver,14.74
2015-07-30,gold,1088.70
2015-07-30,silver,14.70
2015-07-31,gold,1095.10
2015-07-31,silver,14.74
2015-08-03,gold,1089.40
2015-08-03,silver,14.52
2015-08-04,gold,1090.70
2015-08-04,silver,14.56
2015-08-05,gold,1085.60
2015-08-05,silver,14.55
2015-08-06,gold,1090.10
2015-08-06,silver,14.68
2015-08-07,gold,1094.10
2015-08-07,silver,14.82
2015-08-10,gold,1104.10
2015-08-10,silver,15.29
2015-08-11,gold,1107.70
2015-08-11,silver,15.28
2015-08-12,gold,1123.60
2015-08-12,silver,15.48
2015-08-13,gold,1115.60
2015-08-13,silver,15.40
2015-08-14,gold,1112.70
2015-08-14,silver,15.21
2015-08-17,gold,1118.40
2015-08-17,silver,15.30
2015-08-18,gold,1116.90
2015-08-18,silver,14.79
2015-08-19,gold,1127.90
2015-08-19,silver,15.22
2015-08-20,gold,1153.20
2015-08-20,silver,15.56
2015-08-21,gold,1159.60
2015-08-21,silver,15.35
2015-08-24,gold,1153.60
2015-08-24,silver,14.80
2015-08-25,gold,1138.30
2015-08-25,silver,14.65
2015-08-26,gold,1124.60
2015-08-26,silver,14.08
2015-08-27,gold,1122.60
2015-08-27,silver,14.44
2015-08-28,gold,1134.00
2015-08-28,silver,14.55
2015-08-31,gold,1132.50
2015-08-31,silver,14.59
2015-09-01,gold,1139.80
2015-09-01,silver,14.62
2015-09-02,gold,1133.60
2015-09-02,silver,14.67
2015-09-03,gold,1124.50
2015-09-03,silver,14.71
2015-09-04,gold,1121.40
2015-09-04,silver,14.55
2015-09-07,gold,1121.40
2015-09-07,silver,14.55
2015-09-08,gold,1121.00
2015-09-08,silver,14.76
2015-09-09,gold,1102.00
2015-09-09,silver,14.58
2015-09-10,gold,1109.30
2015-09-10,silver,14.64
2015-09-11,gold,1103.30
2015-09-11,silver,14.51
2015-09-14,gold,1107.70
2015-09-14,silver,14.36
2015-09-15,gold,1102.60
2015-09-15,silver,14.33
2015-09-16,gold,1119.00
2015-09-16,silver,14.88
2015-09-17,gold,1117.00
2015-09-17,silver,14.98
2015-09-18,gold,1137.80
2015-09-18,silver,15.16
2015-09-21,gold,1132.80
2015-09-21,silver,15.22
2015-09-22,gold,1124.80
2015-09-22,silver,14.76
2015-09-23,gold,1131.50
2015-09-23,silver,14.79
2015-09-24,gold,1153.80
2015-09-24,silver,15.13
2015-09-25,gold,1145.60
2015-09-25,silver,15.11
2015-09-28,gold,1131.70
2015-09-28,silver,14.54
2015-09-29,gold,1126.80
2015-09-29,silver,14.57
2015-09-30,gold,1115.20
2015-09-30,silver,14.52
2015-10-01,gold,1113.70
2015-10-01,silver,14.51
2015-10-02,gold,1136.60
2015-10-02,silver,15.26
2015-10-05,gold,1137.60
2015-10-05,silver,15.71
2015-10-06,gold,1146.40
2015-10-06,silver,15.98
2015-10-07,gold,1148.70
2015-10-07,silver,16.09
2015-10-08,gold,1144.30
2015-10-08,silver,15.77
2015-10-09,gold,1155.90
2015-10-09,silver,15.82
2015-10-12,gold,1164.50
2015-10-12,silver,15.86
2015-10-13,gold,1165.40
2015-10-13,silver,15.91
2015-10-14,gold,1179.80
2015-10-14,silver,16.12
2015-10-15,gold,1187.50
2015-10-15,silver,16.16
2015-10-16,gold,1183.10
2015-10-16,silver,16.11
2015-10-19,gold,1172.80
2015-10-19,silver,15.84
2015-10-20,gold,1177.50
2015-10-20,silver,15.92
2015-10-21,gold,1167.10
2015-10-21,silver,15.71
2015-10-22,gold,1166.10
2015-10-22,silver,15.84
2015-10-23,gold,1162.80
2015-10-23,silver,15.83
2015-10-26,gold,1166.20
2015-10-26,silver,15.90
2015-10-27,gold,1165.80
2015-10-27,silver,15.86
2015-10-28,gold,1176.10
2015-10-28,silver,16.29
2015-10-29,gold,1147.30
2015-10-29,silver,15.55
2015-10-30,gold,1141.40
2015-10-30,silver,15.57
2015-11-02,gold,1135.90
2015-11-02,silver,15.41
2015-11-03,gold,1114.10
2015-11-03,silver,15.24
2015-11-04,gold,1106.20
2015-11-04,silver,15.06
2015-11-05,gold,1104.20
2015-11-05,silver,14.98
2015-11-06,gold,1087.70
2015-11-06,silver,14.69
2015-11-09,gold,1088.10
2015-11-09,silver,14.41
2015-11-10,gold,1088.50
2015-11-10,silver,14.36
2015-11-11,gold,1084.90
2015-11-11,silver,14.26
2015-11-12,gold,1081.00
2015-11-12,silver,14.22
2015-11-13,gold,1080.90
2015-11-13,silver,14.20
2015-11-16,gold,1083.60
2015-11-16,silver,14.22
2015-11-17,gold,1068.60
2015-11-17,silver,14.17
2015-11-18,gold,1068.70
2015-11-18,silver,14.08
2015-11-19,gold,1077.90
2015-11-19,silver,14.25
2015-11-20,gold,1076.30
2015-11-20,silver,14.13
2015-11-23,gold,1066.60
2015-11-23,silver,14.06
2015-11-24,gold,1073.30
2015-11-24,silver,14.19
2015-11-25,gold,1069.70
2015-11-25,silver,14.18
2015-11-26,gold,1069.70
2015-11-26,silver,14.18
2015-11-27,gold,1056.20
2015-11-27,silver,14.05
2015-11-30,gold,1065.30
2015-11-30,silver,14.09
2015-12-01,gold,1063.50
2015-12-01,silver,14.08
2015-12-02,gold,1053.80
2015-12-02,silver,14.01
2015-12-03,gold,1061.20
2015-12-03,silver,14.08
2015-12-04,gold,1084.10
2015-12-04,silver,14.53
2015-12-07,gold,1075.20
2015-12-07,silver,14.33
2015-12-08,gold,1075.30
2015-12-08,silver,14.12
2015-12-09,gold,1076.50
2015-12-09,silver,14.19
2015-12-10,gold,1072.00
2015-12-10,silver,14.11
2015-12-11,gold,1075.70
2015-12-11,silver,13.88
2015-12-14,gold,1063.40
2015-12-14,silver,13.70
2015-12-15,gold,1061.60
2015-12-15,silver,13.77
2015-12-16,gold,1076.80
2015-12-16,silver,14.25
2015-12-17,gold,1049.60
2015-12-17,silver,13.70
2015-12-18,gold,1065.00
2015-12-18,silver,14.10
2015-12-21,gold,1080.60
2015-12-21,silver,14.31
2015-12-22,gold,1074.10
2015-12-22,silver,14.31
2015-12-23,gold,1068.30
2015-12-23,silver,14.29
2015-12-24,gold,1075.90
2015-12-24,silver,14.38
2015-12-25,gold,1075.90
2015-12-25,silver,14.38
2015-12-28,gold,1068.30
2015-12-28,silver,13.88
2015-12-29,gold,1068.00
2015-12-29,silver,13.93
2015-12-30,gold,1059.80
2015-12-30,silver,13.83
2015-12-31,gold,1060.20
2015-12-31,silver,13.80
2016-01-01,gold,70437.53
2016-01-04,gold,1075.20
2016-01-04,silver,13.84
2016-01-05,gold,1078.40
2016-01-05,silver,13.97
2016-01-06,gold,1091.90
2016-01-06,silver,13.98
2016-01-07,gold,1107.80
2016-01-07,silver,14.34
2016-01-08,gold,1097.90
2016-01-08,silver,13.92
2016-01-11,gold,1096.20
2016-01-11,silver,13.87
2016-01-12,gold,1085.20
2016-01-12,silver,13.75
2016-01-13,gold,1087.10
2016-01-13,silver,14.16
2016-01-14,gold,1073.60
2016-01-14,silver,13.75
2016-01-15,gold,1090.70
2016-01-15,silver,13.90
2016-01-18,gold,73698.87
2016-01-19,gold,1089.10
2016-01-19,silver,14.12
2016-01-20,gold,1106.20
2016-01-20,silver,14.16
2016-01-21,gold,1098.20
2016-01-21,silver,14.09
2016-01-22,gold,1096.30
2016-01-22,silver,14.06
2016-01-25,gold,1105.30
2016-01-25,silver,14.25
2016-01-26,gold,1120.60
2016-01-26,silver,14.56
2016-01-27,gold,1116.30
2016-01-27,silver,14.46
2016-01-28,gold,1116.10
2016-01-28,silver,14.23
2016-01-29,gold,1116.40
2016-01-29,silver,14.24
2016-02-01,gold,1128.00
2016-02-01,silver,14.34
2016-02-02,gold,1127.20
2016-02-02,silver,14.29
2016-02-03,gold,1141.30
2016-02-03,silver,14.73
2016-02-04,gold,1157.50
2016-02-04,silver,14.85
2016-02-05,gold,1157.70
2016-02-05,silver,14.78
2016-02-08,gold,1197.90
2016-02-08,silver,15.43
2016-02-09,gold,1198.60
2016-02-09,silver,15.45
2016-02-10,gold,1194.60
2016-02-10,silver,15.28
2016-02-11,gold,1247.80
2016-02-11,silver,15.79
2016-02-12,gold,1239.40
2016-02-12,silver,15.79
2016-02-15,gold,82334.00
2016-02-16,gold,1208.20
2016-02-16,silver,15.33
2016-02-17,gold,1211.40
2016-02-17,silver,15.38
2016-02-18,gold,1226.30
2016-02-18,silver,15.43
2016-02-19,gold,1230.80
2016-02-19,silver,15.37
2016-02-22,gold,1210.10
2016-02-22,silver,15.22
2016-02-23,gold,1222.60
2016-02-23,silver,15.28
2016-02-24,gold,1239.10
2016-02-24,silver,15.33
2016-02-25,gold,1238.80
2016-02-25,silver,15.20
2016-02-26,gold,1220.40
2016-02-26,silver,14.71
2016-02-29,gold,1234.40
2016-02-29,silver,14.92
2016-03-01,gold,1230.80
2016-03-01,silver,14.76
2016-03-02,gold,1241.80
2016-03-02,silver,15.02
2016-03-03,gold,1258.20
2016-03-03,silver,15.15
2016-03-04,gold,1270.70
2016-03-04,silver,15.69
2016-03-07,gold,1264.00
2016-03-07,silver,15.63
2016-03-08,gold,1262.90
2016-03-08,silver,15.39
2016-03-09,gold,1257.40
2016-03-09,silver,15.37
2016-03-10,gold,1272.80
2016-03-10,silver,15.55
2016-03-11,gold,1259.40
2016-03-11,silver,15.61
2016-03-14,gold,1245.10
2016-03-14,silver,15.52
2016-03-15,gold,1231.00
2016-03-15,silver,15.26
2016-03-16,gold,1229.80
2016-03-16,silver,16.03
2016-03-17,gold,1265.00
2016-03-17,silver,16.03
2016-03-18,gold,1254.30
2016-03-18,silver,15.81
2016-03-21,gold,1244.20
2016-03-21,silver,15.85
2016-03-22,gold,1248.60
2016-03-22,silver,15.88
2016-03-23,gold,1225.60
2016-03-23,silver,15.27
2016-03-24,gold,1223.50
2016-03-24,silver,15.20
2016-03-25,gold,81630.32
2016-03-28,gold,1222.00
2016-03-28,silver,15.19
2016-03-29,gold,1237.50
2016-03-29,silver,15.23
2016-03-30,gold,1228.60
2016-03-30,silver,15.21
2016-03-31,gold,1235.60
2016-03-31,silver,15.46
2016-04-01,gold,1223.50
2016-04-01,silver,15.05
2016-04-04,gold,1219.30
2016-04-04,silver,14.94
2016-04-05,gold,1229.60
2016-04-05,silver,15.12
2016-04-06,gold,1223.80
2016-04-06,silver,15.05
2016-04-07,gold,1237.50
2016-04-07,silver,15.16
2016-04-08,gold,1243.80
2016-04-08,silver,15.38
2016-04-11,gold,1258.00
2016-04-11,silver,15.98
2016-04-12,gold,1260.90
2016-04-12,silver,16.22
2016-04-13,gold,1248.30
2016-04-13,silver,16.32
2016-04-14,gold,1226.50
2016-04-14,silver,16.17
2016-04-15,gold,1234.60
2016-04-15,silver,16.31
2016-04-18,gold,1235.00
2016-04-18,silver,16.25
2016-04-19,gold,1254.30
2016-04-19,silver,16.97
2016-04-20,gold,1254.40
2016-04-20,silver,17.14
2016-04-21,gold,1250.30
2016-04-21,silver,17.14
2016-04-22,gold,1230.00
2016-04-22,silver,16.95
2016-04-25,gold,1240.20
2016-04-25,silver,17.06
2016-04-26,gold,1243.40
2016-04-26,silver,17.16
2016-04-27,gold,1250.40
2016-04-27,silver,17.34
2016-04-28,gold,1266.40
2016-04-28,silver,17.59
2016-04-29,gold,1290.50
2016-04-29,silver,17.82
2016-05-02,gold,1295.80
2016-05-02,silver,17.68
2016-05-03,gold,1291.80
2016-05-03,silver,17.50
2016-05-04,gold,1274.40
2016-05-04,silver,17.30
2016-05-05,gold,1272.30
2016-05-05,silver,17.33
2016-05-06,gold,1294.00
2016-05-06,silver,17.53
2016-05-09,gold,1266.60
2016-05-09,silver,17.09
2016-05-10,gold,1264.80
2016-05-10,silver,17.09
2016-05-11,gold,1275.50
2016-05-11,silver,17.32
2016-05-12,gold,1271.20
2016-05-12,silver,17.10
2016-05-13,gold,1272.70
2016-05-13,silver,17.13
2016-05-16,gold,1274.20
2016-05-16,silver,17.15
2016-05-17,gold,1276.90
2016-05-17,silver,17.25
2016-05-18,gold,1274.40
2016-05-18,silver,17.13
2016-05-19,gold,1254.80
2016-05-19,silver,16.49
2016-05-20,gold,1252.90
2016-05-20,silver,16.53
2016-05-23,gold,1251.50
2016-05-23,silver,16.42
2016-05-24,gold,1232.20
2016-05-24,silver,16.25
2016-05-25,gold,1226.60
2016-05-25,silver,16.26
2016-05-26,gold,1222.70
2016-05-26,silver,16.34
2016-05-27,gold,1216.70
2016-05-27,silver,16.27
2016-05-30,gold,81433.53
2016-05-31,gold,1217.50
2016-05-31,silver,15.99
2016-06-01,gold,1214.70
2016-06-01,silver,15.93
2016-06-02,gold,1212.60
2016-06-02,silver,16.02
2016-06-03,gold,1242.90
2016-06-03,silver,16.36
2016-06-06,gold,1247.40
2016-06-06,silver,16.45
2016-06-07,gold,1247.00
2016-06-07,silver,16.39
2016-06-08,gold,1262.30
2016-06-08,silver,16.98
2016-06-09,gold,1272.70
2016-06-09,silver,17.27
2016-06-10,gold,1275.90
2016-06-10,silver,17.33
2016-06-13,gold,1286.90
2016-06-13,silver,17.44
2016-06-14,gold,1288.10
2016-06-14,silver,17.42
2016-06-15,gold,1288.30
2016-06-15,silver,17.50
2016-06-16,gold,1298.40
2016-06-16,silver,17.61
2016-06-17,gold,1294.80
2016-06-17,silver,17.41
2016-06-20,gold,1292.10
2016-06-20,silver,17.51
2016-06-21,gold,1272.50
2016-06-21,silver,17.32
2016-06-22,gold,1270.00
2016-06-22,silver,17.31
2016-06-23,gold,1263.10
2016-06-23,silver,17.35
2016-06-24,gold,1322.40
2016-06-24,silver,17.79
2016-06-27,gold,1324.70
2016-06-27,silver,17.74
2016-06-28,gold,1317.90
2016-06-28,silver,17.84
2016-06-29,gold,1326.90
2016-06-29,silver,18.36
2016-06-30,gold,1320.60
2016-06-30,silver,18.58
2016-07-01,gold,1339.00
2016-07-01,silver,19.59
2016-07-04,gold,90874.41
2016-07-05,gold,1358.70
2016-07-05,silver,19.91
2016-07-06,gold,1367.10
2016-07-06,silver,20.20
2016-07-07,gold,1362.10
2016-07-07,silver,19.84
2016-07-08,gold,1358.40
2016-07-08,silver,20.10
2016-07-11,gold,1356.60
2016-07-11,silver,20.30
2016-07-12,gold,1335.30
2016-07-12,silver,20.17
2016-07-13,gold,1332.20
2016-07-13,silver,20.41
2016-07-14,gold,1327.40
2016-07-14,silver,20.32
2016-07-15,gold,1327.40
2016-07-15,silver,20.16
2016-07-18,gold,1329.30
2016-07-18,silver,20.07
2016-07-19,gold,1332.30
2016-07-19,silver,20.01
2016-07-20,gold,1319.30
2016-07-20,silver,19.61
2016-07-21,gold,1331.00
2016-07-21,silver,19.82
2016-07-22,gold,1323.40
2016-07-22,silver,19.69
2016-07-25,gold,1319.50
2016-07-25,silver,19.65
2016-07-26,gold,1320.80
2016-07-26,silver,19.68
2016-07-27,gold,1326.70
2016-07-27,silver,20.00
2016-07-28,gold,1332.30
2016-07-28,silver,20.19
2016-07-29,gold,1349.00
2016-07-29,silver,20.35
2016-08-01,gold,1359.60
2016-08-01,silver,20.50
2016-08-02,gold,1372.60
2016-08-02,silver,20.70
2016-08-03,gold,1364.70
2016-08-03,silver,20.47
2016-08-04,gold,1367.40
2016-08-04,silver,20.44
2016-08-05,gold,1344.40
2016-08-05,silver,19.82
2016-08-08,gold,1341.30
2016-08-08,silver,19.80
2016-08-09,gold,1346.70
2016-08-09,silver,19.85
2016-08-10,gold,1351.90
2016-08-10,silver,20.17
2016-08-11,gold,1350.00
2016-08-11,silver,20.02
2016-08-12,gold,1343.20
2016-08-12,silver,19.70
2016-08-15,gold,1347.50
2016-08-15,silver,19.85
2016-08-16,gold,1356.90
2016-08-16,silver,19.87
2016-08-17,gold,1348.80
2016-08-17,silver,19.65
2016-08-18,gold,1357.20
2016-08-18,silver,19.74
2016-08-19,gold,1346.20
2016-08-19,silver,19.32
2016-08-22,gold,1343.40
2016-08-22,silver,18.86
2016-08-23,gold,1346.10
2016-08-23,silver,18.92
2016-08-24,gold,1329.70
2016-08-24,silver,18.56
2016-08-25,gold,1324.60
2016-08-25,silver,18.49
2016-08-26,gold,1325.90
2016-08-26,silver,18.65
2016-08-29,gold,1327.10
2016-08-29,silver,18.77
2016-08-30,gold,1316.50
2016-08-30,silver,18.58
2016-08-31,gold,1311.40
2016-08-31,silver,18.62
2016-09-01,gold,1317.10
2016-09-01,silver,18.94
2016-09-02,gold,1354.00
2016-09-02,silver,20.14
2016-09-05,gold,88312.10
2016-09-06,gold,1349.20
2016-09-06,silver,19.85
2016-09-07,gold,1349.20
2016-09-07,silver,19.85
2016-09-08,gold,1341.60
2016-09-08,silver,19.68
2016-09-09,gold,1334.50
2016-09-09,silver,19.37
2016-09-12,gold,1325.60
2016-09-12,silver,19.00
2016-09-13,gold,1323.70
2016-09-13,silver,18.98
2016-09-14,gold,1326.10
2016-09-14,silver,19.07
2016-09-15,gold,1318.00
2016-09-15,silver,19.04
2016-09-16,gold,1310.20
2016-09-16,silver,18.86
2016-09-19,gold,1317.80
2016-09-19,silver,19.29
2016-09-20,gold,1318.20
2016-09-20,silver,19.28
2016-09-21,gold,1331.40
2016-09-21,silver,19.77
2016-09-22,gold,1344.70
2016-09-22,silver,20.10
2016-09-23,gold,1341.70
2016-09-23,silver,19.81
2016-09-26,gold,1344.10
2016-09-26,silver,19.60
2016-09-27,gold,1330.40
2016-09-27,silver,19.16
2016-09-28,gold,1323.70
2016-09-28,silver,19.12
2016-09-29,gold,1326.00
2016-09-29,silver,19.19
2016-09-30,gold,1317.10
2016-09-30,silver,19.21
2016-10-03,gold,1312.70
2016-10-03,silver,18.87
2016-10-04,gold,1269.70
2016-10-04,silver,17.77
2016-10-05,gold,1268.60
2016-10-05,silver,17.70
2016-10-06,gold,1253.00
2016-10-06,silver,17.34
2016-10-07,gold,1251.90
2016-10-07,silver,17.38
2016-10-10,gold,1260.40
2016-10-10,silver,17.66
2016-10-11,gold,1255.90
2016-10-11,silver,17.51
2016-10-12,gold,1253.80
2016-10-12,silver,17.50
2016-10-13,gold,1257.60
2016-10-13,silver,17.46
2016-10-14,gold,1255.50
2016-10-14,silver,17.44
2016-10-17,gold,1256.60
2016-10-17,silver,17.47
2016-10-18,gold,1262.90
2016-10-18,silver,17.64
2016-10-19,gold,1269.90
2016-10-19,silver,17.66
2016-10-20,gold,1267.50
2016-10-20,silver,17.55
2016-10-21,gold,1267.70
2016-10-21,silver,17.49
2016-10-24,gold,1263.70
2016-10-24,silver,17.60
2016-10-25,gold,1273.60
2016-10-25,silver,17.78
2016-10-26,gold,1266.60
2016-10-26,silver,17.63
2016-10-27,gold,1269.50
2016-10-27,silver,17.64
2016-10-28,gold,1276.80
2016-10-28,silver,17.80
2016-10-31,gold,1273.10
2016-10-31,silver,17.80
2016-11-01,gold,1288.00
2016-11-01,silver,18.42
2016-11-02,gold,1308.20
2016-11-02,silver,18.69
2016-11-03,gold,1303.30
2016-11-03,silver,18.42
2016-11-04,gold,1304.50
2016-11-04,silver,18.37
2016-11-07,gold,1279.40
2016-11-07,silver,18.15
2016-11-08,gold,1274.50
2016-11-08,silver,18.36
2016-11-09,gold,1273.50
2016-11-09,silver,18.38
2016-11-10,gold,1266.40
2016-11-10,silver,18.74
2016-11-11,gold,1224.30
2016-11-11,silver,17.38
2016-11-14,gold,1221.70
2016-11-14,silver,16.89
2016-11-15,gold,1224.50
2016-11-15,silver,17.04
2016-11-16,gold,1223.90
2016-11-16,silver,16.93
2016-11-17,gold,1216.90
2016-11-17,silver,16.77
2016-11-18,gold,1208.70
2016-11-18,silver,16.72
2016-11-21,gold,1209.80
2016-11-21,silver,16.62
2016-11-22,gold,1211.20
2016-11-22,silver,16.73
2016-11-23,gold,1192.40
2016-11-23,silver,16.48
2016-11-24,gold,81571.18
2016-11-25,gold,1181.00
2016-11-25,silver,16.55
2016-11-28,gold,1193.80
2016-11-28,silver,16.68
2016-11-29,gold,1190.80
2016-11-29,silver,16.74
2016-11-30,gold,1173.90
2016-11-30,silver,16.48
2016-12-01,gold,1169.40
2016-12-01,silver,16.51
2016-12-02,gold,1177.80
2016-12-02,silver,16.83
2016-12-05,gold,1176.50
2016-12-05,silver,16.90
2016-12-06,gold,1170.10
2016-12-06,silver,16.81
2016-12-07,gold,1177.50
2016-12-07,silver,17.27
2016-12-08,gold,1172.40
2016-12-08,silver,17.10
2016-12-09,gold,1161.90
2016-12-09,silver,16.97
2016-12-12,gold,1165.80
2016-12-12,silver,17.19
2016-12-13,gold,1159.00
2016-12-13,silver,16.98
2016-12-14,gold,1163.70
2016-12-14,silver,17.22
2016-12-15,gold,1129.80
2016-12-15,silver,15.96
2016-12-16,gold,1137.40
2016-12-16,silver,16.21
2016-12-19,gold,1142.70
2016-12-19,silver,16.09
2016-12-20,gold,1133.60
2016-12-20,silver,16.12
2016-12-21,gold,1133.20
2016-12-21,silver,15.98
2016-12-22,gold,1133.60
2016-12-22,silver,15.76
2016-12-23,gold,1133.60
2016-12-23,silver,15.76
2016-12-26,gold,76810.75
2016-12-27,gold,1138.80
2016-12-27,silver,15.99
2016-12-28,gold,1140.90
2016-12-28,silver,16.04
2016-12-29,gold,1158.10
2016-12-29,silver,16.22
2016-12-30,gold,1151.70
2016-12-30,silver,15.99
2017-01-02,gold,77866.77
2017-01-03,gold,1162.00
2017-01-03,silver,16.41
2017-01-04,gold,1165.30
2017-01-04,silver,16.55
2017-01-05,gold,1181.30
2017-01-05,silver,16.64
2017-01-06,gold,1173.40
2017-01-06,silver,16.52
2017-01-09,gold,1184.90
2017-01-09,silver,16.68
2017-01-10,gold,1185.50
2017-01-10,silver,16.85
2017-01-11,gold,1196.60
2017-01-11,silver,16.83
2017-01-12,gold,1199.80
2017-01-12,silver,16.82
2017-01-13,gold,1196.20
2017-01-13,silver,16.77
2017-01-16,gold,81957.98
2017-01-17,gold,1212.90
2017-01-17,silver,17.15
2017-01-18,gold,1212.10
2017-01-18,silver,17.27
2017-01-19,gold,1201.50
2017-01-19,silver,17.00
2017-01-20,gold,1204.90
2017-01-20,silver,17.03
2017-01-23,gold,1215.60
2017-01-23,silver,17.19
2017-01-24,gold,1210.80
2017-01-24,silver,17.18
2017-01-25,gold,1200.50
2017-01-25,silver,16.98
2017-01-26,gold,1192.50
2017-01-26,silver,16.85
2017-01-27,gold,1191.10
2017-01-27,silver,17.14
2017-01-30,gold,1196.00
2017-01-30,silver,17.15
2017-01-31,gold,1211.40
2017-01-31,silver,17.54
2017-02-01,gold,1208.30
2017-02-01,silver,17.45
2017-02-02,gold,1219.40
2017-02-02,silver,17.43
2017-02-03,gold,1220.80
2017-02-03,silver,17.48
2017-02-06,gold,1232.10
2017-02-06,silver,17.69
2017-02-07,gold,1236.10
2017-02-07,silver,17.76
2017-02-08,gold,1239.50
2017-02-08,silver,17.70
2017-02-09,gold,1236.80
2017-02-09,silver,17.74
2017-02-10,gold,1235.90
2017-02-10,silver,17.93
2017-02-13,gold,1225.80
2017-02-13,silver,17.82
2017-02-14,gold,1225.40
2017-02-14,silver,17.89
2017-02-15,gold,1233.10
2017-02-15,silver,17.96
2017-02-16,gold,1241.60
2017-02-16,silver,18.07
2017-02-17,gold,1239.10
2017-02-17,silver,18.10
2017-02-20,gold,82837.24
2017-02-21,gold,1238.90
2017-02-21,silver,18.07
2017-02-22,gold,1233.30
2017-02-22,silver,18.02
2017-02-23,gold,1251.40
2017-02-23,silver,18.18
2017-02-24,gold,1258.30
2017-02-24,silver,18.41
2017-02-27,gold,1258.80
2017-02-27,silver,18.42
2017-02-28,gold,1253.90
2017-02-28,silver,18.47
2017-03-01,gold,1250.00
2017-03-01,silver,18.49
2017-03-02,gold,1232.90
2017-03-02,silver,17.75
2017-03-03,gold,1226.50
2017-03-03,silver,17.74
2017-03-06,gold,1225.50
2017-03-06,silver,17.77
2017-03-07,gold,1216.10
2017-03-07,silver,17.54
2017-03-08,gold,1209.40
2017-03-08,silver,17.30
2017-03-09,gold,1203.20
2017-03-09,silver,17.04
2017-03-10,gold,1201.40
2017-03-10,silver,16.92
2017-03-13,gold,1203.10
2017-03-13,silver,16.97
2017-03-14,gold,1202.60
2017-03-14,silver,16.92
2017-03-15,gold,1200.70
2017-03-15,silver,16.92
2017-03-16,gold,1227.10
2017-03-16,silver,17.33
2017-03-17,gold,1230.20
2017-03-17,silver,17.41
2017-03-20,gold,1234.00
2017-03-20,silver,17.44
2017-03-21,gold,1246.50
2017-03-21,silver,17.58
2017-03-22,gold,1249.70
2017-03-22,silver,17.58
2017-03-23,gold,1250.10
2017-03-23,silver,17.59
2017-03-24,gold,1251.70
2017-03-24,silver,17.75
2017-03-27,gold,1258.80
2017-03-27,silver,18.11
2017-03-28,gold,1258.80
2017-03-28,silver,18.25
2017-03-29,gold,1256.80
2017-03-29,silver,18.25
2017-03-30,gold,1248.00
2017-03-30,silver,18.21
2017-03-31,gold,1251.20
2017-03-31,silver,18.26
2017-04-03,gold,1254.00
2017-04-03,silver,18.21
2017-04-04,gold,1258.40
2017-04-04,silver,18.32
2017-04-05,gold,1248.50
2017-04-05,silver,18.19
2017-04-06,gold,1253.30
2017-04-06,silver,18.25
2017-04-07,gold,1257.30
2017-04-07,silver,18.15
2017-04-10,gold,1253.90
2017-04-10,silver,17.91
2017-04-11,gold,1274.20
2017-04-11,silver,18.25
2017-04-12,gold,1278.10
2017-04-12,silver,18.30
2017-04-13,gold,1288.50
2017-04-13,silver,18.51
2017-04-14,gold,82801.99
2017-04-17,gold,1291.90
2017-04-17,silver,18.51
2017-04-18,gold,1294.10
2017-04-18,silver,18.27
2017-04-19,gold,1283.40
2017-04-19,silver,18.16
2017-04-20,gold,1283.80
2017-04-20,silver,18.02
2017-04-21,gold,1289.10
2017-04-21,silver,17.94
2017-04-24,gold,1277.50
2017-04-24,silver,17.93
2017-04-25,gold,1267.20
2017-04-25,silver,17.66
2017-04-26,gold,1264.20
2017-04-26,silver,17.43
2017-04-27,gold,1265.90
2017-04-27,silver,17.33
2017-04-28,gold,1268.30
2017-04-28,silver,17.26
2017-05-01,gold,1255.50
2017-05-01,silver,16.84
2017-05-02,gold,1257.00
2017-05-02,silver,16.83
2017-05-03,gold,1248.50
2017-05-03,silver,16.55
2017-05-04,gold,1228.60
2017-05-04,silver,16.30
2017-05-05,gold,1226.90
2017-05-05,silver,16.27
2017-05-08,gold,1227.10
2017-05-08,silver,16.26
2017-05-09,gold,1216.10
2017-05-09,silver,16.07
2017-05-10,gold,1218.90
2017-05-10,silver,16.21
2017-05-11,gold,1224.20
2017-05-11,silver,16.27
2017-05-12,gold,1227.70
2017-05-12,silver,16.40
2017-05-15,gold,1230.00
2017-05-15,silver,16.60
2017-05-16,gold,1236.40
2017-05-16,silver,16.75
2017-05-17,gold,1258.70
2017-05-17,silver,16.91
2017-05-18,gold,1252.80
2017-05-18,silver,16.67
2017-05-19,gold,1253.60
2017-05-19,silver,16.80
2017-05-22,gold,1261.40
2017-05-22,silver,17.19
2017-05-23,gold,1255.50
2017-05-23,silver,17.14
2017-05-24,gold,1253.10
2017-05-24,silver,17.12
2017-05-25,gold,1259.80
2017-05-25,silver,17.19
2017-05-26,gold,1271.40
2017-05-26,silver,17.32
2017-05-29,gold,81690.60
2017-05-30,gold,1265.70
2017-05-30,silver,17.43
2017-05-31,gold,1275.40
2017-05-31,silver,17.41
2017-06-01,gold,1270.10
2017-06-01,silver,17.28
2017-06-02,gold,1280.20
2017-06-02,silver,17.52
2017-06-05,gold,1282.70
2017-06-05,silver,17.58
2017-06-06,gold,1297.50
2017-06-06,silver,17.71
2017-06-07,gold,1293.20
2017-06-07,silver,17.62
2017-06-08,gold,1279.50
2017-06-08,silver,17.41
2017-06-09,gold,1271.40
2017-06-09,silver,17.22
2017-06-12,gold,1268.90
2017-06-12,silver,16.94
2017-06-13,gold,1268.60
2017-06-13,silver,16.77
2017-06-14,gold,1275.90
2017-06-14,silver,17.14
2017-06-15,gold,1254.60
2017-06-15,silver,16.72
2017-06-16,gold,1256.50
2017-06-16,silver,16.66
2017-06-19,gold,1246.70
2017-06-19,silver,16.50
2017-06-20,gold,1243.50
2017-06-20,silver,16.42
2017-06-21,gold,1245.80
2017-06-21,silver,16.37
2017-06-22,gold,1249.40
2017-06-22,silver,16.57
2017-06-23,gold,1256.40
2017-06-23,silver,16.71
2017-06-26,gold,1246.40
2017-06-26,silver,16.63
2017-06-27,gold,1246.90
2017-06-27,silver,16.65
2017-06-28,gold,1249.10
2017-06-28,silver,16.79
2017-06-29,gold,1245.80
2017-06-29,silver,16.65
2017-06-30,gold,1242.30
2017-06-30,silver,16.63
2017-07-03,gold,1219.20
2017-07-03,silver,16.09
2017-07-04,gold,79242.71
2017-07-05,gold,1221.70
2017-07-05,silver,15.90
2017-07-06,gold,1223.30
2017-07-06,silver,15.98
2017-07-07,gold,1209.70
2017-07-07,silver,15.43
2017-07-10,gold,1213.20
2017-07-10,silver,15.63
2017-07-11,gold,1214.70
2017-07-11,silver,15.74
2017-07-12,gold,1219.10
2017-07-12,silver,15.89
2017-07-13,gold,1217.30
2017-07-13,silver,15.69
2017-07-14,gold,1227.50
2017-07-14,silver,15.93
2017-07-17,gold,1233.70
2017-07-17,silver,16.10
2017-07-18,gold,1241.90
2017-07-18,silver,16.27
2017-07-19,gold,1242.00
2017-07-19,silver,16.30
2017-07-20,gold,1245.50
2017-07-20,silver,16.34
2017-07-21,gold,1261.00
2017-07-21,silver,16.46
2017-07-24,gold,1260.70
2017-07-24,silver,16.44
2017-07-25,gold,1258.50
2017-07-25,silver,16.54
2017-07-26,gold,1255.60
2017-07-26,silver,16.46
2017-07-27,gold,1266.50
2017-07-27,silver,16.57
2017-07-28,gold,1275.30
2017-07-28,silver,16.70
2017-07-31,gold,1273.40
2017-07-31,silver,16.79
2017-08-01,gold,1279.40
2017-08-01,silver,16.76
2017-08-02,gold,1278.40
2017-08-02,silver,16.73
2017-08-03,gold,1274.40
2017-08-03,silver,16.63
2017-08-04,gold,1264.60
2017-08-04,silver,16.25
2017-08-07,gold,1264.70
2017-08-07,silver,16.25
2017-08-08,gold,1262.60
2017-08-08,silver,16.39
2017-08-09,gold,1279.30
2017-08-09,silver,16.86
2017-08-10,gold,1290.10
2017-08-10,silver,17.07
2017-08-11,gold,1294.00
2017-08-11,silver,17.07
2017-08-14,gold,1290.40
2017-08-14,silver,17.12
2017-08-15,gold,1279.70
2017-08-15,silver,16.71
2017-08-16,gold,1282.90
2017-08-16,silver,16.94
2017-08-17,gold,1292.40
2017-08-17,silver,17.05
2017-08-18,gold,1291.60
2017-08-18,silver,17.00
2017-08-21,gold,1296.70
2017-08-21,silver,17.02
2017-08-22,gold,1291.00
2017-08-22,silver,16.98
2017-08-23,gold,1294.70
2017-08-23,silver,17.13
2017-08-24,gold,1292.00
2017-08-24,silver,17.05
2017-08-25,gold,1297.90
2017-08-25,silver,17.13
2017-08-28,gold,1315.30
2017-08-28,silver,17.53
2017-08-29,gold,1318.90
2017-08-29,silver,17.52
2017-08-30,gold,1314.10
2017-08-30,silver,17.50
2017-08-31,gold,1322.20
2017-08-31,silver,17.57
2017-09-01,gold,1330.40
2017-09-01,silver,17.82
2017-09-04,gold,85331.73
2017-09-05,gold,1344.50
2017-09-05,silver,17.94
2017-09-06,gold,1339.00
2017-09-06,silver,17.91
2017-09-07,gold,1350.30
2017-09-07,silver,18.12
2017-09-08,gold,1351.20
2017-09-08,silver,18.12
2017-09-11,gold,1335.70
2017-09-11,silver,17.90
2017-09-12,gold,1332.70
2017-09-12,silver,17.89
2017-09-13,gold,1328.00
2017-09-13,silver,17.87
2017-09-14,gold,1329.30
2017-09-14,silver,17.79
2017-09-15,gold,1325.20
2017-09-15,silver,17.70
2017-09-18,gold,1310.80
2017-09-18,silver,17.16
2017-09-19,gold,1310.60
2017-09-19,silver,17.28
2017-09-20,gold,1316.40
2017-09-20,silver,17.33
2017-09-21,gold,1294.80
2017-09-21,silver,17.02
2017-09-22,gold,1297.50
2017-09-22,silver,16.98
2017-09-25,gold,1311.50
2017-09-25,silver,17.15
2017-09-26,gold,1301.70
2017-09-26,silver,16.88
2017-09-27,gold,1287.80
2017-09-27,silver,16.83
2017-09-28,gold,1288.70
2017-09-28,silver,16.85
2017-09-29,gold,1284.80
2017-09-29,silver,16.68
2017-10-02,gold,1275.80
2017-10-02,silver,16.65
2017-10-03,gold,1274.60
2017-10-03,silver,16.65
2017-10-04,gold,1276.80
2017-10-04,silver,16.62
2017-10-05,gold,1273.20
2017-10-05,silver,16.64
2017-10-06,gold,1274.90
2017-10-06,silver,16.79
2017-10-09,gold,1285.00
2017-10-09,silver,16.97
2017-10-10,gold,1293.80
2017-10-10,silver,17.21
2017-10-11,gold,1288.90
2017-10-11,silver,17.13
2017-10-12,gold,1296.50
2017-10-12,silver,17.27
2017-10-13,gold,1304.60
2017-10-13,silver,17.41
2017-10-16,gold,1303.00
2017-10-16,silver,17.37
2017-10-17,gold,1286.20
2017-10-17,silver,17.04
2017-10-18,gold,1283.00
2017-10-18,silver,17.00
2017-10-19,gold,1290.00
2017-10-19,silver,17.25
2017-10-20,gold,1280.50
2017-10-20,silver,17.08
2017-10-23,gold,1280.90
2017-10-23,silver,17.07
2017-10-24,gold,1278.30
2017-10-24,silver,16.97
2017-10-25,gold,1279.00
2017-10-25,silver,16.93
2017-10-26,gold,1269.60
2017-10-26,silver,16.81
2017-10-27,gold,1271.80
2017-10-27,silver,16.75
2017-10-30,gold,1277.70
2017-10-30,silver,16.85
2017-10-31,gold,1270.50
2017-10-31,silver,16.69
2017-11-01,gold,1277.30
2017-11-01,silver,17.18
2017-11-02,gold,1278.10
2017-11-02,silver,17.14
2017-11-03,gold,1269.20
2017-11-03,silver,16.83
2017-11-06,gold,1281.60
2017-11-06,silver,17.23
2017-11-07,gold,1275.80
2017-11-07,silver,16.94
2017-11-08,gold,1283.70
2017-11-08,silver,17.14
2017-11-09,gold,1287.50
2017-11-09,silver,16.98
2017-11-10,gold,1274.20
2017-11-10,silver,16.87
2017-11-13,gold,1278.90
2017-11-13,silver,17.05
2017-11-14,gold,1282.90
2017-11-14,silver,17.07
2017-11-15,gold,1277.70
2017-11-15,silver,16.97
2017-11-16,gold,1278.20
2017-11-16,silver,17.07
2017-11-17,gold,1296.50
2017-11-17,silver,17.37
2017-11-20,gold,1275.30
2017-11-20,silver,16.84
2017-11-21,gold,1281.70
2017-11-21,silver,16.96
2017-11-22,gold,1296.80
2017-11-22,silver,17.22
2017-11-23,gold,83317.90
2017-11-24,gold,1291.80
2017-11-24,silver,17.09
2017-11-27,gold,1298.90
2017-11-27,silver,17.12
2017-11-28,gold,1299.20
2017-11-28,silver,16.92
2017-11-29,gold,1286.20
2017-11-29,silver,16.56
2017-11-30,gold,1276.70
2017-11-30,silver,16.47
2017-12-01,gold,1282.30
2017-12-01,silver,16.39
2017-12-04,gold,1277.70
2017-12-04,silver,16.37
2017-12-05,gold,1264.90
2017-12-05,silver,16.07
2017-12-06,gold,1266.10
2017-12-06,silver,15.96
2017-12-07,gold,1253.10
2017-12-07,silver,15.80
2017-12-08,gold,1248.40
2017-12-08,silver,15.82
2017-12-11,gold,1246.90
2017-12-11,silver,15.79
2017-12-12,gold,1241.70
2017-12-12,silver,15.67
2017-12-13,gold,1248.60
2017-12-13,silver,15.87
2017-12-14,gold,1257.10
2017-12-14,silver,15.93
2017-12-15,gold,1257.50
2017-12-15,silver,16.06
2017-12-18,gold,1265.50
2017-12-18,silver,16.20
2017-12-19,gold,1264.20
2017-12-19,silver,16.15
2017-12-20,gold,1269.60
2017-12-20,silver,16.27
2017-12-21,gold,1270.60
2017-12-21,silver,16.24
2017-12-22,gold,1278.80
2017-12-22,silver,16.44
2017-12-25,gold,80943.85
2017-12-26,gold,1287.50
2017-12-26,silver,16.60
2017-12-27,gold,1291.40
2017-12-27,silver,16.76
2017-12-28,gold,1297.20
2017-12-28,silver,16.92
2017-12-29,gold,1309.30
2017-12-29,silver,17.14
2018-01-01,gold,82694.36
2018-01-02,gold,1316.10
2018-01-02,silver,17.21
2018-01-03,gold,1318.50
2018-01-03,silver,17.27
2018-01-04,gold,1321.60
2018-01-04,silver,17.27
2018-01-05,gold,1322.30
2018-01-05,silver,17.29
2018-01-08,gold,1320.40
2018-01-08,silver,17.14
2018-01-09,gold,1313.70
2018-01-09,silver,17.01
2018-01-10,gold,1319.30
2018-01-10,silver,17.04
2018-01-11,gold,1322.50
2018-01-11,silver,16.97
2018-01-12,gold,1334.90
2018-01-12,silver,17.14
2018-01-15,gold,85095.95
2018-01-16,gold,1337.10
2018-01-16,silver,17.19
2018-01-17,gold,1339.20
2018-01-17,silver,17.17
2018-01-18,gold,1327.20
2018-01-18,silver,16.95
2018-01-19,gold,1333.10
2018-01-19,silver,17.04
2018-01-22,gold,1331.90
2018-01-22,silver,16.99
2018-01-23,gold,1336.70
2018-01-23,silver,16.91
2018-01-24,gold,1361.40
2018-01-24,silver,17.49
2018-01-25,gold,1368.00
2018-01-25,silver,17.61
2018-01-26,gold,1357.20
2018-01-26,silver,17.44
2018-01-29,gold,1345.10
2018-01-29,silver,17.13
2018-01-30,gold,1340.00
2018-01-30,silver,17.06
2018-01-31,gold,1343.10
2018-01-31,silver,17.24
2018-02-01,gold,1347.90
2018-02-01,silver,17.16
2018-02-02,gold,1337.30
2018-02-02,silver,16.71
2018-02-05,gold,1336.50
2018-02-05,silver,16.67
2018-02-06,gold,1329.50
2018-02-06,silver,16.58
2018-02-07,gold,1314.60
2018-02-07,silver,16.24
2018-02-08,gold,1319.00
2018-02-08,silver,16.34
2018-02-09,gold,1315.70
2018-02-09,silver,16.14
2018-02-12,gold,1326.40
2018-02-12,silver,16.57
2018-02-13,gold,1330.40
2018-02-13,silver,16.53
2018-02-14,gold,1358.00
2018-02-14,silver,16.88
2018-02-15,gold,1355.30
2018-02-15,silver,16.80
2018-02-16,gold,1356.20
2018-02-16,silver,16.80
2018-02-19,gold,86711.61
2018-02-20,gold,1331.20
2018-02-20,silver,16.51
2018-02-21,gold,1332.10
2018-02-21,silver,16.68
2018-02-22,gold,1332.70
2018-02-22,silver,16.64
2018-02-23,gold,1330.30
2018-02-23,silver,16.55
2018-02-26,gold,1332.80
2018-02-26,silver,16.62
2018-02-27,gold,1315.50
2018-02-27,silver,16.35
2018-02-28,gold,1317.90
2018-02-28,silver,16.41
2018-03-01,gold,1305.20
2018-03-01,silver,16.28
2018-03-02,gold,1323.40
2018-03-02,silver,16.47
2018-03-05,gold,1319.90
2018-03-05,silver,16.41
2018-03-06,gold,1335.20
2018-03-06,silver,16.78
2018-03-07,gold,1327.60
2018-03-07,silver,16.49
2018-03-08,gold,1321.70
2018-03-08,silver,16.50
2018-03-09,gold,1324.00
2018-03-09,silver,16.61
2018-03-12,gold,1320.80
2018-03-12,silver,16.54
2018-03-13,gold,1327.10
2018-03-13,silver,16.63
2018-03-14,gold,1325.60
2018-03-14,silver,16.54
2018-03-15,gold,1317.80
2018-03-15,silver,16.42
2018-03-16,gold,1312.30
2018-03-16,silver,16.27
2018-03-19,gold,1317.80
2018-03-19,silver,16.32
2018-03-20,gold,1311.90
2018-03-20,silver,16.18
2018-03-21,gold,1321.50
2018-03-21,silver,16.42
2018-03-22,gold,1333.20
2018-03-22,silver,16.39
2018-03-23,gold,1355.70
2018-03-23,silver,16.58
2018-03-26,gold,1360.90
2018-03-26,silver,16.68
2018-03-27,gold,1347.90
2018-03-27,silver,16.54
2018-03-28,gold,1330.00
2018-03-28,silver,16.25
2018-03-29,gold,1327.30
2018-03-29,silver,16.27
2018-03-30,gold,86235.59
2018-04-02,gold,1352.90
2018-04-02,silver,16.67
2018-04-03,gold,1337.30
2018-04-03,silver,16.39
2018-04-04,gold,1340.20
2018-04-04,silver,16.25
2018-04-05,gold,1328.50
2018-04-05,silver,16.36
2018-04-06,gold,1336.10
2018-04-06,silver,16.36
2018-04-09,gold,1340.10
2018-04-09,silver,16.53
2018-04-10,gold,1345.90
2018-04-10,silver,16.60
2018-04-11,gold,1360.00
2018-04-11,silver,16.77
2018-04-12,gold,1341.90
2018-04-12,silver,16.47
2018-04-13,gold,1347.90
2018-04-13,silver,16.66
2018-04-16,gold,1350.70
2018-04-16,silver,16.68
2018-04-17,gold,1349.50
2018-04-17,silver,16.79
2018-04-18,gold,1353.50
2018-04-18,silver,17.25
2018-04-19,gold,1348.80
2018-04-19,silver,17.24
2018-04-20,gold,1338.30
2018-04-20,silver,17.16
2018-04-23,gold,1324.00
2018-04-23,silver,16.59
2018-04-24,gold,1333.00
2018-04-24,silver,16.79
2018-04-25,gold,1322.80
2018-04-25,silver,16.58
2018-04-26,gold,1317.90
2018-04-26,silver,16.57
2018-04-27,gold,1323.40
2018-04-27,silver,16.50
2018-04-30,gold,1319.20
2018-04-30,silver,16.40
2018-05-01,gold,1306.80
2018-05-01,silver,16.13
2018-05-02,gold,1305.60
2018-05-02,silver,16.38
2018-05-03,gold,1312.70
2018-05-03,silver,16.45
2018-05-04,gold,1314.70
2018-05-04,silver,16.52
2018-05-07,gold,1314.10
2018-05-07,silver,16.50
2018-05-08,gold,1313.70
2018-05-08,silver,16.47
2018-05-09,gold,1313.00
2018-05-09,silver,16.54
2018-05-10,gold,1322.30
2018-05-10,silver,16.76
2018-05-11,gold,1320.70
2018-05-11,silver,16.75
2018-05-14,gold,1318.20
2018-05-14,silver,16.64
2018-05-15,gold,1290.30
2018-05-15,silver,16.27
2018-05-16,gold,1291.50
2018-05-16,silver,16.37
2018-05-17,gold,1289.40
2018-05-17,silver,16.48
2018-05-18,gold,1291.30
2018-05-18,silver,16.45
2018-05-21,gold,1290.90
2018-05-21,silver,16.52
2018-05-22,gold,1297.40
2018-05-22,silver,16.57
2018-05-23,gold,1294.80
2018-05-23,silver,16.41
2018-05-24,gold,1309.80
2018-05-24,silver,16.69
2018-05-25,gold,1309.00
2018-05-25,silver,16.55
2018-05-28,gold,88377.30
2018-05-29,gold,1304.10
2018-05-29,silver,16.37
2018-05-30,gold,1306.50
2018-05-30,silver,16.54
2018-05-31,gold,1304.70
2018-05-31,silver,16.46
2018-06-01,gold,1299.30
2018-06-01,silver,16.44
2018-06-04,gold,1297.30
2018-06-04,silver,16.43
2018-06-05,gold,1302.20
2018-06-05,silver,16.54
2018-06-06,gold,1301.40
2018-06-06,silver,16.69
2018-06-07,gold,1303.00
2018-06-07,silver,16.82
2018-06-08,gold,1302.70
2018-06-08,silver,16.74
2018-06-11,gold,1303.20
2018-06-11,silver,16.95
2018-06-12,gold,1299.40
2018-06-12,silver,16.89
2018-06-13,gold,1301.30
2018-06-13,silver,16.99
2018-06-14,gold,1308.30
2018-06-14,silver,17.26
2018-06-15,gold,1278.50
2018-06-15,silver,16.48
2018-06-18,gold,1280.10
2018-06-18,silver,16.44
2018-06-19,gold,1278.60
2018-06-19,silver,16.32
2018-06-20,gold,1274.50
2018-06-20,silver,16.31
2018-06-21,gold,1270.50
2018-06-21,silver,16.33
2018-06-22,gold,1270.70
2018-06-22,silver,16.54
2018-06-25,gold,1268.90
2018-06-25,silver,16.41
2018-06-26,gold,1259.90
2018-06-26,silver,16.33
2018-06-27,gold,1256.10
2018-06-27,silver,16.24
2018-06-28,gold,1251.00
2018-06-28,silver,16.04
2018-06-29,gold,1254.50
2018-06-29,silver,16.20
2018-07-02,gold,1241.70
2018-07-02,silver,15.84
2018-07-03,gold,1253.50
2018-07-03,silver,16.04
2018-07-04,gold,86621.02
2018-07-05,gold,1258.80
2018-07-05,silver,16.10
2018-07-06,gold,1255.80
2018-07-06,silver,16.07
2018-07-09,gold,1259.60
2018-07-09,silver,16.14
2018-07-10,gold,1255.40
2018-07-10,silver,16.09
2018-07-11,gold,1244.40
2018-07-11,silver,15.82
2018-07-12,gold,1246.60
2018-07-12,silver,15.98
2018-07-13,gold,1241.20
2018-07-13,silver,15.81
2018-07-16,gold,1239.70
2018-07-16,silver,15.73
2018-07-17,gold,1227.30
2018-07-17,silver,15.62
2018-07-18,gold,1227.90
2018-07-18,silver,15.57
2018-07-19,gold,1224.00
2018-07-19,silver,15.40
2018-07-20,gold,1231.10
2018-07-20,silver,15.55
2018-07-23,gold,1234.40
2018-07-23,silver,15.37
2018-07-24,gold,1234.60
2018-07-24,silver,15.52
2018-07-25,gold,1241.00
2018-07-25,silver,15.59
2018-07-26,gold,1235.30
2018-07-26,silver,15.44
2018-07-27,gold,1232.70
2018-07-27,silver,15.49
2018-07-30,gold,1231.50
2018-07-30,silver,15.54
2018-07-31,gold,1233.60
2018-07-31,silver,15.56
2018-08-01,gold,1227.60
2018-08-01,silver,15.45
2018-08-02,gold,1210.60
2018-08-02,silver,15.33
2018-08-03,gold,1223.20
2018-08-03,silver,15.46
2018-08-06,gold,1208.60
2018-08-06,silver,15.29
2018-08-07,gold,1218.30
2018-08-07,silver,15.37
2018-08-08,gold,1221.00
2018-08-08,silver,15.43
2018-08-09,gold,1219.90
2018-08-09,silver,15.46
2018-08-10,gold,1219.00
2018-08-10,silver,15.29
2018-08-13,gold,1198.90
2018-08-13,silver,14.98
2018-08-14,gold,1193.00
2018-08-14,silver,15.03
2018-08-15,gold,1185.00
2018-08-15,silver,14.45
2018-08-16,gold,1184.00
2018-08-16,silver,14.71
2018-08-17,gold,1184.20
2018-08-17,silver,14.63
2018-08-20,gold,1194.60
2018-08-20,silver,14.67
2018-08-21,gold,1200.00
2018-08-21,silver,14.77
2018-08-22,gold,1203.30
2018-08-22,silver,14.85
2018-08-23,gold,1194.00
2018-08-23,silver,14.64
2018-08-24,gold,1213.30
2018-08-24,silver,14.90
2018-08-27,gold,1216.00
2018-08-27,silver,14.97
2018-08-28,gold,1207.40
2018-08-28,silver,14.77
2018-08-29,gold,1211.50
2018-08-29,silver,14.81
2018-08-30,gold,1205.00
2018-08-30,silver,14.59
2018-08-31,gold,1206.70
2018-08-31,silver,14.56
2018-09-03,gold,85413.56
2018-09-04,gold,1199.10
2018-09-04,silver,14.18
2018-09-05,gold,1201.30
2018-09-05,silver,14.22
2018-09-06,gold,1204.30
2018-09-06,silver,14.18
2018-09-07,gold,1200.40
2018-09-07,silver,14.17
2018-09-10,gold,1199.80
2018-09-10,silver,14.18
2018-09-11,gold,1202.20
2018-09-11,silver,14.15
2018-09-12,gold,1210.90
2018-09-12,silver,14.29
2018-09-13,gold,1208.20
2018-09-13,silver,14.24
2018-09-14,gold,1201.10
2018-09-14,silver,14.14
2018-09-17,gold,1205.80
2018-09-17,silver,14.22
2018-09-18,gold,1202.90
2018-09-18,silver,14.19
2018-09-19,gold,1202.20
2018-09-19,silver,14.19
2018-09-20,gold,1211.30
2018-09-20,silver,14.30
2018-09-21,gold,1201.30
2018-09-21,silver,14.36
2018-09-24,gold,1204.40
2018-09-24,silver,14.34
2018-09-25,gold,1205.10
2018-09-25,silver,14.49
2018-09-26,gold,1199.10
2018-09-26,silver,14.40
2018-09-27,gold,1182.30
2018-09-27,silver,14.20
2018-09-28,gold,1196.20
2018-09-28,silver,14.71
2018-10-01,gold,1191.70
2018-10-01,silver,14.51
2018-10-02,gold,1207.00
2018-10-02,silver,14.69
2018-10-03,gold,1202.90
2018-10-03,silver,14.67
2018-10-04,gold,1201.60
2018-10-04,silver,14.59
2018-10-05,gold,1205.60
2018-10-05,silver,14.65
2018-10-08,gold,1184.40
2018-10-08,silver,14.26
2018-10-09,gold,1191.50
2018-10-09,silver,14.40
2018-10-10,gold,1193.40
2018-10-10,silver,14.33
2018-10-11,gold,1227.60
2018-10-11,silver,14.61
2018-10-12,gold,1222.00
2018-10-12,silver,14.63
2018-10-15,gold,1226.40
2018-10-15,silver,14.66
2018-10-16,gold,1231.00
2018-10-16,silver,14.70
2018-10-17,gold,1227.40
2018-10-17,silver,14.66
2018-10-18,gold,1230.10
2018-10-18,silver,14.60
2018-10-19,gold,1228.70
2018-10-19,silver,14.65
2018-10-22,gold,1224.60
2018-10-22,silver,14.59
2018-10-23,gold,1236.80
2018-10-23,silver,14.79
2018-10-24,gold,1231.10
2018-10-24,silver,14.68
2018-10-25,gold,1232.40
2018-10-25,silver,14.63
2018-10-26,gold,1235.80
2018-10-26,silver,14.70
2018-10-29,gold,1227.60
2018-10-29,silver,14.44
2018-10-30,gold,1225.30
2018-10-30,silver,14.46
2018-10-31,gold,1215.00
2018-10-31,silver,14.28
2018-11-01,gold,1238.60
2018-11-01,silver,14.78
2018-11-02,gold,1233.30
2018-11-02,silver,14.76
2018-11-05,gold,1232.30
2018-11-05,silver,14.65
2018-11-06,gold,1226.30
2018-11-06,silver,14.50
2018-11-07,gold,1228.70
2018-11-07,silver,14.57
2018-11-08,gold,1225.10
2018-11-08,silver,14.42
2018-11-09,gold,1208.60
2018-11-09,silver,14.14
2018-11-12,gold,1201.30
2018-11-12,silver,13.97
2018-11-13,gold,1199.20
2018-11-13,silver,13.95
2018-11-14,gold,1210.10
2018-11-14,silver,14.08
2018-11-15,gold,1215.00
2018-11-15,silver,14.26
2018-11-16,gold,1223.00
2018-11-16,silver,14.38
2018-11-19,gold,1225.30
2018-11-19,silver,14.40
2018-11-20,gold,1221.20
2018-11-20,silver,14.27
2018-11-21,gold,1225.80
2018-11-21,silver,14.48
2018-11-22,gold,87114.54
2018-11-23,gold,1223.20
2018-11-23,silver,14.37
2018-11-26,gold,1228.70
2018-11-26,silver,14.34
2018-11-27,gold,1219.90
2018-11-27,silver,14.22
2018-11-28,gold,1229.80
2018-11-28,silver,14.46
2018-11-29,gold,1230.40
2018-11-29,silver,14.40
2018-11-30,gold,1226.00
2018-11-30,silver,14.22
2018-12-03,gold,1239.60
2018-12-03,silver,14.50
2018-12-04,gold,1246.60
2018-12-04,silver,14.64
2018-12-05,gold,1242.60
2018-12-05,silver,14.58
2018-12-06,gold,1243.60
2018-12-06,silver,14.51
2018-12-07,gold,1252.60
2018-12-07,silver,14.70
2018-12-10,gold,1249.40
2018-12-10,silver,14.61
2018-12-11,gold,1247.20
2018-12-11,silver,14.63
2018-12-12,gold,1250.00
2018-12-12,silver,14.85
2018-12-13,gold,1247.40
2018-12-13,silver,14.86
2018-12-14,gold,1241.40
2018-12-14,silver,14.64
2018-12-17,gold,1251.80
2018-12-17,silver,14.76
2018-12-18,gold,1253.60
2018-12-18,silver,14.70
2018-12-19,gold,1256.40
2018-12-19,silver,14.82
2018-12-20,gold,1267.90
2018-12-20,silver,14.87
2018-12-21,gold,1258.10
2018-12-21,silver,14.70
2018-12-24,gold,1271.80
2018-12-24,silver,14.82
2018-12-25,gold,88212.04
2018-12-26,gold,1273.00
2018-12-26,silver,15.12
2018-12-27,gold,1281.10
2018-12-27,silver,15.31
2018-12-28,gold,1283.00
2018-12-28,silver,15.44
2018-12-31,gold,1281.30
2018-12-31,silver,15.54
2019-01-01,gold,89408.50
2019-01-02,gold,1284.10
2019-01-02,silver,15.65
2019-01-03,gold,1294.80
2019-01-03,silver,15.80
2019-01-04,gold,1285.80
2019-01-04,silver,15.79
2019-01-07,gold,1289.90
2019-01-07,silver,15.76
2019-01-08,gold,1285.90
2019-01-08,silver,15.71
2019-01-09,gold,1292.00
2019-01-09,silver,15.73
2019-01-10,gold,1287.40
2019-01-10,silver,15.64
2019-01-11,gold,1289.50
2019-01-11,silver,15.66
2019-01-14,gold,1289.10
2019-01-14,silver,15.61
2019-01-15,gold,1288.40
2019-01-15,silver,15.62
2019-01-16,gold,1293.80
2019-01-16,silver,15.64
2019-01-17,gold,1292.30
2019-01-17,silver,15.54
2019-01-18,gold,1282.60
2019-01-18,silver,15.40
2019-01-21,gold,91100.76
2019-01-22,gold,1283.40
2019-01-22,silver,15.32
2019-01-23,gold,1290.20
2019-01-23,silver,15.38
2019-01-24,gold,1285.90
2019-01-24,silver,15.30
2019-01-25,gold,1304.20
2019-01-25,silver,15.70
2019-01-28,gold,1309.30
2019-01-28,silver,15.77
2019-01-29,gold,1315.20
2019-01-29,silver,15.84
2019-01-30,gold,1315.50
2019-01-30,silver,15.93
2019-01-31,gold,1325.20
2019-01-31,silver,16.07
2019-02-01,gold,1322.10
2019-02-01,silver,15.93
2019-02-04,gold,1319.30
2019-02-04,silver,15.89
2019-02-05,gold,1319.20
2019-02-05,silver,15.84
2019-02-06,gold,1314.40
2019-02-06,silver,15.70
2019-02-07,gold,1314.20
2019-02-07,silver,15.71
2019-02-08,gold,1318.50
2019-02-08,silver,15.81
2019-02-11,gold,1307.00
2019-02-11,silver,15.66
2019-02-12,gold,1314.00
2019-02-12,silver,15.69
2019-02-13,gold,1310.80
2019-02-13,silver,15.62
2019-02-14,gold,1313.90
2019-02-14,silver,15.53
2019-02-15,gold,1322.10
2019-02-15,silver,15.74
2019-02-18,gold,94636.06
2019-02-19,gold,1344.80
2019-02-19,silver,15.97
2019-02-20,gold,1347.90
2019-02-20,silver,16.28
2019-02-21,gold,1327.80
2019-02-21,silver,15.91
2019-02-22,gold,1332.80
2019-02-22,silver,16.01
2019-02-25,gold,1329.50
2019-02-25,silver,15.93
2019-02-26,gold,1328.50
2019-02-26,silver,15.93
2019-02-27,gold,1317.70
2019-02-27,silver,15.67
2019-02-28,gold,1316.10
2019-02-28,silver,15.63
2019-03-01,gold,1299.20
2019-03-01,silver,15.26
2019-03-04,gold,1287.50
2019-03-04,silver,15.11
2019-03-05,gold,1284.70
2019-03-05,silver,15.11
2019-03-06,gold,1287.60
2019-03-06,silver,15.09
2019-03-07,gold,1286.10
2019-03-07,silver,15.04
2019-03-08,gold,1299.30
2019-03-08,silver,15.35
2019-03-11,gold,1291.10
2019-03-11,silver,15.27
2019-03-12,gold,1296.30
2019-03-12,silver,15.34
2019-03-13,gold,1309.30
2019-03-13,silver,15.46
2019-03-14,gold,1293.40
2019-03-14,silver,15.10
2019-03-15,gold,1302.90
2019-03-15,silver,15.32
2019-03-18,gold,1301.50
2019-03-18,silver,15.32
2019-03-19,gold,1306.50
2019-03-19,silver,15.37
2019-03-20,gold,1300.50
2019-03-20,silver,15.24
2019-03-21,gold,1313.60
2019-03-21,silver,15.44
2019-03-22,gold,1318.70
2019-03-22,silver,15.41
2019-03-25,gold,1329.00
2019-03-25,silver,15.57
2019-03-26,gold,1321.40
2019-03-26,silver,15.43
2019-03-27,gold,1316.90
2019-03-27,silver,15.30
2019-03-28,gold,1295.30
2019-03-28,silver,14.97
2019-03-29,gold,1298.50
2019-03-29,silver,15.11
2019-04-01,gold,1294.20
2019-04-01,silver,15.10
2019-04-02,gold,1295.40
2019-04-02,silver,15.06
2019-04-03,gold,1295.30
2019-04-03,silver,15.10
2019-04-04,gold,1294.30
2019-04-04,silver,15.08
2019-04-05,gold,1295.60
2019-04-05,silver,15.09
2019-04-08,gold,1297.10
2019-04-08,silver,15.17
2019-04-09,gold,1308.30
2019-04-09,silver,15.21
2019-04-10,gold,1313.90
2019-04-10,silver,15.24
2019-04-11,gold,1293.30
2019-04-11,silver,14.87
2019-04-12,gold,1295.20
2019-04-12,silver,14.96
2019-04-15,gold,1291.30
2019-04-15,silver,14.97
2019-04-16,gold,1277.20
2019-04-16,silver,14.91
2019-04-17,gold,1276.80
2019-04-17,silver,14.94
2019-04-18,gold,1276.00
2019-04-18,silver,15.04
2019-04-19,gold,88566.75
2019-04-22,gold,1277.60
2019-04-22,silver,15.06
2019-04-23,gold,1273.20
2019-04-23,silver,14.87
2019-04-24,gold,1279.40
2019-04-24,silver,15.00
2019-04-25,gold,1279.70
2019-04-25,silver,14.96
2019-04-26,gold,1288.80
2019-04-26,silver,15.09
2019-04-29,gold,1281.50
2019-04-29,silver,14.93
2019-04-30,gold,1282.80
2019-04-30,silver,14.90
2019-05-01,gold,1284.20
2019-05-01,silver,14.73
2019-05-02,gold,1272.00
2019-05-02,silver,14.62
2019-05-03,gold,1281.30
2019-05-03,silver,14.98
2019-05-06,gold,1283.80
2019-05-06,silver,14.93
2019-05-07,gold,1285.60
2019-05-07,silver,14.93
2019-05-08,gold,1281.40
2019-05-08,silver,14.86
2019-05-09,gold,1285.20
2019-05-09,silver,14.77
2019-05-10,gold,1287.40
2019-05-10,silver,14.79
2019-05-13,gold,1301.80
2019-05-13,silver,14.78
2019-05-14,gold,1296.30
2019-05-14,silver,14.81
2019-05-15,gold,1297.80
2019-05-15,silver,14.81
2019-05-16,gold,1286.20
2019-05-16,silver,14.54
2019-05-17,gold,1275.70
2019-05-17,silver,14.39
2019-05-20,gold,1277.30
2019-05-20,silver,14.45
2019-05-21,gold,1273.20
2019-05-21,silver,14.41
2019-05-22,gold,1274.20
2019-05-22,silver,14.45
2019-05-23,gold,1291.00
2019-05-23,silver,14.61
2019-05-24,gold,1289.20
2019-05-24,silver,14.55
2019-05-27,gold,88990.11
2019-05-28,gold,1282.50
2019-05-28,silver,14.32
2019-05-29,gold,1286.30
2019-05-29,silver,14.41
2019-05-30,gold,1287.10
2019-05-30,silver,14.46
2019-05-31,gold,1311.10
2019-05-31,silver,14.57
2019-06-03,gold,1327.90
2019-06-03,silver,14.74
2019-06-04,gold,1323.40
2019-06-04,silver,14.73
2019-06-05,gold,1333.60
2019-06-05,silver,14.79
2019-06-06,gold,1342.70
2019-06-06,silver,14.90
2019-06-07,gold,1346.10
2019-06-07,silver,15.03
2019-06-10,gold,1329.30
2019-06-10,silver,14.64
2019-06-11,gold,1331.20
2019-06-11,silver,14.74
2019-06-12,gold,1336.80
2019-06-12,silver,14.75
2019-06-13,gold,1343.70
2019-06-13,silver,14.89
2019-06-14,gold,1344.50
2019-06-14,silver,14.80
2019-06-17,gold,1342.90
2019-06-17,silver,14.83
2019-06-18,gold,1350.70
2019-06-18,silver,14.99
2019-06-19,gold,1348.80
2019-06-19,silver,14.96
2019-06-20,gold,1396.90
2019-06-20,silver,15.49
2019-06-21,gold,1400.10
2019-06-21,silver,15.37
2019-06-24,gold,1418.20
2019-06-24,silver,15.46
2019-06-25,gold,1418.70
2019-06-25,silver,15.38
2019-06-26,gold,1411.60
2019-06-26,silver,15.28
2019-06-27,gold,1412.00
2019-06-27,silver,15.29
2019-06-28,gold,1409.70
2019-06-28,silver,15.25
2019-07-01,gold,1385.60
2019-07-01,silver,15.11
2019-07-02,gold,1408.00
2019-07-02,silver,15.24
2019-07-03,gold,1420.90
2019-07-03,silver,15.34
2019-07-04,gold,97005.54
2019-07-05,gold,1400.10
2019-07-05,silver,15.00
2019-07-08,gold,1400.00
2019-07-08,silver,15.05
2019-07-09,gold,1400.50
2019-07-09,silver,15.15
2019-07-10,gold,1412.50
2019-07-10,silver,15.23
2019-07-11,gold,1406.70
2019-07-11,silver,15.15
2019-07-12,gold,1412.20
2019-07-12,silver,15.24
2019-07-15,gold,1413.50
2019-07-15,silver,15.37
2019-07-16,gold,1411.20
2019-07-16,silver,15.68
2019-07-17,gold,1421.30
2019-07-17,silver,15.89
2019-07-18,gold,1428.10
2019-07-18,silver,16.20
2019-07-19,gold,1426.70
2019-07-19,silver,16.20
2019-07-22,gold,1426.90
2019-07-22,silver,16.41
2019-07-23,gold,1421.70
2019-07-23,silver,16.48
2019-07-24,gold,1436.50
2019-07-24,silver,16.63
2019-07-25,gold,1427.50
2019-07-25,silver,16.41
2019-07-26,gold,1432.20
2019-07-26,silver,16.40
2019-07-29,gold,1433.30
2019-07-29,silver,16.44
2019-07-30,gold,1441.80
2019-07-30,silver,16.56
2019-07-31,gold,1437.80
2019-07-31,silver,16.41
2019-08-01,gold,1432.40
2019-08-01,silver,16.18
2019-08-02,gold,1457.50
2019-08-02,silver,16.27
2019-08-05,gold,1464.60
2019-08-05,silver,16.34
2019-08-06,gold,1484.20
2019-08-06,silver,16.45
2019-08-07,gold,1507.30
2019-08-07,silver,17.16
2019-08-08,gold,1509.50
2019-08-08,silver,16.94
2019-08-09,gold,1508.50
2019-08-09,silver,16.93
2019-08-12,gold,1517.20
2019-08-12,silver,17.07
2019-08-13,gold,1514.10
2019-08-13,silver,16.98
2019-08-14,gold,1527.80
2019-08-14,silver,17.28
2019-08-15,gold,1531.20
2019-08-15,silver,17.21
2019-08-16,gold,1523.60
2019-08-16,silver,17.12
2019-08-19,gold,1511.60
2019-08-19,silver,16.94
2019-08-20,gold,1515.70
2019-08-20,silver,17.15
2019-08-21,gold,1515.70
2019-08-21,silver,17.29
2019-08-22,gold,1497.30
2019-08-22,silver,17.01
2019-08-23,gold,1537.60
2019-08-23,silver,17.55
2019-08-26,gold,1537.20
2019-08-26,silver,17.79
2019-08-27,gold,1551.80
2019-08-27,silver,18.30
2019-08-28,gold,1549.10
2019-08-28,silver,18.46
2019-08-29,gold,1536.90
2019-08-29,silver,18.32
2019-08-30,gold,1529.20
2019-08-30,silver,18.48
2019-09-02,gold,109860.77
2019-09-03,gold,1555.90
2019-09-03,silver,19.24
2019-09-04,gold,1560.40
2019-09-04,silver,19.55
2019-09-05,gold,1525.50
2019-09-05,silver,18.81
2019-09-06,gold,1506.20
2019-09-06,silver,17.97
2019-09-09,gold,1511.10
2019-09-09,silver,18.17
2019-09-10,gold,1499.20
2019-09-10,silver,18.19
2019-09-11,gold,1503.20
2019-09-11,silver,18.17
2019-09-12,gold,1507.40
2019-09-12,silver,18.18
2019-09-13,gold,1490.90
2019-09-13,silver,17.44
2019-09-16,gold,1503.10
2019-09-16,silver,17.90
2019-09-17,gold,1513.40
2019-09-17,silver,18.14
2019-09-18,gold,1515.80
2019-09-18,silver,17.92
2019-09-19,gold,1506.20
2019-09-19,silver,17.88
2019-09-20,gold,1507.30
2019-09-20,silver,17.74
2019-09-23,gold,1531.50
2019-09-23,silver,18.71
2019-09-24,gold,1532.10
2019-09-24,silver,18.52
2019-09-25,gold,1512.30
2019-09-25,silver,18.07
2019-09-26,gold,1515.20
2019-09-26,silver,17.91
2019-09-27,gold,1506.40
2019-09-27,silver,17.55
2019-09-30,gold,1472.90
2019-09-30,silver,17.00
2019-10-01,gold,1489.00
2019-10-01,silver,17.30
2019-10-02,gold,1501.00
2019-10-02,silver,17.59
2019-10-03,gold,1513.80
2019-10-03,silver,17.68
2019-10-04,gold,1506.20
2019-10-04,silver,17.54
2019-10-07,gold,1504.40
2019-10-07,silver,17.54
2019-10-08,gold,1497.20
2019-10-08,silver,17.62
2019-10-09,gold,1512.80
2019-10-09,silver,17.81
2019-10-10,gold,1500.90
2019-10-10,silver,17.60
2019-10-11,gold,1488.70
2019-10-11,silver,17.46
2019-10-14,gold,1497.60
2019-10-14,silver,17.71
2019-10-15,gold,1483.50
2019-10-15,silver,17.31
2019-10-16,gold,1494.00
2019-10-16,silver,17.43
2019-10-17,gold,1498.30
2019-10-17,silver,17.61
2019-10-18,gold,1488.20
2019-10-18,silver,17.50
2019-10-21,gold,1488.10
2019-10-21,silver,17.60
2019-10-22,gold,1487.50
2019-10-22,silver,17.50
2019-10-23,gold,1495.70
2019-10-23,silver,17.58
2019-10-24,gold,1504.70
2019-10-24,silver,17.80
2019-10-25,gold,1499.50
2019-10-25,silver,17.86
2019-10-28,gold,1495.80
2019-10-28,silver,17.88
2019-10-29,gold,1490.70
2019-10-29,silver,17.83
2019-10-30,gold,1493.20
2019-10-30,silver,17.82
2019-10-31,gold,1514.80
2019-10-31,silver,18.07
2019-11-01,gold,1508.00
2019-11-01,silver,18.00
2019-11-04,gold,1511.10
2019-11-04,silver,18.07
2019-11-05,gold,1483.70
2019-11-05,silver,17.57
2019-11-06,gold,1493.10
2019-11-06,silver,17.60
2019-11-07,gold,1464.20
2019-11-07,silver,16.97
2019-11-08,gold,1461.30
2019-11-08,silver,16.78
2019-11-11,gold,1457.10
2019-11-11,silver,16.80
2019-11-12,gold,1452.10
2019-11-12,silver,16.68
2019-11-13,gold,1463.30
2019-11-13,silver,16.91
2019-11-14,gold,1473.40
2019-11-14,silver,17.03
2019-11-15,gold,1467.30
2019-11-15,silver,16.93
2019-11-18,gold,1471.90
2019-11-18,silver,17.00
2019-11-19,gold,1473.30
2019-11-19,silver,17.10
2019-11-20,gold,1470.00
2019-11-20,silver,17.10
2019-11-21,gold,1470.50
2019-11-21,silver,17.21
2019-11-22,gold,1468.80
2019-11-22,silver,17.15
2019-11-25,gold,1463.80
2019-11-25,silver,17.03
2019-11-26,gold,1467.40
2019-11-26,silver,17.19
2019-11-27,gold,1453.40
2019-11-27,silver,16.91
2019-11-28,gold,104046.90
2019-11-29,gold,1472.70
2019-11-29,silver,17.11
2019-12-02,gold,1469.20
2019-12-02,silver,16.97
2019-12-03,gold,1478.20
2019-12-03,silver,17.12
2019-12-04,gold,1480.20
2019-12-04,silver,16.92
2019-12-05,gold,1483.10
2019-12-05,silver,17.06
2019-12-06,gold,1459.10
2019-12-06,silver,16.48
2019-12-09,gold,1464.90
2019-12-09,silver,16.64
2019-12-10,gold,1462.60
2019-12-10,silver,16.60
2019-12-11,gold,1475.00
2019-12-11,silver,16.85
2019-12-12,gold,1472.30
2019-12-12,silver,16.95
2019-12-13,gold,1475.60
2019-12-13,silver,16.91
2019-12-16,gold,1480.50
2019-12-16,silver,17.11
2019-12-17,gold,1480.60
2019-12-17,silver,17.07
2019-12-18,gold,1478.70
2019-12-18,silver,17.05
2019-12-19,gold,1478.20
2019-12-19,silver,17.06
2019-12-20,gold,1474.70
2019-12-20,silver,17.13
2019-12-23,gold,1488.70
2019-12-23,silver,17.50
2019-12-24,gold,1499.10
2019-12-24,silver,17.76
2019-12-25,gold,105576.50
2019-12-26,gold,1514.40
2019-12-26,silver,17.99
2019-12-27,gold,1518.10
2019-12-27,silver,17.94
2019-12-30,gold,1518.60
2019-12-30,silver,18.00
2019-12-31,gold,1519.50
2019-12-31,silver,17.83
2020-01-01,gold,107975.17
2020-01-02,gold,1528.10
2020-01-02,silver,18.05
2020-01-03,gold,1549.20
2020-01-03,silver,18.07
2020-01-06,gold,1568.80
2020-01-06,silver,18.18
2020-01-07,gold,1574.30
2020-01-07,silver,18.39
2020-01-08,gold,1560.20
2020-01-08,silver,18.17
2020-01-09,gold,1554.30
2020-01-09,silver,17.94
2020-01-10,gold,1557.50
2020-01-10,silver,18.03
2020-01-13,gold,1550.60
2020-01-13,silver,18.00
2020-01-14,gold,1544.60
2020-01-14,silver,17.74
2020-01-15,gold,1554.00
2020-01-15,silver,17.99
2020-01-16,gold,1550.50
2020-01-16,silver,17.94
2020-01-17,gold,1558.80
2020-01-17,silver,18.01
2020-01-20,gold,110833.06
2020-01-21,gold,1556.40
2020-01-21,silver,17.75
2020-01-22,gold,1556.70
2020-01-22,silver,17.83
2020-01-23,gold,1571.60
2020-01-23,silver,17.83
2020-01-24,gold,1571.10
2020-01-24,silver,18.06
2020-01-27,gold,1583.70
2020-01-27,silver,18.06
2020-01-28,gold,1575.80
2020-01-28,silver,17.46
2020-01-29,gold,1576.00
2020-01-29,silver,17.49
2020-01-30,gold,1589.20
2020-01-30,silver,17.99
2020-01-31,gold,1582.90
2020-01-31,silver,17.97
2020-02-03,gold,1582.40
2020-02-03,silver,17.67
2020-02-04,gold,1555.50
2020-02-04,silver,17.56
2020-02-05,gold,1562.80
2020-02-05,silver,17.60
2020-02-06,gold,1570.00
2020-02-06,silver,17.82
2020-02-07,gold,1568.60
2020-02-07,silver,17.66
2020-02-10,gold,1579.50
2020-02-10,silver,17.79
2020-02-11,gold,1565.60
2020-02-11,silver,17.57
2020-02-12,gold,1571.60
2020-02-12,silver,17.50
2020-02-13,gold,1578.80
2020-02-13,silver,17.62
2020-02-14,gold,1582.70
2020-02-14,silver,17.71
2020-02-17,gold,112779.80
2020-02-18,gold,1600.00
2020-02-18,silver,18.13
2020-02-19,gold,1611.80
2020-02-19,silver,18.31
2020-02-20,gold,1620.50
2020-02-20,silver,18.32
2020-02-21,gold,1644.60
2020-02-21,silver,18.52
2020-02-24,gold,1676.60
2020-02-24,silver,18.96
2020-02-25,gold,1650.00
2020-02-25,silver,18.27
2020-02-26,gold,1643.10
2020-02-26,silver,17.91
2020-02-27,gold,1642.50
2020-02-27,silver,17.73
2020-02-28,gold,1564.10
2020-02-28,silver,16.39
2020-03-02,gold,1592.30
2020-03-02,silver,16.68
2020-03-03,gold,1642.10
2020-03-03,silver,17.13
2020-03-04,gold,1643.00
2020-03-04,silver,17.25
2020-03-05,gold,1666.40
2020-03-05,silver,17.34
2020-03-06,gold,1672.40
2020-03-06,silver,17.26
2020-03-09,gold,1675.70
2020-03-09,silver,17.05
2020-03-10,gold,1659.10
2020-03-10,silver,16.91
2020-03-11,gold,1642.30
2020-03-11,silver,16.78
2020-03-12,gold,1590.30
2020-03-12,silver,16.00
2020-03-13,gold,1516.70
2020-03-13,silver,14.50
2020-03-16,gold,1486.50
2020-03-16,silver,12.82
2020-03-17,gold,1524.90
2020-03-17,silver,12.47
2020-03-18,gold,1477.90
2020-03-18,silver,11.77
2020-03-19,gold,1479.30
2020-03-19,silver,12.13
2020-03-20,gold,1484.00
2020-03-20,silver,12.35
2020-03-23,gold,1572.70
2020-03-23,silver,13.26
2020-03-24,gold,1660.20
2020-03-24,silver,14.23
2020-03-25,gold,1634.30
2020-03-25,silver,14.87
2020-03-26,gold,1660.30
2020-03-26,silver,14.68
2020-03-27,gold,1623.90
2020-03-27,silver,14.50
2020-03-30,gold,1643.20
2020-03-30,silver,14.13
2020-03-31,gold,1583.40
2020-03-31,silver,14.10
2020-04-01,gold,1591.40
2020-04-01,silver,13.98
2020-04-02,gold,1637.70
2020-04-02,silver,14.65
2020-04-03,gold,1633.70
2020-04-03,silver,14.44
2020-04-06,gold,1677.00
2020-04-06,silver,15.11
2020-04-07,gold,1683.70
2020-04-07,silver,15.48
2020-04-08,gold,1684.30
2020-04-08,silver,15.21
2020-04-09,gold,1736.20
2020-04-09,silver,15.99
2020-04-10,gold,127550.41
2020-04-13,gold,1744.80
2020-04-13,silver,15.48
2020-04-14,gold,1768.90
2020-04-14,silver,16.34
2020-04-15,gold,1740.20
2020-04-15,silver,15.65
2020-04-16,gold,1731.70
2020-04-16,silver,15.77
2020-04-17,gold,1689.20
2020-04-17,silver,15.24
2020-04-20,gold,1711.20
2020-04-20,silver,15.75
2020-04-21,gold,1687.80
2020-04-21,silver,14.99
2020-04-22,gold,1738.30
2020-04-22,silver,15.50
2020-04-23,gold,1745.40
2020-04-23,silver,15.53
2020-04-24,gold,1723.50
2020-04-24,silver,15.25
2020-04-27,gold,1723.80
2020-04-27,silver,15.34
2020-04-28,gold,1722.20
2020-04-28,silver,15.33
2020-04-29,gold,1703.40
2020-04-29,silver,15.16
2020-04-30,gold,1694.20
2020-04-30,silver,14.97
2020-05-01,gold,1694.50
2020-05-01,silver,14.86
2020-05-04,gold,1713.30
2020-05-04,silver,14.80
2020-05-05,gold,1710.60
2020-05-05,silver,15.11
2020-05-06,gold,1688.50
2020-05-06,silver,15.02
2020-05-07,gold,1725.80
2020-05-07,silver,15.59
2020-05-08,gold,1709.90
2020-05-08,silver,15.74
2020-05-11,gold,1698.00
2020-05-11,silver,15.68
2020-05-12,gold,1706.80
2020-05-12,silver,15.71
2020-05-13,gold,1716.40
2020-05-13,silver,15.67
2020-05-14,gold,1740.90
2020-05-14,silver,16.16
2020-05-15,gold,1753.40
2020-05-15,silver,17.05
2020-05-18,gold,1734.40
2020-05-18,silver,17.47
2020-05-19,gold,1745.60
2020-05-19,silver,17.90
2020-05-20,gold,1750.60
2020-05-20,silver,18.00
2020-05-21,gold,1721.90
2020-05-21,silver,17.36
2020-05-22,gold,1734.60
2020-05-22,silver,17.66
2020-05-25,gold,131735.93
2020-05-26,gold,1728.20
2020-05-26,silver,17.59
2020-05-27,gold,1726.80
2020-05-27,silver,17.76
2020-05-28,gold,1728.30
2020-05-28,silver,17.97
2020-05-29,gold,1736.90
2020-05-29,silver,18.44
2020-06-01,gold,1750.30
2020-06-01,silver,18.83
2020-06-02,gold,1734.00
2020-06-02,silver,18.26
2020-06-03,gold,1704.80
2020-06-03,silver,17.96
2020-06-04,gold,1727.40
2020-06-04,silver,18.06
2020-06-05,gold,1683.00
2020-06-05,silver,17.48
2020-06-08,gold,1705.10
2020-06-08,silver,17.89
2020-06-09,gold,1721.90
2020-06-09,silver,17.79
2020-06-10,gold,1720.70
2020-06-10,silver,17.80
2020-06-11,gold,1739.80
2020-06-11,silver,17.89
2020-06-12,gold,1737.30
2020-06-12,silver,17.48
2020-06-15,gold,1727.20
2020-06-15,silver,17.40
2020-06-16,gold,1736.50
2020-06-16,silver,17.65
2020-06-17,gold,1735.60
2020-06-17,silver,17.77
2020-06-18,gold,1731.10
2020-06-18,silver,17.67
2020-06-19,gold,1753.00
2020-06-19,silver,18.02
2020-06-22,gold,1766.40
2020-06-22,silver,18.07
2020-06-23,gold,1782.00
2020-06-23,silver,18.24
2020-06-24,gold,1775.10
2020-06-24,silver,17.81
2020-06-25,gold,1770.60
2020-06-25,silver,18.05
2020-06-26,gold,1780.30
2020-06-26,silver,18.17
2020-06-29,gold,1781.20
2020-06-29,silver,18.06
2020-06-30,gold,1800.50
2020-06-30,silver,18.64
2020-07-01,gold,1779.90
2020-07-01,silver,18.22
2020-07-02,gold,1790.00
2020-07-02,silver,18.32
2020-07-03,gold,132328.90
2020-07-06,gold,1793.50
2020-07-06,silver,18.58
2020-07-07,gold,1809.90
2020-07-07,silver,18.70
2020-07-08,gold,1820.60
2020-07-08,silver,19.16
2020-07-09,gold,1803.80
2020-07-09,silver,18.96
2020-07-10,gold,1801.90
2020-07-10,silver,19.05
2020-07-13,gold,1814.10
2020-07-13,silver,19.79
2020-07-14,gold,1813.40
2020-07-14,silver,19.53
2020-07-15,gold,1813.80
2020-07-15,silver,19.76
2020-07-16,gold,1800.30
2020-07-16,silver,19.57
2020-07-17,gold,1810.00
2020-07-17,silver,19.76
2020-07-20,gold,1817.40
2020-07-20,silver,20.19
2020-07-21,gold,1843.90
2020-07-21,silver,21.56
2020-07-22,gold,1865.10
2020-07-22,silver,23.14
2020-07-23,gold,1890.00
2020-07-23,silver,22.99
2020-07-24,gold,1897.50
2020-07-24,silver,22.85
2020-07-27,gold,1955.40
2020-07-27,silver,24.50
2020-07-28,gold,1963.90
2020-07-28,silver,24.30
2020-07-29,gold,1976.70
2020-07-29,silver,24.32
2020-07-30,gold,1966.80
2020-07-30,silver,23.36
2020-07-31,gold,1985.90
2020-07-31,silver,24.22
2020-08-03,gold,1986.30
2020-08-03,silver,24.42
2020-08-04,gold,2021.00
2020-08-04,silver,26.03
2020-08-05,gold,2049.30
2020-08-05,silver,26.89
2020-08-06,gold,2069.40
2020-08-06,silver,28.40
2020-08-07,gold,2028.00
2020-08-07,silver,27.54
2020-08-10,gold,2039.70
2020-08-10,silver,29.26
2020-08-11,gold,1946.30
2020-08-11,silver,26.05
2020-08-12,gold,1949.00
2020-08-12,silver,25.98
2020-08-13,gold,1970.40
2020-08-13,silver,27.72
2020-08-14,gold,1949.80
2020-08-14,silver,26.09
2020-08-17,gold,1998.70
2020-08-17,silver,27.83
2020-08-18,gold,2013.10
2020-08-18,silver,28.24
2020-08-19,gold,1970.30
2020-08-19,silver,27.49
2020-08-20,gold,1946.50
2020-08-20,silver,27.30
2020-08-21,gold,1947.00
2020-08-21,silver,26.88
2020-08-24,gold,1939.20
2020-08-24,silver,26.77
2020-08-25,gold,1923.10
2020-08-25,silver,26.43
2020-08-26,gold,1952.50
2020-08-26,silver,27.60
2020-08-27,gold,1932.60
2020-08-27,silver,27.20
2020-08-28,gold,1974.90
2020-08-28,silver,27.79
2020-08-31,gold,1978.60
2020-08-31,silver,28.59
2020-09-01,gold,1978.90
2020-09-01,silver,28.64
2020-09-02,gold,1944.70
2020-09-02,silver,27.39
2020-09-03,gold,1937.80
2020-09-03,silver,26.88
2020-09-04,gold,1934.30
2020-09-04,silver,26.71
2020-09-07,gold,141635.97
2020-09-08,gold,1943.20
2020-09-08,silver,26.99
2020-09-09,gold,1954.90
2020-09-09,silver,27.08
2020-09-10,gold,1964.30
2020-09-10,silver,27.29
2020-09-11,gold,1947.90
2020-09-11,silver,26.86
2020-09-14,gold,1963.70
2020-09-14,silver,27.36
2020-09-15,gold,1966.20
2020-09-15,silver,27.46
2020-09-16,gold,1970.50
2020-09-16,silver,27.48
2020-09-17,gold,1949.90
2020-09-17,silver,27.10
2020-09-18,gold,1962.10
2020-09-18,silver,27.13
2020-09-21,gold,1910.60
2020-09-21,silver,24.39
2020-09-22,gold,1907.60
2020-09-22,silver,24.52
2020-09-23,gold,1868.40
2020-09-23,silver,23.11
2020-09-24,gold,1876.90
2020-09-24,silver,23.20
2020-09-25,gold,1866.30
2020-09-25,silver,23.09
2020-09-28,gold,1882.30
2020-09-28,silver,23.60
2020-09-29,gold,1903.20
2020-09-29,silver,24.45
2020-09-30,gold,1895.50
2020-09-30,silver,23.49
2020-10-01,gold,1916.30
2020-10-01,silver,24.25
2020-10-02,gold,1907.60
2020-10-02,silver,24.03
2020-10-05,gold,1920.10
2020-10-05,silver,24.56
2020-10-06,gold,1908.80
2020-10-06,silver,23.92
2020-10-07,gold,1890.80
2020-10-07,silver,23.90
2020-10-08,gold,1895.10
2020-10-08,silver,23.88
2020-10-09,gold,1926.20
2020-10-09,silver,25.11
2020-10-12,gold,1928.90
2020-10-12,silver,25.27
2020-10-13,gold,1894.60
2020-10-13,silver,24.13
2020-10-14,gold,1907.30
2020-10-14,silver,24.39
2020-10-15,gold,1908.90
2020-10-15,silver,24.22
2020-10-16,gold,1906.40
2020-10-16,silver,24.41
2020-10-19,gold,1911.70
2020-10-19,silver,24.70
2020-10-20,gold,1915.40
2020-10-20,silver,24.98
2020-10-21,gold,1929.50
2020-10-21,silver,25.24
2020-10-22,gold,1904.60
2020-10-22,silver,24.71
2020-10-23,gold,1905.20
2020-10-23,silver,24.68
2020-10-26,gold,1905.70
2020-10-26,silver,24.42
2020-10-27,gold,1911.90
2020-10-27,silver,24.57
2020-10-28,gold,1879.20
2020-10-28,silver,23.36
2020-10-29,gold,1868.00
2020-10-29,silver,23.36
2020-10-30,gold,1879.90
2020-10-30,silver,23.65
2020-11-02,gold,1892.50
2020-11-02,silver,24.03
2020-11-03,gold,1910.40
2020-11-03,silver,24.33
2020-11-04,gold,1896.20
2020-11-04,silver,23.89
2020-11-05,gold,1946.80
2020-11-05,silver,25.19
2020-11-06,gold,1951.70
2020-11-06,silver,25.66
2020-11-09,gold,1854.40
2020-11-09,silver,23.70
2020-11-10,gold,1876.40
2020-11-10,silver,24.46
2020-11-11,gold,1861.60
2020-11-11,silver,24.27
2020-11-12,gold,1873.30
2020-11-12,silver,24.31
2020-11-13,gold,1886.20
2020-11-13,silver,24.77
2020-11-16,gold,1887.80
2020-11-16,silver,24.80
2020-11-17,gold,1885.10
2020-11-17,silver,24.65
2020-11-18,gold,1873.90
2020-11-18,silver,24.56
2020-11-19,gold,1861.50
2020-11-19,silver,24.16
2020-11-20,gold,1872.40
2020-11-20,silver,24.49
2020-11-23,gold,1844.10
2020-11-23,silver,23.76
2020-11-24,gold,1810.90
2020-11-24,silver,23.41
2020-11-25,gold,1811.20
2020-11-25,silver,23.45
2020-11-26,gold,133419.01
2020-11-27,gold,1788.10
2020-11-27,silver,22.64
2020-11-30,gold,1780.90
2020-11-30,silver,22.59
2020-12-01,gold,1818.90
2020-12-01,silver,24.09
2020-12-02,gold,1830.20
2020-12-02,silver,24.08
2020-12-03,gold,1841.10
2020-12-03,silver,24.14
2020-12-04,gold,1840.00
2020-12-04,silver,24.25
2020-12-07,gold,1866.00
2020-12-07,silver,24.79
2020-12-08,gold,1874.90
2020-12-08,silver,24.74
2020-12-09,gold,1838.50
2020-12-09,silver,23.99
2020-12-10,gold,1837.40
2020-12-10,silver,24.09
2020-12-11,gold,1843.60
2020-12-11,silver,24.09
2020-12-14,gold,1832.10
2020-12-14,silver,24.05
2020-12-15,gold,1855.30
2020-12-15,silver,24.64
2020-12-16,gold,1859.10
2020-12-16,silver,25.05
2020-12-17,gold,1890.40
2020-12-17,silver,26.18
2020-12-18,gold,1888.90
2020-12-18,silver,26.03
2020-12-21,gold,1882.80
2020-12-21,silver,26.38
2020-12-22,gold,1870.30
2020-12-22,silver,25.54
2020-12-23,gold,1878.10
2020-12-23,silver,25.92
2020-12-24,gold,1883.20
2020-12-24,silver,25.91
2020-12-25,gold,138356.25
2020-12-28,gold,1880.40
2020-12-28,silver,26.54
2020-12-29,gold,1882.90
2020-12-29,silver,26.22
2020-12-30,gold,1893.40
2020-12-30,silver,26.57
2020-12-31,gold,1895.10
2020-12-31,silver,26.41
2021-01-01,gold,138116.26
2021-01-04,gold,1946.60
2021-01-04,silver,27.36
2021-01-05,gold,1954.40
2021-01-05,silver,27.64
2021-01-06,gold,1908.60
2021-01-06,silver,27.04
2021-01-07,gold,1913.60
2021-01-07,silver,27.26
2021-01-08,gold,1835.40
2021-01-08,silver,24.64
2021-01-11,gold,1850.80
2021-01-11,silver,24.98
2021-01-12,gold,1844.20
2021-01-12,silver,25.43
2021-01-13,gold,1854.90
2021-01-13,silver,25.57
2021-01-14,gold,1851.40
2021-01-14,silver,25.80
2021-01-15,gold,1829.90
2021-01-15,silver,24.87
2021-01-18,gold,134167.71
2021-01-19,gold,1840.20
2021-01-19,silver,25.32
2021-01-20,gold,1870.20
2021-01-20,silver,25.77
2021-01-21,gold,1869.30
2021-01-21,silver,25.85
2021-01-22,gold,1859.90
2021-01-22,silver,25.56
2021-01-25,gold,1859.00
2021-01-25,silver,25.48
2021-01-26,gold,1854.80
2021-01-26,silver,25.54
2021-01-27,gold,1848.90
2021-01-27,silver,25.39
2021-01-28,gold,1841.20
2021-01-28,silver,25.92
2021-01-29,gold,1850.30
2021-01-29,silver,26.91
2021-02-01,gold,1863.90
2021-02-01,silver,29.42
2021-02-02,gold,1833.40
2021-02-02,silver,26.40
2021-02-03,gold,1835.10
2021-02-03,silver,26.89
2021-02-04,gold,1791.20
2021-02-04,silver,26.23
2021-02-05,gold,1813.00
2021-02-05,silver,27.02
2021-02-08,gold,1834.20
2021-02-08,silver,27.58
2021-02-09,gold,1837.50
2021-02-09,silver,27.40
2021-02-10,gold,1842.70
2021-02-10,silver,27.08
2021-02-11,gold,1826.80
2021-02-11,silver,27.05
2021-02-12,gold,1823.20
2021-02-12,silver,27.33
2021-02-15,gold,132006.85
2021-02-16,gold,1799.00
2021-02-16,silver,27.32
2021-02-17,gold,1772.80
2021-02-17,silver,27.32
2021-02-18,gold,1775.00
2021-02-18,silver,27.12
2021-02-19,gold,1777.40
2021-02-19,silver,27.29
2021-02-22,gold,1808.40
2021-02-22,silver,28.13
2021-02-23,gold,1805.90
2021-02-23,silver,27.74
2021-02-24,gold,1797.90
2021-02-24,silver,27.93
2021-02-25,gold,1775.40
2021-02-25,silver,27.68
2021-02-26,gold,1728.80
2021-02-26,silver,26.44
2021-03-01,gold,1723.00
2021-03-01,silver,26.68
2021-03-02,gold,1733.60
2021-03-02,silver,26.88
2021-03-03,gold,1715.80
2021-03-03,silver,26.39
2021-03-04,gold,1700.70
2021-03-04,silver,25.46
2021-03-05,gold,1698.50
2021-03-05,silver,25.29
2021-03-08,gold,1678.00
2021-03-08,silver,25.27
2021-03-09,gold,1716.90
2021-03-09,silver,26.18
2021-03-10,gold,1721.80
2021-03-10,silver,26.13
2021-03-11,gold,1722.60
2021-03-11,silver,26.19
2021-03-12,gold,1719.80
2021-03-12,silver,25.91
2021-03-15,gold,1729.20
2021-03-15,silver,26.29
2021-03-16,gold,1730.90
2021-03-16,silver,26.00
2021-03-17,gold,1727.10
2021-03-17,silver,26.06
2021-03-18,gold,1734.60
2021-03-18,silver,26.35
2021-03-19,gold,1743.90
2021-03-19,silver,26.32
2021-03-22,gold,1740.40
2021-03-22,silver,25.77
2021-03-23,gold,1727.50
2021-03-23,silver,25.23
2021-03-24,gold,1735.50
2021-03-24,silver,25.23
2021-03-25,gold,1727.30
2021-03-25,silver,25.05
2021-03-26,gold,1734.70
2021-03-26,silver,25.11
2021-03-29,gold,1714.60
2021-03-29,silver,24.77
2021-03-30,gold,1686.00
2021-03-30,silver,24.14
2021-03-31,gold,1715.60
2021-03-31,silver,24.53
2021-04-01,gold,1728.40
2021-04-01,silver,24.95
2021-04-02,gold,126317.52
2021-04-05,gold,1728.80
2021-04-05,silver,24.78
2021-04-06,gold,1743.00
2021-04-06,silver,25.23
2021-04-07,gold,1741.60
2021-04-07,silver,25.25
2021-04-08,gold,1758.20
2021-04-08,silver,25.59
2021-04-09,gold,1744.80
2021-04-09,silver,25.32
2021-04-12,gold,1732.70
2021-04-12,silver,24.87
2021-04-13,gold,1747.60
2021-04-13,silver,25.43
2021-04-14,gold,1736.30
2021-04-14,silver,25.52
2021-04-15,gold,1766.80
2021-04-15,silver,25.96
2021-04-16,gold,1780.20
2021-04-16,silver,26.11
2021-04-19,gold,1770.60
2021-04-19,silver,25.84
2021-04-20,gold,1778.40
2021-04-20,silver,25.84
2021-04-21,gold,1793.10
2021-04-21,silver,26.61
2021-04-22,gold,1782.00
2021-04-22,silver,26.22
2021-04-23,gold,1777.80
2021-04-23,silver,26.11
2021-04-26,gold,1780.10
2021-04-26,silver,26.25
2021-04-27,gold,1778.80
2021-04-27,silver,26.45
2021-04-28,gold,1773.90
2021-04-28,silver,26.12
2021-04-29,gold,1768.30
2021-04-29,silver,26.09
2021-04-30,gold,1767.70
2021-04-30,silver,25.87
2021-05-03,gold,1791.80
2021-05-03,silver,26.96
2021-05-04,gold,1776.00
2021-05-04,silver,26.56
2021-05-05,gold,1784.30
2021-05-05,silver,26.52
2021-05-06,gold,1815.70
2021-05-06,silver,27.48
2021-05-07,gold,1831.30
2021-05-07,silver,27.57
2021-05-10,gold,1837.60
2021-05-10,silver,27.49
2021-05-11,gold,1836.10
2021-05-11,silver,27.67
2021-05-12,gold,1822.80
2021-05-12,silver,27.24
2021-05-13,gold,1824.00
2021-05-13,silver,27.06
2021-05-14,gold,1838.10
2021-05-14,silver,27.36
2021-05-17,gold,1867.60
2021-05-17,silver,28.27
2021-05-18,gold,1868.00
2021-05-18,silver,28.33
2021-05-19,gold,1881.50
2021-05-19,silver,28.02
2021-05-20,gold,1883.90
2021-05-20,silver,28.07
2021-05-21,gold,1878.90
2021-05-21,silver,27.49
2021-05-24,gold,1886.70
2021-05-24,silver,27.91
2021-05-25,gold,1900.50
2021-05-25,silver,28.06
2021-05-26,gold,1903.80
2021-05-26,silver,27.88
2021-05-27,gold,1898.50
2021-05-27,silver,27.94
2021-05-28,gold,1905.30
2021-05-28,silver,28.01
2021-05-31,gold,137613.00
2021-06-01,gold,1905.00
2021-06-01,silver,28.10
2021-06-02,gold,1909.90
2021-06-02,silver,28.20
2021-06-03,gold,1873.30
2021-06-03,silver,27.48
2021-06-04,gold,1892.00
2021-06-04,silver,27.90
2021-06-07,gold,1898.80
2021-06-07,silver,28.02
2021-06-08,gold,1894.40
2021-06-08,silver,27.73
2021-06-09,gold,1895.50
2021-06-09,silver,28.00
2021-06-10,gold,1896.40
2021-06-10,silver,28.03
2021-06-11,gold,1879.60
2021-06-11,silver,28.15
2021-06-14,gold,1865.90
2021-06-14,silver,28.04
2021-06-15,gold,1856.40
2021-06-15,silver,27.69
2021-06-16,gold,1861.40
2021-06-16,silver,27.81
2021-06-17,gold,1774.80
2021-06-17,silver,25.86
2021-06-18,gold,1769.00
2021-06-18,silver,25.97
2021-06-21,gold,1782.90
2021-06-21,silver,26.07
2021-06-22,gold,1777.40
2021-06-22,silver,25.90
2021-06-23,gold,1783.40
2021-06-23,silver,26.15
2021-06-24,gold,1776.70
2021-06-24,silver,26.09
2021-06-25,gold,1777.80
2021-06-25,silver,26.13
2021-06-28,gold,1780.70
2021-06-28,silver,26.25
2021-06-29,gold,1763.60
2021-06-29,silver,25.90
2021-06-30,gold,1771.60
2021-06-30,silver,26.19
2021-07-01,gold,1776.80
2021-07-01,silver,26.10
2021-07-02,gold,1783.30
2021-07-02,silver,26.50
2021-07-05,gold,133081.18
2021-07-06,gold,1794.20
2021-07-06,silver,26.17
2021-07-07,gold,1802.10
2021-07-07,silver,26.13
2021-07-08,gold,1800.20
2021-07-08,silver,25.99
2021-07-09,gold,1810.60
2021-07-09,silver,26.23
2021-07-12,gold,1805.90
2021-07-12,silver,26.24
2021-07-13,gold,1809.90
2021-07-13,silver,26.14
2021-07-14,gold,1825.00
2021-07-14,silver,26.27
2021-07-15,gold,1829.00
2021-07-15,silver,26.39
2021-07-16,gold,1815.00
2021-07-16,silver,25.80
2021-07-19,gold,1809.20
2021-07-19,silver,25.14
2021-07-20,gold,1811.40
2021-07-20,silver,25.00
2021-07-21,gold,1807.40
2021-07-21,silver,25.25
2021-07-22,gold,1809.20
2021-07-22,silver,25.38
2021-07-23,gold,1805.90
2021-07-23,silver,25.23
2021-07-26,gold,1803.40
2021-07-26,silver,25.32
2021-07-27,gold,1804.00
2021-07-27,silver,24.65
2021-07-28,gold,1804.60
2021-07-28,silver,24.88
2021-07-29,gold,1835.80
2021-07-29,silver,25.78
2021-07-30,gold,1817.20
2021-07-30,silver,25.55
2021-08-02,gold,1822.20
2021-08-02,silver,25.57
2021-08-03,gold,1814.10
2021-08-03,silver,25.58
2021-08-04,gold,1814.50
2021-08-04,silver,25.46
2021-08-05,gold,1808.90
2021-08-05,silver,25.29
2021-08-06,gold,1763.10
2021-08-06,silver,24.33
2021-08-09,gold,1726.50
2021-08-09,silver,23.27
2021-08-10,gold,1731.70
2021-08-10,silver,23.39
2021-08-11,gold,1753.30
2021-08-11,silver,23.49
2021-08-12,gold,1751.80
2021-08-12,silver,23.12
2021-08-13,gold,1778.20
2021-08-13,silver,23.78
2021-08-16,gold,1789.80
2021-08-16,silver,23.79
2021-08-17,gold,1787.80
2021-08-17,silver,23.71
2021-08-18,gold,1784.40
2021-08-18,silver,23.47
2021-08-19,gold,1783.10
2021-08-19,silver,23.28
2021-08-20,gold,1784.00
2021-08-20,silver,23.16
2021-08-23,gold,1806.30
2021-08-23,silver,23.70
2021-08-24,gold,1808.50
2021-08-24,silver,23.94
2021-08-25,gold,1791.00
2021-08-25,silver,23.82
2021-08-26,gold,1795.20
2021-08-26,silver,23.60
2021-08-27,gold,1819.50
2021-08-27,silver,24.11
2021-08-30,gold,1812.20
2021-08-30,silver,24.01
2021-08-31,gold,1818.10
2021-08-31,silver,23.93
2021-09-01,gold,1816.00
2021-09-01,silver,24.22
2021-09-02,gold,1811.50
2021-09-02,silver,23.92
2021-09-03,gold,1833.70
2021-09-03,silver,24.80
2021-09-06,gold,133146.76
2021-09-07,gold,1798.50
2021-09-07,silver,24.37
2021-09-08,gold,1793.50
2021-09-08,silver,24.06
2021-09-09,gold,1800.00
2021-09-09,silver,24.18
2021-09-10,gold,1792.10
2021-09-10,silver,23.90
2021-09-13,gold,1794.40
2021-09-13,silver,23.80
2021-09-14,gold,1807.10
2021-09-14,silver,23.89
2021-09-15,gold,1794.80
2021-09-15,silver,23.80
2021-09-16,gold,1756.70
2021-09-16,silver,22.79
2021-09-17,gold,1751.40
2021-09-17,silver,22.34
2021-09-20,gold,1763.80
2021-09-20,silver,22.20
2021-09-21,gold,1778.20
2021-09-21,silver,22.61
2021-09-22,gold,1778.80
2021-09-22,silver,22.91
2021-09-23,gold,1749.80
2021-09-23,silver,22.68
2021-09-24,gold,1751.70
2021-09-24,silver,22.43
2021-09-27,gold,1752.00
2021-09-27,silver,22.69
2021-09-28,gold,1737.50
2021-09-28,silver,22.47
2021-09-29,gold,1722.90
2021-09-29,silver,21.48
2021-09-30,gold,1757.00
2021-09-30,silver,22.05
2021-10-01,gold,1758.40
2021-10-01,silver,22.54
2021-10-04,gold,1767.60
2021-10-04,silver,22.64
2021-10-05,gold,1760.90
2021-10-05,silver,22.61
2021-10-06,gold,1761.80
2021-10-06,silver,22.53
2021-10-07,gold,1759.20
2021-10-07,silver,22.66
2021-10-08,gold,1757.40
2021-10-08,silver,22.70
2021-10-11,gold,1755.70
2021-10-11,silver,22.66
2021-10-12,gold,1759.30
2021-10-12,silver,22.51
2021-10-13,gold,1794.70
2021-10-13,silver,23.17
2021-10-14,gold,1797.90
2021-10-14,silver,23.48
2021-10-15,gold,1768.30
2021-10-15,silver,23.35
2021-10-18,gold,1765.70
2021-10-18,silver,23.26
2021-10-19,gold,1770.50
2021-10-19,silver,23.88
2021-10-20,gold,1784.90
2021-10-20,silver,24.45
2021-10-21,gold,1781.90
2021-10-21,silver,24.17
2021-10-22,gold,1796.30
2021-10-22,silver,24.45
2021-10-25,gold,1806.80
2021-10-25,silver,24.59
2021-10-26,gold,1793.40
2021-10-26,silver,24.09
2021-10-27,gold,1798.80
2021-10-27,silver,24.19
2021-10-28,gold,1802.60
2021-10-28,silver,24.12
2021-10-29,gold,1783.90
2021-10-29,silver,23.95
2021-11-01,gold,1795.80
2021-11-01,silver,24.07
2021-11-02,gold,1789.40
2021-11-02,silver,23.51
2021-11-03,gold,1763.90
2021-11-03,silver,23.23
2021-11-04,gold,1793.50
2021-11-04,silver,23.91
2021-11-05,gold,1816.80
2021-11-05,silver,24.16
2021-11-08,gold,1828.00
2021-11-08,silver,24.54
2021-11-09,gold,1830.80
2021-11-09,silver,24.32
2021-11-10,gold,1848.30
2021-11-10,silver,24.77
2021-11-11,gold,1863.90
2021-11-11,silver,25.30
2021-11-12,gold,1868.50
2021-11-12,silver,25.35
2021-11-15,gold,1866.60
2021-11-15,silver,25.11
2021-11-16,gold,1854.10
2021-11-16,silver,25.00
2021-11-17,gold,1872.80
2021-11-17,silver,25.22
2021-11-18,gold,1864.00
2021-11-18,silver,24.96
2021-11-19,gold,1854.30
2021-11-19,silver,24.84
2021-11-22,gold,1809.10
2021-11-22,silver,24.36
2021-11-23,gold,1786.30
2021-11-23,silver,23.49
2021-11-24,gold,1786.90
2021-11-24,silver,23.54
2021-11-25,gold,133224.33
2021-11-26,gold,1788.10
2021-11-26,silver,23.14
2021-11-29,gold,1785.20
2021-11-29,silver,22.85
2021-11-30,gold,1776.50
2021-11-30,silver,22.82
2021-12-01,gold,1784.30
2021-12-01,silver,22.34
2021-12-02,gold,1762.70
2021-12-02,silver,22.32
2021-12-03,gold,1783.90
2021-12-03,silver,22.48
2021-12-06,gold,1779.50
2021-12-06,silver,22.26
2021-12-07,gold,1784.70
2021-12-07,silver,22.52
2021-12-08,gold,1785.50
2021-12-08,silver,22.43
2021-12-09,gold,1776.70
2021-12-09,silver,22.01
2021-12-10,gold,1784.80
2021-12-10,silver,22.20
2021-12-13,gold,1788.30
2021-12-13,silver,22.33
2021-12-14,gold,1772.30
2021-12-14,silver,21.92
2021-12-15,gold,1764.50
2021-12-15,silver,21.55
2021-12-16,gold,1798.20
2021-12-16,silver,22.48
2021-12-17,gold,1804.90
2021-12-17,silver,22.53
2021-12-20,gold,1794.60
2021-12-20,silver,22.29
2021-12-21,gold,1788.70
2021-12-21,silver,22.53
2021-12-22,gold,1802.20
2021-12-22,silver,22.82
2021-12-23,gold,1811.70
2021-12-23,silver,22.94
2021-12-24,gold,135430.98
2021-12-27,gold,1808.80
2021-12-27,silver,22.99
2021-12-28,gold,1810.90
2021-12-28,silver,23.12
2021-12-29,gold,1805.80
2021-12-29,silver,22.86
2021-12-30,gold,1814.10
2021-12-30,silver,23.06
2021-12-31,gold,1828.60
2021-12-31,silver,23.35
2022-01-03,gold,1800.10
2022-01-03,silver,22.81
2022-01-04,gold,1814.60
2022-01-04,silver,23.06
2022-01-05,gold,1825.10
2022-01-05,silver,23.17
2022-01-06,gold,1789.20
2022-01-06,silver,22.19
2022-01-07,gold,1797.40
2022-01-07,silver,22.41
2022-01-10,gold,1798.80
2022-01-10,silver,22.46
2022-01-11,gold,1818.50
2022-01-11,silver,22.81
2022-01-12,gold,1827.30
2022-01-12,silver,23.21
2022-01-13,gold,1821.40
2022-01-13,silver,23.16
2022-01-14,gold,1816.50
2022-01-14,silver,22.92
2022-01-17,gold,135028.81
2022-01-18,gold,1812.40
2022-01-18,silver,23.49
2022-01-19,gold,1845.50
2022-01-19,silver,24.23
2022-01-20,gold,1844.90
2022-01-20,silver,24.72
2022-01-21,gold,1834.10
2022-01-21,silver,24.32
2022-01-24,gold,1844.20
2022-01-24,silver,23.80
2022-01-25,gold,1855.00
2022-01-25,silver,23.90
2022-01-26,gold,1832.00
2022-01-26,silver,23.81
2022-01-27,gold,1795.00
2022-01-27,silver,22.68
2022-01-28,gold,1786.60
2022-01-28,silver,22.30
2022-01-31,gold,1796.40
2022-01-31,silver,22.39
2022-02-01,gold,1801.50
2022-02-01,silver,22.59
2022-02-02,gold,1810.30
2022-02-02,silver,22.71
2022-02-03,gold,1804.10
2022-02-03,silver,22.38
2022-02-04,gold,1807.80
2022-02-04,silver,22.48
2022-02-07,gold,1821.80
2022-02-07,silver,23.08
2022-02-08,gold,1827.90
2022-02-08,silver,23.20
2022-02-09,gold,1836.60
2022-02-09,silver,23.34
2022-02-10,gold,1837.40
2022-02-10,silver,23.52
2022-02-11,gold,1842.10
2022-02-11,silver,23.37
2022-02-14,gold,1869.40
2022-02-14,silver,23.90
2022-02-15,gold,1856.20
2022-02-15,silver,23.39
2022-02-16,gold,1871.50
2022-02-16,silver,23.65
2022-02-17,gold,1902.00
2022-02-17,silver,23.92
2022-02-18,gold,1899.80
2022-02-18,silver,24.04
2022-02-21,gold,141163.05
2022-02-22,gold,1907.40
2022-02-22,silver,24.36
2022-02-23,gold,1910.40
2022-02-23,silver,24.60
2022-02-24,gold,1926.30
2022-02-24,silver,24.71
2022-02-25,gold,1887.60
2022-02-25,silver,24.02
2022-02-28,gold,1900.70
2022-02-28,silver,24.37
2022-03-01,gold,1943.80
2022-03-01,silver,25.54
2022-03-02,gold,1922.30
2022-03-02,silver,25.19
2022-03-03,gold,1935.90
2022-03-03,silver,25.21
2022-03-04,gold,1966.60
2022-03-04,silver,25.79
2022-03-07,gold,1995.90
2022-03-07,silver,25.72
2022-03-08,gold,2043.30
2022-03-08,silver,26.89
2022-03-09,gold,1988.20
2022-03-09,silver,25.82
2022-03-10,gold,2000.40
2022-03-10,silver,26.26
2022-03-11,gold,1985.00
2022-03-11,silver,26.16
2022-03-14,gold,1960.80
2022-03-14,silver,25.30
2022-03-15,gold,1929.70
2022-03-15,silver,25.16
2022-03-16,gold,1909.20
2022-03-16,silver,24.71
2022-03-17,gold,1948.20
2022-03-17,silver,25.62
2022-03-18,gold,1933.90
2022-03-18,silver,25.09
2022-03-21,gold,1934.80
2022-03-21,silver,25.31
2022-03-22,gold,1926.70
2022-03-22,silver,24.90
2022-03-23,gold,1942.60
2022-03-23,silver,25.19
2022-03-24,gold,1967.70
2022-03-24,silver,25.92
2022-03-25,gold,1959.80
2022-03-25,silver,25.61
2022-03-28,gold,1944.70
2022-03-28,silver,25.20
2022-03-29,gold,1918.00
2022-03-29,silver,24.74
2022-03-30,gold,1939.00
2022-03-30,silver,25.11
2022-03-31,gold,1954.00
2022-03-31,silver,25.13
2022-04-01,gold,1923.70
2022-04-01,silver,24.65
2022-04-04,gold,1934.00
2022-04-04,silver,24.59
2022-04-05,gold,1927.50
2022-04-05,silver,24.53
2022-04-06,gold,1923.10
2022-04-06,silver,24.46
2022-04-07,gold,1937.80
2022-04-07,silver,24.73
2022-04-08,gold,1945.60
2022-04-08,silver,24.82
2022-04-11,gold,1948.20
2022-04-11,silver,24.99
2022-04-12,gold,1976.10
2022-04-12,silver,25.73
2022-04-13,gold,1984.70
2022-04-13,silver,26.03
2022-04-14,gold,1974.90
2022-04-14,silver,25.70
2022-04-15,gold,149374.07
2022-04-18,gold,1986.40
2022-04-18,silver,26.24
2022-04-19,gold,1959.00
2022-04-19,silver,25.48
2022-04-20,gold,1955.60
2022-04-20,silver,25.36
2022-04-21,gold,1948.20
2022-04-21,silver,24.70
2022-04-22,gold,1934.30
2022-04-22,silver,24.32
2022-04-25,gold,1896.00
2022-04-25,silver,23.73
2022-04-26,gold,1904.10
2022-04-26,silver,23.59
2022-04-27,gold,1888.70
2022-04-27,silver,23.50
2022-04-28,gold,1891.30
2022-04-28,silver,23.18
2022-04-29,gold,1911.70
2022-04-29,silver,23.09
2022-05-02,gold,1863.60
2022-05-02,silver,22.58
2022-05-03,gold,1870.60
2022-05-03,silver,22.66
2022-05-04,gold,1868.80
2022-05-04,silver,22.40
2022-05-05,gold,1875.70
2022-05-05,silver,22.44
2022-05-06,gold,1882.80
2022-05-06,silver,22.37
2022-05-09,gold,1858.60
2022-05-09,silver,21.82
2022-05-10,gold,1841.00
2022-05-10,silver,21.42
2022-05-11,gold,1853.70
2022-05-11,silver,21.57
2022-05-12,gold,1824.60
2022-05-12,silver,20.77
2022-05-13,gold,1808.20
2022-05-13,silver,21.00
2022-05-16,gold,1814.00
2022-05-16,silver,21.55
2022-05-17,gold,1818.90
2022-05-17,silver,21.75
2022-05-18,gold,1822.40
2022-05-18,silver,21.54
2022-05-19,gold,1847.80
2022-05-19,silver,21.91
2022-05-20,gold,1848.40
2022-05-20,silver,21.67
2022-05-23,gold,1853.90
2022-05-23,silver,21.72
2022-05-24,gold,1871.40
2022-05-24,silver,22.06
2022-05-25,gold,1852.50
2022-05-25,silver,21.87
2022-05-26,gold,1853.90
2022-05-26,silver,21.96
2022-05-27,gold,1857.30
2022-05-27,silver,22.10
2022-05-30,gold,143834.86
2022-05-31,gold,1848.40
2022-05-31,silver,21.69
2022-06-01,gold,1848.70
2022-06-01,silver,21.91
2022-06-02,gold,1871.40
2022-06-02,silver,22.27
2022-06-03,gold,1850.20
2022-06-03,silver,21.91
2022-06-06,gold,1843.70
2022-06-06,silver,22.09
2022-06-07,gold,1852.10
2022-06-07,silver,22.18
2022-06-08,gold,1856.50
2022-06-08,silver,22.09
2022-06-09,gold,1852.80
2022-06-09,silver,21.82
2022-06-10,gold,1875.50
2022-06-10,silver,21.93
2022-06-13,gold,1831.80
2022-06-13,silver,21.25
2022-06-14,gold,1813.50
2022-06-14,silver,20.95
2022-06-15,gold,1819.60
2022-06-15,silver,21.50
2022-06-16,gold,1849.90
2022-06-16,silver,21.98
2022-06-17,gold,1840.60
2022-06-17,silver,21.68
2022-06-20,gold,143116.24
2022-06-21,gold,1838.80
2022-06-21,silver,21.85
2022-06-22,gold,1838.40
2022-06-22,silver,21.50
2022-06-23,gold,1829.80
2022-06-23,silver,21.09
2022-06-24,gold,1830.30
2022-06-24,silver,21.16
2022-06-27,gold,1824.80
2022-06-27,silver,21.19
2022-06-28,gold,1821.20
2022-06-28,silver,20.87
2022-06-29,gold,1817.50
2022-06-29,silver,20.74
2022-06-30,gold,1807.30
2022-06-30,silver,20.35
2022-07-01,gold,1801.50
2022-07-01,silver,19.67
2022-07-04,gold,142778.61
2022-07-05,gold,1763.90
2022-07-05,silver,19.12
2022-07-06,gold,1736.50
2022-07-06,silver,19.16
2022-07-07,gold,1739.70
2022-07-07,silver,19.19
2022-07-08,gold,1742.30
2022-07-08,silver,19.24
2022-07-11,gold,1731.70
2022-07-11,silver,19.13
2022-07-12,gold,1724.80
2022-07-12,silver,18.96
2022-07-13,gold,1735.50
2022-07-13,silver,19.19
2022-07-14,gold,1705.80
2022-07-14,silver,18.23
2022-07-15,gold,1703.60
2022-07-15,silver,18.59
2022-07-18,gold,1710.20
2022-07-18,silver,18.84
2022-07-19,gold,1728.10
2022-07-19,silver,18.71
2022-07-20,gold,1717.70
2022-07-20,silver,18.67
2022-07-21,gold,1731.30
2022-07-21,silver,18.72
2022-07-22,gold,1745.30
2022-07-22,silver,18.62
2022-07-25,gold,1737.10
2022-07-25,silver,18.33
2022-07-26,gold,1735.70
2022-07-26,silver,18.54
2022-07-27,gold,1737.50
2022-07-27,silver,18.60
2022-07-28,gold,1769.20
2022-07-28,silver,19.87
2022-07-29,gold,1781.80
2022-07-29,silver,20.20
2022-08-01,gold,1787.70
2022-08-01,silver,20.36
2022-08-02,gold,1789.70
2022-08-02,silver,20.14
2022-08-03,gold,1776.40
2022-08-03,silver,19.89
2022-08-04,gold,1806.90
2022-08-04,silver,20.12
2022-08-05,gold,1791.20
2022-08-05,silver,19.84
2022-08-08,gold,1805.20
2022-08-08,silver,20.61
2022-08-09,gold,1812.30
2022-08-09,silver,20.48
2022-08-10,gold,1813.70
2022-08-10,silver,20.74
2022-08-11,gold,1807.20
2022-08-11,silver,20.35
2022-08-12,gold,1815.50
2022-08-12,silver,20.70
2022-08-15,gold,1798.10
2022-08-15,silver,20.41
2022-08-16,gold,1789.70
2022-08-16,silver,20.20
2022-08-17,gold,1776.70
2022-08-17,silver,19.84
2022-08-18,gold,1771.20
2022-08-18,silver,19.57
2022-08-19,gold,1762.90
2022-08-19,silver,19.18
2022-08-22,gold,1748.40
2022-08-22,silver,18.98
2022-08-23,gold,1761.20
2022-08-23,silver,19.12
2022-08-24,gold,1761.50
2022-08-24,silver,18.97
2022-08-25,gold,1771.40
2022-08-25,silver,19.16
2022-08-26,gold,1749.80
2022-08-26,silver,18.82
2022-08-29,gold,1749.70
2022-08-29,silver,18.67
2022-08-30,gold,1736.30
2022-08-30,silver,18.29
2022-08-31,gold,1726.20
2022-08-31,silver,17.88
2022-09-01,gold,1709.30
2022-09-01,silver,17.67
2022-09-02,gold,1722.60
2022-09-02,silver,17.88
2022-09-05,gold,136502.16
2022-09-06,gold,1712.90
2022-09-06,silver,17.91
2022-09-07,gold,1727.80
2022-09-07,silver,18.26
2022-09-08,gold,1720.20
2022-09-08,silver,18.44
2022-09-09,gold,1728.60
2022-09-09,silver,18.77
2022-09-12,gold,1740.60
2022-09-12,silver,19.86
2022-09-13,gold,1717.40
2022-09-13,silver,19.49
2022-09-14,gold,1709.10
2022-09-14,silver,19.57
2022-09-15,gold,1677.30
2022-09-15,silver,19.27
2022-09-16,gold,1683.50
2022-09-16,silver,19.38
2022-09-19,gold,1678.20
2022-09-19,silver,19.36
2022-09-20,gold,1671.10
2022-09-20,silver,19.18
2022-09-21,gold,1675.70
2022-09-21,silver,19.48
2022-09-22,gold,1681.10
2022-09-22,silver,19.62
2022-09-23,gold,1655.60
2022-09-23,silver,18.91
2022-09-26,gold,1633.40
2022-09-26,silver,18.48
2022-09-27,gold,1636.20
2022-09-27,silver,18.34
2022-09-28,gold,1670.00
2022-09-28,silver,18.88
2022-09-29,gold,1668.60
2022-09-29,silver,18.71
2022-09-30,gold,1672.00
2022-09-30,silver,19.04
2022-10-03,gold,1702.00
2022-10-03,silver,20.59
2022-10-04,gold,1730.50
2022-10-04,silver,21.10
2022-10-05,gold,1720.80
2022-10-05,silver,20.54
2022-10-06,gold,1720.90
2022-10-06,silver,20.66
2022-10-07,gold,1709.30
2022-10-07,silver,20.25
2022-10-10,gold,1675.20
2022-10-10,silver,19.61
2022-10-11,gold,1686.00
2022-10-11,silver,19.49
2022-10-12,gold,1677.50
2022-10-12,silver,18.94
2022-10-13,gold,1672.90
2022-10-13,silver,18.92
2022-10-14,gold,1672.90
2022-10-14,silver,18.07
2022-10-17,gold,1664.00
2022-10-17,silver,18.72
2022-10-18,gold,1655.50
2022-10-18,silver,18.60
2022-10-19,gold,1634.20
2022-10-19,silver,18.36
2022-10-20,gold,1636.80
2022-10-20,silver,18.69
2022-10-21,gold,1656.30
2022-10-21,silver,19.07
2022-10-24,gold,1654.10
2022-10-24,silver,19.19
2022-10-25,gold,1658.00
2022-10-25,silver,19.35
2022-10-26,gold,1669.20
2022-10-26,silver,19.49
2022-10-27,gold,1668.80
2022-10-27,silver,19.49
2022-10-28,gold,1648.30
2022-10-28,silver,19.15
2022-10-31,gold,1648.30
2022-10-31,silver,19.12
2022-11-01,gold,1636.40
2022-11-01,silver,19.67
2022-11-02,gold,1651.00
2022-11-02,silver,19.59
2022-11-03,gold,1637.70
2022-11-03,silver,19.43
2022-11-04,gold,1685.70
2022-11-04,silver,20.78
2022-11-07,gold,1680.50
2022-11-07,silver,20.92
2022-11-08,gold,1716.00
2022-11-08,silver,21.50
2022-11-09,gold,1715.80
2022-11-09,silver,21.33
2022-11-10,gold,1753.70
2022-11-10,silver,21.70
2022-11-11,gold,1774.20
2022-11-11,silver,21.67
2022-11-14,gold,1774.20
2022-11-14,silver,22.11
2022-11-15,gold,1774.70
2022-11-15,silver,21.52
2022-11-16,gold,1775.80
2022-11-16,silver,21.52
2022-11-17,gold,1763.00
2022-11-17,silver,21.16
2022-11-18,gold,1769.00
2022-11-18,silver,21.20
2022-11-21,gold,1754.60
2022-11-21,silver,21.06
2022-11-22,gold,1754.80
2022-11-22,silver,21.23
2022-11-23,gold,1760.40
2022-11-23,silver,21.53
2022-11-24,gold,143414.25
2022-11-25,gold,1768.80
2022-11-25,silver,21.61
2022-11-28,gold,1755.30
2022-11-28,silver,21.12
2022-11-29,gold,1763.70
2022-11-29,silver,21.44
2022-11-30,gold,1759.90
2022-11-30,silver,21.78
2022-12-01,gold,1815.20
2022-12-01,silver,22.84
2022-12-02,gold,1809.60
2022-12-02,silver,23.25
2022-12-05,gold,1781.30
2022-12-05,silver,22.42
2022-12-06,gold,1782.40
2022-12-06,silver,22.34
2022-12-07,gold,1798.00
2022-12-07,silver,22.92
2022-12-08,gold,1801.50
2022-12-08,silver,23.25
2022-12-09,gold,1810.70
2022-12-09,silver,23.72
2022-12-12,gold,1792.30
2022-12-12,silver,23.40
2022-12-13,gold,1825.50
2022-12-13,silver,23.99
2022-12-14,gold,1818.70
2022-12-14,silver,24.14
2022-12-15,gold,1787.80
2022-12-15,silver,23.30
2022-12-16,gold,1800.20
2022-12-16,silver,23.33
2022-12-19,gold,1797.70
2022-12-19,silver,23.20
2022-12-20,gold,1825.40
2022-12-20,silver,24.27
2022-12-21,gold,1823.90
2022-12-21,silver,24.19
2022-12-22,gold,1795.30
2022-12-22,silver,23.62
2022-12-23,gold,1804.20
2022-12-23,silver,23.92
2022-12-26,gold,149387.15
2022-12-27,gold,1823.10
2022-12-27,silver,24.22
2022-12-28,gold,1815.80
2022-12-28,silver,23.84
2022-12-29,gold,1826.00
2022-12-29,silver,24.25
2022-12-30,gold,1826.20
2022-12-30,silver,24.04
2023-01-02,gold,150235.63
2023-01-03,gold,1846.10
2023-01-03,silver,24.24
2023-01-04,gold,1859.00
2023-01-04,silver,23.96
2023-01-05,gold,1840.60
2023-01-05,silver,23.42
2023-01-06,gold,1869.70
2023-01-06,silver,23.98
2023-01-09,gold,1877.80
2023-01-09,silver,23.87
2023-01-10,gold,1876.50
2023-01-10,silver,23.66
2023-01-11,gold,1878.90
2023-01-11,silver,23.48
2023-01-12,gold,1898.80
2023-01-12,silver,24.00
2023-01-13,gold,1921.70
2023-01-13,silver,24.37
2023-01-16,gold,156547.78
2023-01-17,gold,1909.90
2023-01-17,silver,24.07
2023-01-18,gold,1907.00
2023-01-18,silver,23.65
2023-01-19,gold,1923.90
2023-01-19,silver,23.87
2023-01-20,gold,1928.20
2023-01-20,silver,23.93
2023-01-23,gold,1945.40
2023-01-23,silver,23.55
2023-01-24,gold,1952.20
2023-01-24,silver,23.75
2023-01-25,gold,1959.40
2023-01-25,silver,23.94
2023-01-26,gold,1946.70
2023-01-26,silver,24.02
2023-01-27,gold,1945.60
2023-01-27,silver,23.62
2023-01-30,gold,1939.20
2023-01-30,silver,23.73
2023-01-31,gold,1945.30
2023-01-31,silver,23.84
2023-02-01,gold,1942.80
2023-02-01,silver,23.61
2023-02-02,gold,1930.80
2023-02-02,silver,23.61
2023-02-03,gold,1876.60
2023-02-03,silver,22.41
2023-02-06,gold,1879.50
2023-02-06,silver,22.24
2023-02-07,gold,1884.80
2023-02-07,silver,22.18
2023-02-08,gold,1890.70
2023-02-08,silver,22.42
2023-02-09,gold,1878.50
2023-02-09,silver,22.14
2023-02-10,gold,1874.50
2023-02-10,silver,22.07
2023-02-13,gold,1863.50
2023-02-13,silver,21.85
2023-02-14,gold,1865.40
2023-02-14,silver,21.87
2023-02-15,gold,1845.30
2023-02-15,silver,21.57
2023-02-16,gold,1851.80
2023-02-16,silver,21.71
2023-02-17,gold,1850.20
2023-02-17,silver,21.71
2023-02-20,gold,152685.50
2023-02-21,gold,1842.50
2023-02-21,silver,22.03
2023-02-22,gold,1841.50
2023-02-22,silver,21.82
2023-02-23,gold,1826.80
2023-02-23,silver,21.44
2023-02-24,gold,1817.10
2023-02-24,silver,20.94
2023-02-27,gold,1824.90
2023-02-27,silver,20.79
2023-02-28,gold,1836.70
2023-02-28,silver,21.07
2023-03-01,gold,1845.40
2023-03-01,silver,21.09
2023-03-02,gold,1840.50
2023-03-02,silver,20.90
2023-03-03,gold,1854.60
2023-03-03,silver,21.24
2023-03-06,gold,1852.40
2023-03-06,silver,21.14
2023-03-07,gold,1820.00
2023-03-07,silver,20.20
2023-03-08,gold,1818.60
2023-03-08,silver,20.15
2023-03-09,gold,1834.60
2023-03-09,silver,20.16
2023-03-10,gold,1867.20
2023-03-10,silver,20.51
2023-03-13,gold,1916.50
2023-03-13,silver,21.92
2023-03-14,gold,1910.90
2023-03-14,silver,22.04
2023-03-15,gold,1931.30
2023-03-15,silver,21.88
2023-03-16,gold,1923.00
2023-03-16,silver,21.69
2023-03-17,gold,1990.20
2023-03-17,silver,22.46
2023-03-20,gold,1999.70
2023-03-20,silver,22.65
2023-03-21,gold,1941.10
2023-03-21,silver,22.43
2023-03-22,gold,1949.60
2023-03-22,silver,22.79
2023-03-23,gold,1995.90
2023-03-23,silver,23.26
2023-03-24,gold,1983.80
2023-03-24,silver,23.34
2023-03-27,gold,1953.80
2023-03-27,silver,23.14
2023-03-28,gold,1973.50
2023-03-28,silver,23.42
2023-03-29,gold,1966.90
2023-03-29,silver,23.47
2023-03-30,gold,1980.30
2023-03-30,silver,23.99
2023-03-31,gold,1969.00
2023-03-31,silver,24.16
2023-04-03,gold,1983.90
2023-04-03,silver,24.02
2023-04-04,gold,2022.20
2023-04-04,silver,25.10
2023-04-05,gold,2020.90
2023-04-05,silver,25.04
2023-04-06,gold,2026.40
2023-04-06,silver,25.09
2023-04-07,gold,163845.71
2023-04-10,gold,2003.80
2023-04-10,silver,24.91
2023-04-11,gold,2019.00
2023-04-11,silver,25.19
2023-04-12,gold,2024.90
2023-04-12,silver,25.46
2023-04-13,gold,2055.30
2023-04-13,silver,25.93
2023-04-14,gold,2015.80
2023-04-14,silver,25.46
2023-04-17,gold,2007.00
2023-04-17,silver,25.09
2023-04-18,gold,2019.70
2023-04-18,silver,25.26
2023-04-19,gold,2007.30
2023-04-19,silver,25.37
2023-04-20,gold,2019.10
2023-04-20,silver,25.59
2023-04-21,gold,1990.50
2023-04-21,silver,25.28
2023-04-24,gold,1999.80
2023-04-24,silver,25.52
2023-04-25,gold,2004.50
2023-04-25,silver,25.09
2023-04-26,gold,1996.00
2023-04-26,silver,25.07
2023-04-27,gold,1999.00
2023-04-27,silver,25.21
2023-04-28,gold,1999.10
2023-04-28,silver,25.23
2023-05-01,gold,1992.20
2023-05-01,silver,25.23
2023-05-02,gold,2023.30
2023-05-02,silver,25.62
2023-05-03,gold,2037.00
2023-05-03,silver,25.68
2023-05-04,gold,2055.70
2023-05-04,silver,26.23
2023-05-05,gold,2024.80
2023-05-05,silver,25.93
2023-05-08,gold,2033.20
2023-05-08,silver,25.83
2023-05-09,gold,2042.90
2023-05-09,silver,25.90
2023-05-10,gold,2037.10
2023-05-10,silver,25.66
2023-05-11,gold,2020.50
2023-05-11,silver,24.42
2023-05-12,gold,2019.80
2023-05-12,silver,24.15
2023-05-15,gold,2022.70
2023-05-15,silver,24.29
2023-05-16,gold,1993.00
2023-05-16,silver,23.89
2023-05-17,gold,1984.90
2023-05-17,silver,23.90
2023-05-18,gold,1959.80
2023-05-18,silver,23.63
2023-05-19,gold,1981.60
2023-05-19,silver,24.06
2023-05-22,gold,1977.20
2023-05-22,silver,23.86
2023-05-23,gold,1974.50
2023-05-23,silver,23.62
2023-05-24,gold,1964.60
2023-05-24,silver,23.24
2023-05-25,gold,1943.70
2023-05-25,silver,22.91
2023-05-26,gold,1944.30
2023-05-26,silver,23.36
2023-05-29,gold,160889.72
2023-05-30,gold,1958.00
2023-05-30,silver,23.24
2023-05-31,gold,1963.90
2023-05-31,silver,23.59
2023-06-01,gold,1978.00
2023-06-01,silver,23.99
2023-06-02,gold,1952.40
2023-06-02,silver,23.75
2023-06-05,gold,1958.00
2023-06-05,silver,23.64
2023-06-06,gold,1965.50
2023-06-06,silver,23.67
2023-06-07,gold,1958.40
2023-06-07,silver,23.53
2023-06-08,gold,1978.60
2023-06-08,silver,24.35
2023-06-09,gold,1977.20
2023-06-09,silver,24.41
2023-06-12,gold,1969.70
2023-06-12,silver,24.06
2023-06-13,gold,1958.60
2023-06-13,silver,23.82
2023-06-14,gold,1968.90
2023-06-14,silver,24.11
2023-06-15,gold,1970.70
2023-06-15,silver,23.95
2023-06-16,gold,1971.20
2023-06-16,silver,24.13
2023-06-19,gold,159843.09
2023-06-20,gold,1947.70
2023-06-20,silver,23.45
2023-06-21,gold,1944.90
2023-06-21,silver,23.02
2023-06-22,gold,1923.70
2023-06-22,silver,22.67
2023-06-23,gold,1929.60
2023-06-23,silver,22.55
2023-06-26,gold,1933.80
2023-06-26,silver,23.02
2023-06-27,gold,1923.80
2023-06-27,silver,23.15
2023-06-28,gold,1922.20
2023-06-28,silver,23.08
2023-06-29,gold,1917.90
2023-06-29,silver,22.80
2023-06-30,gold,1929.40
2023-06-30,silver,23.02
2023-07-03,gold,1929.50
2023-07-03,silver,23.11
2023-07-04,gold,158081.48
2023-07-05,gold,1927.10
2023-07-05,silver,23.40
2023-07-06,gold,1915.40
2023-07-06,silver,22.89
2023-07-07,gold,1932.50
2023-07-07,silver,23.29
2023-07-10,gold,1931.00
2023-07-10,silver,23.34
2023-07-11,gold,1937.10
2023-07-11,silver,23.28
2023-07-12,gold,1961.70
2023-07-12,silver,24.31
2023-07-13,gold,1963.80
2023-07-13,silver,24.95
2023-07-14,gold,1964.40
2023-07-14,silver,25.19
2023-07-17,gold,1956.40
2023-07-17,silver,25.02
2023-07-18,gold,1980.80
2023-07-18,silver,25.26
2023-07-19,gold,1980.40
2023-07-19,silver,25.39
2023-07-20,gold,1970.90
2023-07-20,silver,24.96
2023-07-21,gold,1966.60
2023-07-21,silver,24.86
2023-07-24,gold,1962.20
2023-07-24,silver,24.58
2023-07-25,gold,1963.70
2023-07-25,silver,24.82
2023-07-26,gold,1970.10
2023-07-26,silver,24.97
2023-07-27,gold,1945.70
2023-07-27,silver,24.37
2023-07-28,gold,1960.40
2023-07-28,silver,24.50
2023-07-31,gold,1970.50
2023-07-31,silver,24.97
2023-08-01,gold,1940.70
2023-08-01,silver,24.33
2023-08-02,gold,1937.40
2023-08-02,silver,23.87
2023-08-03,gold,1932.00
2023-08-03,silver,23.70
2023-08-04,gold,1939.60
2023-08-04,silver,23.72
2023-08-07,gold,1970.00
2023-08-07,silver,23.23
2023-08-08,gold,1959.90
2023-08-08,silver,22.81
2023-08-09,gold,1950.60
2023-08-09,silver,22.73
2023-08-10,gold,1948.90
2023-08-10,silver,22.82
2023-08-11,gold,1946.60
2023-08-11,silver,22.74
2023-08-14,gold,1944.00
2023-08-14,silver,22.71
2023-08-15,gold,1935.20
2023-08-15,silver,22.66
2023-08-16,gold,1928.30
2023-08-16,silver,22.86
2023-08-17,gold,1915.20
2023-08-17,silver,23.04
2023-08-18,gold,157404.34
2023-08-21,gold,156933.14
2023-08-22,gold,157196.67
2023-08-23,gold,158230.00
2023-08-24,gold,158336.83
2023-08-25,gold,158177.20
2023-08-28,gold,158177.20
2023-08-29,gold,159427.46
2023-08-30,gold,160892.17
2023-08-31,gold,160619.28
2023-09-01,gold,160452.24
2023-09-04,gold,160260.88
2023-09-05,gold,159967.42
2023-09-06,gold,159996.25
2023-09-07,gold,159532.67
2023-09-08,gold,160009.33
2023-09-11,gold,159482.11
2023-09-12,gold,158162.49
2023-09-13,gold,158654.02
2023-09-14,gold,157930.64
2023-09-15,gold,160249.32
2023-09-18,gold,160175.62
2023-09-19,gold,160998.39
2023-09-20,gold,161064.85
2023-09-21,gold,159200.27
2023-09-22,gold,159917.63
2023-09-25,gold,159993.53
2023-09-26,gold,158862.03
2023-09-27,gold,157099.98
2023-09-28,gold,155765.07
2023-09-29,gold,155445.84
2023-10-02,gold,152333.60
2023-10-03,gold,151684.52
2023-10-04,gold,151375.75
2023-10-05,gold,151431.00
2023-10-06,gold,151268.44
2024-01-23,gold,2025.80
2024-01-23,silver,22.35
2024-01-24,gold,2016.00
2024-01-24,silver,22.77
2024-01-25,gold,2017.80
2024-01-25,silver,22.81
2024-01-26,gold,2017.30
2024-01-26,silver,22.76
2024-01-29,gold,2025.40
2024-01-29,silver,23.13
2024-01-30,gold,2041.10
2024-01-30,silver,23.23
2024-01-31,gold,2057.40
2024-01-31,silver,23.17
2024-02-01,gold,2061.20
2024-02-01,silver,23.24
2024-02-02,gold,2043.90
2024-02-02,silver,22.80
2024-02-05,gold,2032.90
2024-02-05,silver,22.42
2024-02-06,gold,2041.50
2024-02-06,silver,22.48
2024-02-07,gold,2041.80
2024-02-07,silver,22.36
2024-02-08,gold,2038.10
2024-02-08,silver,22.64
2024-02-09,gold,2028.80
2024-02-09,silver,22.59
2024-02-12,gold,2023.40
2024-02-12,silver,22.77
2024-02-13,gold,1997.70
2024-02-13,silver,22.15
2024-02-14,gold,1994.70
2024-02-14,silver,22.39
2024-02-15,gold,2005.30
2024-02-15,silver,22.95
2024-02-16,gold,2014.40
2024-02-16,silver,23.48
2024-02-18,silver,23.45
2024-02-19,gold,2039.80
2024-02-19,silver,23.00
2024-02-20,gold,2030.00
2024-02-20,silver,23.14
2024-02-21,gold,2024.50
2024-02-21,silver,22.87
2024-02-22,gold,2020.80
2024-02-22,silver,22.78
2024-02-23,gold,2039.40
2024-02-23,silver,22.98
2024-02-26,gold,2029.10
2024-02-26,silver,22.53
2024-02-27,gold,2034.40
2024-02-27,silver,22.53
2024-02-28,gold,2042.70
2024-02-28,silver,22.53
2024-02-29,gold,2054.70
2024-02-29,silver,22.78
2024-03-01,gold,2095.70
2024-03-01,silver,23.25
2024-03-04,gold,2126.30
2024-03-04,silver,23.87
2024-03-05,gold,2141.90
2024-03-05,silver,23.86
2024-03-06,gold,2158.20
2024-03-06,silver,24.37
2024-03-07,gold,2165.20
2024-03-07,silver,24.46
2024-03-08,gold,2185.50
2024-03-08,silver,24.42
2024-03-11,gold,2188.60
2024-03-11,silver,24.59
2024-03-12,gold,2166.10
2024-03-12,silver,24.27
2024-03-13,gold,2180.80
2024-03-13,silver,25.03
2024-03-14,gold,2167.50
2024-03-14,silver,24.93
2024-03-15,gold,2161.50
2024-03-15,silver,25.26
2024-03-18,gold,2164.30
2024-03-18,silver,25.14
2024-03-19,gold,2159.70
2024-03-19,silver,25.01
2024-03-20,gold,2161.00
2024-03-20,silver,24.98
2024-03-21,gold,2184.70
2024-03-21,silver,24.88
2024-03-22,gold,2160.00
2024-03-22,silver,24.72
2024-03-25,gold,2176.40
2024-03-25,silver,24.76
2024-03-26,gold,2177.20
2024-03-26,silver,24.50
2024-03-27,gold,2201.40
2024-03-27,silver,24.75
2024-03-28,gold,2227.10
2024-03-28,silver,24.92
2024-03-29,silver,25.10
2024-04-01,gold,2245.90
2024-04-01,silver,25.07
2024-04-02,gold,2270.30
2024-04-02,silver,25.92
2024-04-03,gold,2303.30
2024-04-03,silver,27.06
2024-04-04,gold,2296.90
2024-04-04,silver,27.25
2024-04-05,gold,2333.70
2024-04-05,silver,27.50
2024-04-08,gold,2339.00
2024-04-08,silver,27.81
2024-04-09,gold,2350.60
2024-04-09,silver,27.98
2024-04-10,gold,2336.60
2024-04-10,silver,28.05
2024-04-11,gold,2360.80
2024-04-11,silver,28.25
2024-04-12,gold,2362.00
2024-04-12,silver,28.33
2024-04-15,gold,2370.90
2024-04-15,silver,28.72
2024-04-16,gold,2395.50
2024-04-16,silver,28.38
2024-04-17,gold,2376.20
2024-04-17,silver,28.40
2024-04-18,gold,2385.80
2024-04-18,silver,28.38
2024-04-19,gold,2401.40
2024-04-19,silver,28.84
2024-04-22,gold,2334.60
2024-04-22,silver,27.25
2024-04-23,gold,2329.90
2024-04-23,silver,27.36
2024-04-24,gold,2326.00
2024-04-24,silver,27.35
2024-04-25,gold,2330.30
2024-04-25,silver,27.35
2024-04-26,gold,2335.00
2024-04-26,silver,27.25
2024-04-29,gold,2357.70
2024-04-29,silver,27.53
2024-04-30,gold,2302.90
2024-04-30,silver,26.53
2024-05-01,gold,2311.00
2024-05-01,silver,26.62
2024-05-02,gold,2309.60
2024-05-02,silver,26.71
2024-05-03,gold,2308.60
2024-05-03,silver,26.57
2024-05-06,gold,2331.20
2024-05-06,silver,27.49
2024-05-07,gold,2324.20
2024-05-07,silver,27.42
2024-05-08,gold,2322.30
2024-05-08,silver,27.47
2024-05-09,gold,2340.30
2024-05-09,silver,28.23
2024-05-10,gold,2375.00
2024-05-10,silver,28.37
2024-05-13,gold,2343.00
2024-05-13,silver,28.31
2024-05-14,gold,2359.90
2024-05-14,silver,28.56
2024-05-15,gold,2394.90
2024-05-15,silver,29.59
2024-05-16,gold,2385.50
2024-05-16,silver,29.74
2024-05-17,gold,2417.40
2024-05-17,silver,31.12
2024-05-20,gold,2438.50
2024-05-20,silver,32.27
2024-05-21,gold,2425.90
2024-05-21,silver,31.92
2024-05-22,gold,2392.90
2024-05-22,silver,31.35
2024-05-23,gold,2337.20
2024-05-23,silver,30.31
2024-05-24,gold,2334.50
2024-05-24,silver,30.35
2024-05-26,silver,30.71
2024-05-27,gold,2356.50
2024-05-27,silver,31.83
2024-05-28,gold,2356.50
2024-05-28,silver,31.99
2024-05-29,gold,2341.20
2024-05-29,silver,32.22
2024-05-30,gold,2354.70
2024-05-30,silver,31.53
2024-05-31,gold,2333.90
2024-05-31,silver,30.44
2024-06-03,gold,2357.50
2024-06-03,silver,30.78
2024-06-04,gold,2335.70
2024-06-04,silver,29.62
2024-06-05,gold,2363.60
2024-06-05,silver,30.07
2024-06-06,gold,2378.90
2024-06-06,silver,31.37
2024-06-07,gold,2313.20
2024-06-07,silver,29.44
2024-06-10,gold,2315.10
2024-06-10,silver,29.87
2024-06-11,gold,2314.60
2024-06-11,silver,29.23
2024-06-12,gold,2342.70
2024-06-12,silver,30.27
2024-06-13,gold,2305.90
2024-06-13,silver,29.07
2024-06-14,gold,2337.00
2024-06-14,silver,29.47
2024-06-17,gold,2316.90
2024-06-17,silver,29.39
2024-06-18,gold,2334.80
2024-06-18,silver,29.56
2024-06-19,gold,2343.00
2024-06-19,silver,29.82
2024-06-20,gold,2357.00
2024-06-20,silver,30.82
2024-06-21,gold,2319.10
2024-06-21,silver,29.61
2024-06-24,gold,2332.40
2024-06-24,silver,29.52
2024-06-25,gold,2318.40
2024-06-25,silver,28.87
2024-06-26,gold,2301.00
2024-06-26,silver,28.93
2024-06-27,gold,2336.60
2024-06-27,silver,29.09
2024-06-28,gold,2339.60
2024-06-28,silver,29.39
2024-07-01,gold,2338.90
2024-07-01,silver,29.44
2024-07-02,gold,2333.40
2024-07-02,silver,29.49
2024-07-03,gold,2369.40
2024-07-03,silver,30.67
2024-07-04,gold,2364.60
2024-07-04,silver,30.65
2024-07-05,gold,2397.70
2024-07-05,silver,31.51
2024-07-08,gold,2363.50
2024-07-08,silver,30.74
2024-07-09,gold,2367.90
2024-07-09,silver,30.88
2024-07-10,gold,2379.70
2024-07-10,silver,30.84
2024-07-11,gold,2421.90
2024-07-11,silver,31.50
2024-07-12,gold,2420.70
2024-07-12,silver,30.99
2024-07-15,gold,2428.90
2024-07-15,silver,30.76
2024-07-16,gold,2467.80
2024-07-16,silver,31.28
2024-07-17,gold,2459.90
2024-07-17,silver,30.21
2024-07-18,gold,2456.40
2024-07-18,silver,30.06
2024-07-19,gold,2399.10
2024-07-19,silver,29.13
2024-07-22,gold,2394.70
2024-07-22,silver,29.15
2024-07-23,gold,2407.30
2024-07-23,silver,29.16
2024-07-24,gold,2415.70
2024-07-24,silver,29.15
2024-07-25,gold,2353.50
2024-07-25,silver,27.82
2024-07-26,gold,2381.00
2024-07-26,silver,27.86
2024-07-29,gold,2377.80
2024-07-29,silver,27.70
2024-07-30,gold,2417.60
2024-07-30,silver,28.52
2024-07-31,gold,2438.50
2024-07-31,silver,28.94
2024-08-01,gold,2445.90
2024-08-01,silver,28.48
2024-08-02,gold,2436.20
2024-08-02,silver,28.39
2024-08-05,gold,2411.80
2024-08-05,silver,27.21
2024-08-06,gold,2398.90
2024-08-06,silver,27.22
2024-08-07,gold,2400.00
2024-08-07,silver,26.94
2024-08-08,gold,2430.30
2024-08-08,silver,27.61
2024-08-09,gold,2439.80
2024-08-09,silver,27.59
2024-08-12,gold,2469.90
2024-08-12,silver,28.01
2024-08-13,gold,2473.90
2024-08-13,silver,27.79
2024-08-14,gold,2446.20
2024-08-14,silver,27.34
2024-08-15,gold,2458.60
2024-08-15,silver,28.42
2024-08-16,gold,2503.60
2024-08-16,silver,28.85
2024-08-19,gold,2506.80
2024-08-19,silver,29.30
2024-08-20,gold,2516.10
2024-08-20,silver,29.52
2024-08-21,gold,2512.80
2024-08-21,silver,29.54
2024-08-22,gold,2482.10
2024-08-22,silver,29.05
2024-08-23,gold,2511.20
2024-08-23,silver,29.82
2024-08-26,gold,2520.20
2024-08-26,silver,30.01
2024-08-27,gold,2517.70
2024-08-27,silver,29.98
2024-08-28,gold,2502.60
2024-08-28,silver,29.20
2024-08-29,gold,2536.70
2024-08-29,silver,29.69
2024-08-30,gold,2504.50
2024-08-30,silver,28.86
2024-09-01,silver,29.25
2024-09-02,silver,28.90
2024-09-03,gold,2499.70
2024-09-03,silver,28.08
2024-09-04,gold,2502.70
2024-09-04,silver,28.28
2024-09-05,gold,2519.70
2024-09-05,silver,28.82
2024-09-06,gold,2501.50
2024-09-06,silver,27.91
2024-09-09,gold,2509.30
2024-09-09,silver,28.39
2024-09-10,gold,2519.50
2024-09-10,silver,28.35
2024-09-11,gold,2519.00
2024-09-11,silver,28.65
2024-09-12,gold,2557.10
2024-09-12,silver,29.82
2024-09-13,gold,2586.80
2024-09-13,silver,30.77
2024-09-16,gold,2585.20
2024-09-16,silver,30.83
2024-09-17,gold,2568.90
2024-09-17,silver,30.68
2024-09-18,gold,2574.90
2024-09-18,silver,30.39
2024-09-19,gold,2590.90
2024-09-19,silver,31.13
2024-09-20,gold,2622.40
2024-09-20,silver,31.21
2024-09-23,gold,2628.60
2024-09-23,silver,30.80
2024-09-24,gold,2653.00
2024-09-24,silver,32.14
2024-09-25,gold,2660.70
2024-09-25,silver,31.71
2024-09-26,gold,2670.40
2024-09-26,silver,32.04
2024-09-27,gold,2656.50
2024-09-27,silver,31.67
2024-09-30,gold,2647.90
2024-09-30,silver,31.31
2024-10-01,gold,2678.50
2024-10-01,silver,31.59
2024-10-02,gold,2658.10
2024-10-02,silver,31.77
2024-10-03,gold,2667.40
2024-10-03,silver,32.31
2024-10-04,gold,2656.00
2024-10-04,silver,32.25
2024-10-07,gold,2654.00
2024-10-07,silver,31.86
2024-10-08,gold,2623.50
2024-10-08,silver,30.46
2024-10-09,gold,2614.10
2024-10-09,silver,30.52
2024-10-10,gold,2627.40
2024-10-10,silver,31.09
2024-10-11,gold,2664.40
2024-10-11,silver,31.60
2024-10-14,gold,2653.70
2024-10-14,silver,31.16
2024-10-15,gold,2667.00
2024-10-15,silver,31.61
2024-10-16,gold,2679.30
2024-10-16,silver,31.82
2024-10-17,gold,2695.50
2024-10-17,silver,31.63
2024-10-18,gold,2718.00
2024-10-18,silver,33.08
2024-10-21,gold,2726.80
2024-10-21,silver,33.92
2024-10-22,gold,2747.40
2024-10-22,silver,34.88
2024-10-23,gold,2717.10
2024-10-23,silver,33.68
2024-10-24,gold,2736.50
2024-10-24,silver,33.63
2024-10-25,gold,2742.20
2024-10-25,silver,33.62
2024-10-28,gold,2743.60
2024-10-28,silver,33.84
2024-10-29,gold,2768.80
2024-10-29,silver,34.27
2024-10-30,gold,2800.80
2024-10-30,silver,34.08
2024-10-31,gold,2749.30
2024-10-31,silver,32.80
2024-11-01,gold,2749.20
2024-11-01,silver,32.68
2024-11-04,gold,2746.20
2024-11-04,silver,32.61
2024-11-05,gold,2749.70
2024-11-05,silver,32.77
2024-11-06,gold,2676.30
2024-11-06,silver,31.33
2024-11-07,gold,2705.80
2024-11-07,silver,31.86
2024-11-08,gold,2694.80
2024-11-08,silver,31.45
2024-11-11,gold,2617.70
2024-11-11,silver,30.61
2024-11-12,gold,2606.30
2024-11-12,silver,30.76
2024-11-13,gold,2586.50
2024-11-13,silver,30.66
2024-11-14,gold,2572.90
2024-11-14,silver,30.57
2024-11-15,gold,2570.10
2024-11-15,silver,30.43
2024-11-18,gold,2614.60
2024-11-18,silver,31.22
2024-11-19,gold,2631.00
2024-11-19,silver,31.26
2024-11-20,gold,2651.70
2024-11-20,silver,31.00
2024-11-21,gold,2674.90
2024-11-21,silver,30.94
2024-11-22,gold,2699.70
2024-11-22,silver,31.42
2026-05-01,gold,7200.00
2026-05-01,silver,85.00
2026-05-02,gold,7300.00
2026-05-02,silver,87.00
